ISO-10303-21;
HEADER;
/* Generated by software containing ST-Developer
 * from STEP Tools, Inc. (www.steptools.com) 
 */

FILE_DESCRIPTION(
/* description */ (''),
/* implementation_level */ '2;1');

FILE_NAME(
/* name */ 'Aether-Airship-model V0.4.f3d.step',
/* time_stamp */ '2026-07-30T11:48:41-05:00',
/* author */ (''),
/* organization */ (''),
/* preprocessor_version */ 'ST-DEVELOPER v20.1',
/* originating_system */ 'Autodesk Translation Framework v15.8.0.0',
/* authorisation */ '');

FILE_SCHEMA (('AUTOMOTIVE_DESIGN { 1 0 10303 214 3 1 1 }'));
ENDSEC;

DATA;
#10=MECHANICAL_DESIGN_GEOMETRIC_PRESENTATION_REPRESENTATION('',(#13,#14),
#11292);
#11=SHAPE_REPRESENTATION_RELATIONSHIP('SRR','None',#11299,#12);
#12=ADVANCED_BREP_SHAPE_REPRESENTATION('',(#15,#16),#11291);
#13=STYLED_ITEM('',(#11309),#15);
#14=STYLED_ITEM('',(#11309),#16);
#15=MANIFOLD_SOLID_BREP('Body1',#4803);
#16=MANIFOLD_SOLID_BREP('Body2',#4804);
#17=(
BOUNDED_SURFACE()
B_SPLINE_SURFACE(1,2,((#10201,#10202,#10203),(#10204,#10205,#10206)),
 .UNSPECIFIED.,.F.,.F.,.F.)
B_SPLINE_SURFACE_WITH_KNOTS((2,2),(3,3),(-1.83810468916049,-0.6796174896076),
(-3.14159265358979,-1.5707963267949),.UNSPECIFIED.)
GEOMETRIC_REPRESENTATION_ITEM()
RATIONAL_B_SPLINE_SURFACE(((1.,0.707106781186548,1.),(1.,0.707106781186548,
1.)))
REPRESENTATION_ITEM('')
SURFACE()
);
#18=(
BOUNDED_SURFACE()
B_SPLINE_SURFACE(1,2,((#10242,#10243,#10244),(#10245,#10246,#10247)),
 .UNSPECIFIED.,.F.,.F.,.F.)
B_SPLINE_SURFACE_WITH_KNOTS((2,2),(3,3),(-35.7041918038258,35.7041918038258),
(-1.57079632679491,9.90576133734731E-15),.UNSPECIFIED.)
GEOMETRIC_REPRESENTATION_ITEM()
RATIONAL_B_SPLINE_SURFACE(((1.,0.70710678118654,1.),(1.,0.70710678118654,
1.)))
REPRESENTATION_ITEM('')
SURFACE()
);
#19=(
BOUNDED_SURFACE()
B_SPLINE_SURFACE(2,2,((#10253,#10254,#10255,#10256,#10257,#10258,#10259,
#10260,#10261),(#10262,#10263,#10264,#10265,#10266,#10267,#10268,#10269,
#10270),(#10271,#10272,#10273,#10274,#10275,#10276,#10277,#10278,#10279),
(#10280,#10281,#10282,#10283,#10284,#10285,#10286,#10287,#10288),(#10289,
#10290,#10291,#10292,#10293,#10294,#10295,#10296,#10297)),.UNSPECIFIED.,
 .F.,.T.,.F.)
B_SPLINE_SURFACE_WITH_KNOTS((3,2,3),(3,2,2,2,3),(-1.5707963267949,0.,1.5707963267949),
(0.,1.5707963267949,3.14159265358979,4.71238898038469,6.28318530717959),
 .UNSPECIFIED.)
GEOMETRIC_REPRESENTATION_ITEM()
RATIONAL_B_SPLINE_SURFACE(((1.,0.707106781186548,1.,0.707106781186548,1.,
0.707106781186548,1.,0.707106781186548,1.),(0.707106781186549,0.500000000000001,
0.707106781186549,0.500000000000001,0.707106781186549,0.500000000000001,
0.707106781186549,0.500000000000001,0.707106781186549),(1.,0.707106781186548,
1.,0.707106781186548,1.,0.707106781186548,1.,0.707106781186548,1.),(0.707106781186539,
0.499999999999994,0.707106781186539,0.499999999999994,0.707106781186539,
0.499999999999994,0.707106781186539,0.499999999999994,0.707106781186539),
(1.,0.707106781186548,1.,0.707106781186548,1.,0.707106781186548,1.,0.707106781186548,
1.)))
REPRESENTATION_ITEM('')
SURFACE()
);
#20=(
BOUNDED_SURFACE()
B_SPLINE_SURFACE(1,2,((#10301,#10302,#10303),(#10304,#10305,#10306)),
 .UNSPECIFIED.,.F.,.F.,.F.)
B_SPLINE_SURFACE_WITH_KNOTS((2,2),(3,3),(2.58551340766616,3.40662069057742),
(-3.14159265358979,-1.5707963267949),.UNSPECIFIED.)
GEOMETRIC_REPRESENTATION_ITEM()
RATIONAL_B_SPLINE_SURFACE(((1.,0.707106781186547,1.),(1.,0.707106781186547,
1.)))
REPRESENTATION_ITEM('')
SURFACE()
);
#21=(
BOUNDED_SURFACE()
B_SPLINE_SURFACE(2,2,((#10309,#10310,#10311,#10312,#10313,#10314,#10315,
#10316,#10317),(#10318,#10319,#10320,#10321,#10322,#10323,#10324,#10325,
#10326),(#10327,#10328,#10329,#10330,#10331,#10332,#10333,#10334,#10335),
(#10336,#10337,#10338,#10339,#10340,#10341,#10342,#10343,#10344),(#10345,
#10346,#10347,#10348,#10349,#10350,#10351,#10352,#10353)),.UNSPECIFIED.,
 .F.,.T.,.F.)
B_SPLINE_SURFACE_WITH_KNOTS((3,2,3),(3,2,2,2,3),(-1.5707963267949,0.,1.5707963267949),
(0.,1.5707963267949,3.14159265358979,4.71238898038469,6.28318530717959),
 .UNSPECIFIED.)
GEOMETRIC_REPRESENTATION_ITEM()
RATIONAL_B_SPLINE_SURFACE(((1.,0.707106781186548,1.,0.707106781186548,1.,
0.707106781186548,1.,0.707106781186548,1.),(0.707106781186549,0.500000000000001,
0.707106781186549,0.500000000000001,0.707106781186549,0.500000000000001,
0.707106781186549,0.500000000000001,0.707106781186549),(1.,0.707106781186548,
1.,0.707106781186548,1.,0.707106781186548,1.,0.707106781186548,1.),(0.707106781186539,
0.499999999999994,0.707106781186539,0.499999999999994,0.707106781186539,
0.499999999999994,0.707106781186539,0.499999999999994,0.707106781186539),
(1.,0.707106781186548,1.,0.707106781186548,1.,0.707106781186548,1.,0.707106781186548,
1.)))
REPRESENTATION_ITEM('')
SURFACE()
);
#22=(
BOUNDED_SURFACE()
B_SPLINE_SURFACE(2,2,((#10356,#10357,#10358,#10359,#10360,#10361,#10362,
#10363,#10364),(#10365,#10366,#10367,#10368,#10369,#10370,#10371,#10372,
#10373),(#10374,#10375,#10376,#10377,#10378,#10379,#10380,#10381,#10382),
(#10383,#10384,#10385,#10386,#10387,#10388,#10389,#10390,#10391),(#10392,
#10393,#10394,#10395,#10396,#10397,#10398,#10399,#10400),(#10401,#10402,
#10403,#10404,#10405,#10406,#10407,#10408,#10409),(#10410,#10411,#10412,
#10413,#10414,#10415,#10416,#10417,#10418),(#10419,#10420,#10421,#10422,
#10423,#10424,#10425,#10426,#10427),(#10428,#10429,#10430,#10431,#10432,
#10433,#10434,#10435,#10436)),.UNSPECIFIED.,.T.,.T.,.F.)
B_SPLINE_SURFACE_WITH_KNOTS((3,2,2,2,3),(3,2,2,2,3),(-3.14159265358979,
-1.5707963267949,0.,1.5707963267949,3.14159265358979),(0.,1.5707963267949,
3.14159265358979,4.71238898038469,6.28318530717959),.UNSPECIFIED.)
GEOMETRIC_REPRESENTATION_ITEM()
RATIONAL_B_SPLINE_SURFACE(((1.,0.707106781186548,1.,0.707106781186548,1.,
0.707106781186548,1.,0.707106781186548,1.),(0.707106781186548,0.5,0.707106781186548,
0.5,0.707106781186548,0.5,0.707106781186548,0.5,0.707106781186548),(1.,
0.707106781186548,1.,0.707106781186548,1.,0.707106781186548,1.,0.707106781186548,
1.),(0.707106781186548,0.5,0.707106781186548,0.5,0.707106781186548,0.5,
0.707106781186548,0.5,0.707106781186548),(1.,0.707106781186548,1.,0.707106781186548,
1.,0.707106781186548,1.,0.707106781186548,1.),(0.707106781186548,0.5,0.707106781186548,
0.5,0.707106781186548,0.5,0.707106781186548,0.5,0.707106781186548),(1.,
0.707106781186548,1.,0.707106781186548,1.,0.707106781186548,1.,0.707106781186548,
1.),(0.707106781186548,0.5,0.707106781186548,0.5,0.707106781186548,0.5,
0.707106781186548,0.5,0.707106781186548),(1.,0.707106781186548,1.,0.707106781186548,
1.,0.707106781186548,1.,0.707106781186548,1.)))
REPRESENTATION_ITEM('')
SURFACE()
);
#23=(
BOUNDED_SURFACE()
B_SPLINE_SURFACE(2,2,((#10455,#10456,#10457,#10458,#10459,#10460,#10461,
#10462,#10463),(#10464,#10465,#10466,#10467,#10468,#10469,#10470,#10471,
#10472),(#10473,#10474,#10475,#10476,#10477,#10478,#10479,#10480,#10481),
(#10482,#10483,#10484,#10485,#10486,#10487,#10488,#10489,#10490),(#10491,
#10492,#10493,#10494,#10495,#10496,#10497,#10498,#10499),(#10500,#10501,
#10502,#10503,#10504,#10505,#10506,#10507,#10508),(#10509,#10510,#10511,
#10512,#10513,#10514,#10515,#10516,#10517),(#10518,#10519,#10520,#10521,
#10522,#10523,#10524,#10525,#10526),(#10527,#10528,#10529,#10530,#10531,
#10532,#10533,#10534,#10535)),.UNSPECIFIED.,.T.,.T.,.F.)
B_SPLINE_SURFACE_WITH_KNOTS((3,2,2,2,3),(3,2,2,2,3),(-3.14159265358979,
-1.5707963267949,0.,1.5707963267949,3.14159265358979),(0.,1.5707963267949,
3.14159265358979,4.71238898038469,6.28318530717959),.UNSPECIFIED.)
GEOMETRIC_REPRESENTATION_ITEM()
RATIONAL_B_SPLINE_SURFACE(((1.,0.707106781186548,1.,0.707106781186548,1.,
0.707106781186548,1.,0.707106781186548,1.),(0.707106781186547,0.5,0.707106781186547,
0.5,0.707106781186547,0.5,0.707106781186547,0.5,0.707106781186547),(1.,
0.707106781186548,1.,0.707106781186548,1.,0.707106781186548,1.,0.707106781186548,
1.),(0.707106781186548,0.5,0.707106781186548,0.5,0.707106781186548,0.5,
0.707106781186548,0.5,0.707106781186548),(1.,0.707106781186548,1.,0.707106781186548,
1.,0.707106781186548,1.,0.707106781186548,1.),(0.707106781186548,0.5,0.707106781186548,
0.5,0.707106781186548,0.5,0.707106781186548,0.5,0.707106781186548),(1.,
0.707106781186548,1.,0.707106781186548,1.,0.707106781186548,1.,0.707106781186548,
1.),(0.707106781186548,0.5,0.707106781186548,0.5,0.707106781186548,0.5,
0.707106781186548,0.5,0.707106781186548),(1.,0.707106781186548,1.,0.707106781186548,
1.,0.707106781186548,1.,0.707106781186548,1.)))
REPRESENTATION_ITEM('')
SURFACE()
);
#24=(
BOUNDED_SURFACE()
B_SPLINE_SURFACE(1,2,((#10563,#10564,#10565),(#10566,#10567,#10568)),
 .UNSPECIFIED.,.F.,.F.,.F.)
B_SPLINE_SURFACE_WITH_KNOTS((2,2),(3,3),(2.58551340766616,3.40662069057742),
(-1.5707963267949,4.89500138363158E-15),.UNSPECIFIED.)
GEOMETRIC_REPRESENTATION_ITEM()
RATIONAL_B_SPLINE_SURFACE(((1.,0.707106781186546,1.),(1.,0.707106781186546,
1.)))
REPRESENTATION_ITEM('')
SURFACE()
);
#25=(
BOUNDED_SURFACE()
B_SPLINE_SURFACE(1,2,((#10578,#10579,#10580),(#10581,#10582,#10583)),
 .UNSPECIFIED.,.F.,.F.,.F.)
B_SPLINE_SURFACE_WITH_KNOTS((2,2),(3,3),(-4.14119003602127,4.14119003602127),
(-0.00377733854333064,1.45592711306641E-15),.UNSPECIFIED.)
GEOMETRIC_REPRESENTATION_ITEM()
RATIONAL_B_SPLINE_SURFACE(((1.,0.999998216464721,1.),(1.,0.999998216464721,
1.)))
REPRESENTATION_ITEM('')
SURFACE()
);
#26=(
BOUNDED_SURFACE()
B_SPLINE_SURFACE(1,2,((#10586,#10587,#10588),(#10589,#10590,#10591)),
 .UNSPECIFIED.,.F.,.F.,.F.)
B_SPLINE_SURFACE_WITH_KNOTS((2,2),(3,3),(-1.14082370138327,1.14082370138327),
(-1.5707963267949,-1.56701898825154),.UNSPECIFIED.)
GEOMETRIC_REPRESENTATION_ITEM()
RATIONAL_B_SPLINE_SURFACE(((1.,0.999998216464721,1.),(1.,0.999998216464721,
1.)))
REPRESENTATION_ITEM('')
SURFACE()
);
#27=(
BOUNDED_SURFACE()
B_SPLINE_SURFACE(2,2,((#10594,#10595,#10596,#10597,#10598,#10599,#10600,
#10601,#10602),(#10603,#10604,#10605,#10606,#10607,#10608,#10609,#10610,
#10611),(#10612,#10613,#10614,#10615,#10616,#10617,#10618,#10619,#10620),
(#10621,#10622,#10623,#10624,#10625,#10626,#10627,#10628,#10629),(#10630,
#10631,#10632,#10633,#10634,#10635,#10636,#10637,#10638)),.UNSPECIFIED.,
 .F.,.T.,.F.)
B_SPLINE_SURFACE_WITH_KNOTS((3,2,3),(3,2,2,2,3),(-1.5707963267949,0.,1.5707963267949),
(0.,1.5707963267949,3.14159265358979,4.71238898038469,6.28318530717959),
 .UNSPECIFIED.)
GEOMETRIC_REPRESENTATION_ITEM()
RATIONAL_B_SPLINE_SURFACE(((1.,0.707106781186548,1.,0.707106781186548,1.,
0.707106781186548,1.,0.707106781186548,1.),(0.707106781186548,0.5,0.707106781186548,
0.5,0.707106781186548,0.5,0.707106781186548,0.5,0.707106781186548),(1.,
0.707106781186548,1.,0.707106781186548,1.,0.707106781186548,1.,0.707106781186548,
1.),(0.707106781186548,0.5,0.707106781186548,0.5,0.707106781186548,0.5,
0.707106781186548,0.5,0.707106781186548),(1.,0.707106781186548,1.,0.707106781186548,
1.,0.707106781186548,1.,0.707106781186548,1.)))
REPRESENTATION_ITEM('')
SURFACE()
);
#28=(
BOUNDED_SURFACE()
B_SPLINE_SURFACE(2,2,((#10640,#10641,#10642,#10643,#10644,#10645,#10646,
#10647,#10648),(#10649,#10650,#10651,#10652,#10653,#10654,#10655,#10656,
#10657),(#10658,#10659,#10660,#10661,#10662,#10663,#10664,#10665,#10666),
(#10667,#10668,#10669,#10670,#10671,#10672,#10673,#10674,#10675),(#10676,
#10677,#10678,#10679,#10680,#10681,#10682,#10683,#10684)),.UNSPECIFIED.,
 .F.,.T.,.F.)
B_SPLINE_SURFACE_WITH_KNOTS((3,2,3),(3,2,2,2,3),(-1.5707963267949,0.,1.5707963267949),
(0.,1.5707963267949,3.14159265358979,4.71238898038469,6.28318530717959),
 .UNSPECIFIED.)
GEOMETRIC_REPRESENTATION_ITEM()
RATIONAL_B_SPLINE_SURFACE(((1.,0.707106781186548,1.,0.707106781186548,1.,
0.707106781186548,1.,0.707106781186548,1.),(0.707106781186546,0.499999999999999,
0.707106781186546,0.499999999999999,0.707106781186546,0.499999999999999,
0.707106781186546,0.499999999999999,0.707106781186546),(1.,0.707106781186548,
1.,0.707106781186548,1.,0.707106781186548,1.,0.707106781186548,1.),(0.707106781186547,
0.5,0.707106781186547,0.5,0.707106781186547,0.5,0.707106781186547,0.5,0.707106781186547),
(1.,0.707106781186548,1.,0.707106781186548,1.,0.707106781186548,1.,0.707106781186548,
1.)))
REPRESENTATION_ITEM('')
SURFACE()
);
#29=(
BOUNDED_SURFACE()
B_SPLINE_SURFACE(1,2,((#10685,#10686,#10687),(#10688,#10689,#10690)),
 .UNSPECIFIED.,.F.,.F.,.F.)
B_SPLINE_SURFACE_WITH_KNOTS((2,2),(3,3),(-3.42247110414981,3.42247110414981),
(-1.5707963267949,3.0497467225533E-16),.UNSPECIFIED.)
GEOMETRIC_REPRESENTATION_ITEM()
RATIONAL_B_SPLINE_SURFACE(((1.,0.707106781186547,1.),(1.,0.707106781186547,
1.)))
REPRESENTATION_ITEM('')
SURFACE()
);
#30=(
BOUNDED_SURFACE()
B_SPLINE_SURFACE(1,2,((#10699,#10700,#10701),(#10702,#10703,#10704)),
 .UNSPECIFIED.,.F.,.F.,.F.)
B_SPLINE_SURFACE_WITH_KNOTS((2,2),(3,3),(-1.14082370138327,1.14082370138327),
(-3.14159265358979,-1.5707963267949),.UNSPECIFIED.)
GEOMETRIC_REPRESENTATION_ITEM()
RATIONAL_B_SPLINE_SURFACE(((1.,0.707106781186547,1.),(1.,0.707106781186547,
1.)))
REPRESENTATION_ITEM('')
SURFACE()
);
#31=(
BOUNDED_SURFACE()
B_SPLINE_SURFACE(2,2,((#10710,#10711,#10712,#10713,#10714,#10715,#10716,
#10717,#10718),(#10719,#10720,#10721,#10722,#10723,#10724,#10725,#10726,
#10727),(#10728,#10729,#10730,#10731,#10732,#10733,#10734,#10735,#10736),
(#10737,#10738,#10739,#10740,#10741,#10742,#10743,#10744,#10745),(#10746,
#10747,#10748,#10749,#10750,#10751,#10752,#10753,#10754)),.UNSPECIFIED.,
 .F.,.T.,.F.)
B_SPLINE_SURFACE_WITH_KNOTS((3,2,3),(3,2,2,2,3),(-1.5707963267949,0.,1.5707963267949),
(0.,1.5707963267949,3.14159265358979,4.71238898038469,6.28318530717959),
 .UNSPECIFIED.)
GEOMETRIC_REPRESENTATION_ITEM()
RATIONAL_B_SPLINE_SURFACE(((1.,0.707106781186548,1.,0.707106781186548,1.,
0.707106781186548,1.,0.707106781186548,1.),(0.707106781186547,0.499999999999999,
0.707106781186547,0.499999999999999,0.707106781186547,0.499999999999999,
0.707106781186547,0.499999999999999,0.707106781186547),(1.,0.707106781186548,
1.,0.707106781186548,1.,0.707106781186548,1.,0.707106781186548,1.),(0.707106781186547,
0.5,0.707106781186547,0.5,0.707106781186547,0.5,0.707106781186547,0.5,0.707106781186547),
(1.,0.707106781186548,1.,0.707106781186548,1.,0.707106781186548,1.,0.707106781186548,
1.)))
REPRESENTATION_ITEM('')
SURFACE()
);
#32=(
BOUNDED_SURFACE()
B_SPLINE_SURFACE(2,2,((#10756,#10757,#10758,#10759,#10760,#10761,#10762,
#10763,#10764),(#10765,#10766,#10767,#10768,#10769,#10770,#10771,#10772,
#10773),(#10774,#10775,#10776,#10777,#10778,#10779,#10780,#10781,#10782),
(#10783,#10784,#10785,#10786,#10787,#10788,#10789,#10790,#10791),(#10792,
#10793,#10794,#10795,#10796,#10797,#10798,#10799,#10800)),.UNSPECIFIED.,
 .F.,.T.,.F.)
B_SPLINE_SURFACE_WITH_KNOTS((3,2,3),(3,2,2,2,3),(-1.5707963267949,0.,1.5707963267949),
(0.,1.5707963267949,3.14159265358979,4.71238898038469,6.28318530717959),
 .UNSPECIFIED.)
GEOMETRIC_REPRESENTATION_ITEM()
RATIONAL_B_SPLINE_SURFACE(((1.,0.707106781186548,1.,0.707106781186548,1.,
0.707106781186548,1.,0.707106781186548,1.),(0.707106781186548,0.5,0.707106781186548,
0.5,0.707106781186548,0.5,0.707106781186548,0.5,0.707106781186548),(1.,
0.707106781186548,1.,0.707106781186548,1.,0.707106781186548,1.,0.707106781186548,
1.),(0.707106781186544,0.499999999999998,0.707106781186544,0.499999999999998,
0.707106781186544,0.499999999999998,0.707106781186544,0.499999999999998,
0.707106781186544),(1.,0.707106781186548,1.,0.707106781186548,1.,0.707106781186548,
1.,0.707106781186548,1.)))
REPRESENTATION_ITEM('')
SURFACE()
);
#33=(
BOUNDED_SURFACE()
B_SPLINE_SURFACE(2,2,((#10802,#10803,#10804,#10805,#10806,#10807,#10808,
#10809,#10810),(#10811,#10812,#10813,#10814,#10815,#10816,#10817,#10818,
#10819),(#10820,#10821,#10822,#10823,#10824,#10825,#10826,#10827,#10828),
(#10829,#10830,#10831,#10832,#10833,#10834,#10835,#10836,#10837),(#10838,
#10839,#10840,#10841,#10842,#10843,#10844,#10845,#10846)),.UNSPECIFIED.,
 .F.,.T.,.F.)
B_SPLINE_SURFACE_WITH_KNOTS((3,2,3),(3,2,2,2,3),(-1.5707963267949,0.,1.5707963267949),
(0.,1.5707963267949,3.14159265358979,4.71238898038469,6.28318530717959),
 .UNSPECIFIED.)
GEOMETRIC_REPRESENTATION_ITEM()
RATIONAL_B_SPLINE_SURFACE(((1.,0.707106781186548,1.,0.707106781186548,1.,
0.707106781186548,1.,0.707106781186548,1.),(0.707106781186549,0.500000000000001,
0.707106781186549,0.500000000000001,0.707106781186549,0.500000000000001,
0.707106781186549,0.500000000000001,0.707106781186549),(1.,0.707106781186548,
1.,0.707106781186548,1.,0.707106781186548,1.,0.707106781186548,1.),(0.707106781186548,
0.500000000000001,0.707106781186548,0.500000000000001,0.707106781186548,
0.500000000000001,0.707106781186548,0.500000000000001,0.707106781186548),
(1.,0.707106781186548,1.,0.707106781186548,1.,0.707106781186548,1.,0.707106781186548,
1.)))
REPRESENTATION_ITEM('')
SURFACE()
);
#34=(
BOUNDED_SURFACE()
B_SPLINE_SURFACE(1,2,((#10850,#10851,#10852),(#10853,#10854,#10855)),
 .UNSPECIFIED.,.F.,.F.,.F.)
B_SPLINE_SURFACE_WITH_KNOTS((2,2),(3,3),(-4.14119003602127,4.14119003602127),
(-3.14159265358979,-1.5707963267949),.UNSPECIFIED.)
GEOMETRIC_REPRESENTATION_ITEM()
RATIONAL_B_SPLINE_SURFACE(((1.,0.707106781186547,1.),(1.,0.707106781186547,
1.)))
REPRESENTATION_ITEM('')
SURFACE()
);
#35=(
BOUNDED_SURFACE()
B_SPLINE_SURFACE(1,2,((#10859,#10860,#10861),(#10862,#10863,#10864)),
 .UNSPECIFIED.,.F.,.F.,.F.)
B_SPLINE_SURFACE_WITH_KNOTS((2,2),(3,3),(-4.14119003602127,-0.580563690616182),
(-1.5707963267949,-2.85110664974298E-16),.UNSPECIFIED.)
GEOMETRIC_REPRESENTATION_ITEM()
RATIONAL_B_SPLINE_SURFACE(((1.,0.707106781186548,1.),(1.,0.707106781186548,
1.)))
REPRESENTATION_ITEM('')
SURFACE()
);
#36=(
BOUNDED_SURFACE()
B_SPLINE_SURFACE(2,2,((#10866,#10867,#10868,#10869,#10870,#10871,#10872,
#10873,#10874),(#10875,#10876,#10877,#10878,#10879,#10880,#10881,#10882,
#10883),(#10884,#10885,#10886,#10887,#10888,#10889,#10890,#10891,#10892),
(#10893,#10894,#10895,#10896,#10897,#10898,#10899,#10900,#10901),(#10902,
#10903,#10904,#10905,#10906,#10907,#10908,#10909,#10910)),.UNSPECIFIED.,
 .F.,.T.,.F.)
B_SPLINE_SURFACE_WITH_KNOTS((3,2,3),(3,2,2,2,3),(-1.5707963267949,0.,1.5707963267949),
(0.,1.5707963267949,3.14159265358979,4.71238898038469,6.28318530717959),
 .UNSPECIFIED.)
GEOMETRIC_REPRESENTATION_ITEM()
RATIONAL_B_SPLINE_SURFACE(((1.,0.707106781186548,1.,0.707106781186548,1.,
0.707106781186548,1.,0.707106781186548,1.),(0.707106781186548,0.5,0.707106781186548,
0.5,0.707106781186548,0.5,0.707106781186548,0.5,0.707106781186548),(1.,
0.707106781186548,1.,0.707106781186548,1.,0.707106781186548,1.,0.707106781186548,
1.),(0.707106781186544,0.499999999999998,0.707106781186544,0.499999999999998,
0.707106781186544,0.499999999999998,0.707106781186544,0.499999999999998,
0.707106781186544),(1.,0.707106781186548,1.,0.707106781186548,1.,0.707106781186548,
1.,0.707106781186548,1.)))
REPRESENTATION_ITEM('')
SURFACE()
);
#37=(
BOUNDED_SURFACE()
B_SPLINE_SURFACE(1,2,((#10913,#10914,#10915),(#10916,#10917,#10918)),
 .UNSPECIFIED.,.F.,.F.,.F.)
B_SPLINE_SURFACE_WITH_KNOTS((2,2),(3,3),(-1.14082370138327,1.14082370138327),
(-1.5707963267949,1.25620355692322E-16),.UNSPECIFIED.)
GEOMETRIC_REPRESENTATION_ITEM()
RATIONAL_B_SPLINE_SURFACE(((1.,0.707106781186547,1.),(1.,0.707106781186547,
1.)))
REPRESENTATION_ITEM('')
SURFACE()
);
#38=(
BOUNDED_SURFACE()
B_SPLINE_SURFACE(2,2,((#10922,#10923,#10924,#10925,#10926,#10927,#10928,
#10929,#10930),(#10931,#10932,#10933,#10934,#10935,#10936,#10937,#10938,
#10939),(#10940,#10941,#10942,#10943,#10944,#10945,#10946,#10947,#10948),
(#10949,#10950,#10951,#10952,#10953,#10954,#10955,#10956,#10957),(#10958,
#10959,#10960,#10961,#10962,#10963,#10964,#10965,#10966)),.UNSPECIFIED.,
 .F.,.T.,.F.)
B_SPLINE_SURFACE_WITH_KNOTS((3,2,3),(3,2,2,2,3),(-1.5707963267949,0.,1.5707963267949),
(0.,1.5707963267949,3.14159265358979,4.71238898038469,6.28318530717959),
 .UNSPECIFIED.)
GEOMETRIC_REPRESENTATION_ITEM()
RATIONAL_B_SPLINE_SURFACE(((1.,0.707106781186548,1.,0.707106781186548,1.,
0.707106781186548,1.,0.707106781186548,1.),(0.707106781186546,0.499999999999999,
0.707106781186546,0.499999999999999,0.707106781186546,0.499999999999999,
0.707106781186546,0.499999999999999,0.707106781186546),(1.,0.707106781186548,
1.,0.707106781186548,1.,0.707106781186548,1.,0.707106781186548,1.),(0.707106781186547,
0.5,0.707106781186547,0.5,0.707106781186547,0.5,0.707106781186547,0.5,0.707106781186547),
(1.,0.707106781186548,1.,0.707106781186548,1.,0.707106781186548,1.,0.707106781186548,
1.)))
REPRESENTATION_ITEM('')
SURFACE()
);
#39=(
BOUNDED_SURFACE()
B_SPLINE_SURFACE(1,2,((#10972,#10973,#10974),(#10975,#10976,#10977)),
 .UNSPECIFIED.,.F.,.F.,.F.)
B_SPLINE_SURFACE_WITH_KNOTS((2,2),(3,3),(-3.42247110414981,-2.88770800882715),
(-3.14159265358979,-2.36918225836927),.UNSPECIFIED.)
GEOMETRIC_REPRESENTATION_ITEM()
RATIONAL_B_SPLINE_SURFACE(((1.,0.926345136720763,1.),(1.,0.926345136720763,
1.)))
REPRESENTATION_ITEM('')
SURFACE()
);
#40=(
BOUNDED_SURFACE()
B_SPLINE_SURFACE(1,2,((#10979,#10980,#10981),(#10982,#10983,#10984)),
 .UNSPECIFIED.,.F.,.F.,.F.)
B_SPLINE_SURFACE_WITH_KNOTS((2,2),(3,3),(2.88770800882714,3.42247110414981),
(-3.14159265358979,-2.36918225836927),.UNSPECIFIED.)
GEOMETRIC_REPRESENTATION_ITEM()
RATIONAL_B_SPLINE_SURFACE(((1.,0.926345136720763,1.),(1.,0.926345136720763,
1.)))
REPRESENTATION_ITEM('')
SURFACE()
);
#41=(
BOUNDED_SURFACE()
B_SPLINE_SURFACE(1,2,((#11018,#11019,#11020),(#11021,#11022,#11023)),
 .UNSPECIFIED.,.F.,.F.,.F.)
B_SPLINE_SURFACE_WITH_KNOTS((2,2),(3,3),(-1.83810468916049,-0.6796174896076),
(-1.5707963267949,7.7715611723761E-16),.UNSPECIFIED.)
GEOMETRIC_REPRESENTATION_ITEM()
RATIONAL_B_SPLINE_SURFACE(((1.,0.707106781186547,1.),(1.,0.707106781186547,
1.)))
REPRESENTATION_ITEM('')
SURFACE()
);
#42=CONICAL_SURFACE('',#5007,4.8125,0.524795771650107);
#43=CONICAL_SURFACE('',#5014,4.8125,0.524795771650107);
#44=CONICAL_SURFACE('',#5015,4.8125,0.524795771650107);
#45=CONICAL_SURFACE('',#5093,4.8125,0.524795771650107);
#46=CONICAL_SURFACE('',#5107,4.8125,0.524795771650107);
#47=CONICAL_SURFACE('',#5112,4.8125,0.524795771650107);
#48=B_SPLINE_SURFACE_WITH_KNOTS('',3,3,((#7314,#7315,#7316,#7317),(#7318,
#7319,#7320,#7321),(#7322,#7323,#7324,#7325),(#7326,#7327,#7328,#7329),
(#7330,#7331,#7332,#7333),(#7334,#7335,#7336,#7337),(#7338,#7339,#7340,
#7341),(#7342,#7343,#7344,#7345),(#7346,#7347,#7348,#7349),(#7350,#7351,
#7352,#7353)),.UNSPECIFIED.,.F.,.F.,.F.,(4,2,2,2,4),(4,4),(0.,1.,1.99999999999999,
3.0095940796456,4.01918815929121),(0.056624709469851,10.),.UNSPECIFIED.);
#49=B_SPLINE_SURFACE_WITH_KNOTS('',3,3,((#7402,#7403,#7404,#7405),(#7406,
#7407,#7408,#7409),(#7410,#7411,#7412,#7413),(#7414,#7415,#7416,#7417),
(#7418,#7419,#7420,#7421),(#7422,#7423,#7424,#7425),(#7426,#7427,#7428,
#7429),(#7430,#7431,#7432,#7433),(#7434,#7435,#7436,#7437),(#7438,#7439,
#7440,#7441),(#7442,#7443,#7444,#7445),(#7446,#7447,#7448,#7449)),
 .UNSPECIFIED.,.F.,.F.,.F.,(4,2,2,2,2,4),(4,4),(-10.2102705050053,-8.02160586758919,
-5.75,-3.375,-1.,0.),(0.0566247094698513,10.),.UNSPECIFIED.);
#50=B_SPLINE_SURFACE_WITH_KNOTS('',3,3,((#7484,#7485,#7486,#7487),(#7488,
#7489,#7490,#7491),(#7492,#7493,#7494,#7495),(#7496,#7497,#7498,#7499),
(#7500,#7501,#7502,#7503),(#7504,#7505,#7506,#7507)),.UNSPECIFIED.,.F.,
 .F.,.F.,(4,2,4),(4,4),(-1.92177719792494,-1.,0.),(0.0566247094698513,10.),
 .UNSPECIFIED.);
#51=B_SPLINE_SURFACE_WITH_KNOTS('',3,3,((#7529,#7530,#7531,#7532),(#7533,
#7534,#7535,#7536),(#7537,#7538,#7539,#7540),(#7541,#7542,#7543,#7544),
(#7545,#7546,#7547,#7548),(#7549,#7550,#7551,#7552),(#7553,#7554,#7555,
#7556),(#7557,#7558,#7559,#7560),(#7561,#7562,#7563,#7564),(#7565,#7566,
#7567,#7568)),.UNSPECIFIED.,.F.,.F.,.F.,(4,2,2,2,4),(4,4),(0.,1.,2.00000000000001,
3.03441442857284,4.09124707006772),(0.0566247094698509,10.),
 .UNSPECIFIED.);
#52=B_SPLINE_SURFACE_WITH_KNOTS('',3,3,((#7595,#7596,#7597,#7598),(#7599,
#7600,#7601,#7602),(#7603,#7604,#7605,#7606),(#7607,#7608,#7609,#7610),
(#7611,#7612,#7613,#7614),(#7615,#7616,#7617,#7618),(#7619,#7620,#7621,
#7622),(#7623,#7624,#7625,#7626),(#7627,#7628,#7629,#7630),(#7631,#7632,
#7633,#7634),(#7635,#7636,#7637,#7638),(#7639,#7640,#7641,#7642)),
 .UNSPECIFIED.,.F.,.F.,.F.,(4,2,2,2,2,4),(4,4),(-2.09064789985953,-1.83267708258891,
-1.58535885135027,-1.28504385627478,-1.,0.),(0.0566247094698513,10.),
 .UNSPECIFIED.);
#53=B_SPLINE_SURFACE_WITH_KNOTS('',3,3,((#7665,#7666,#7667,#7668),(#7669,
#7670,#7671,#7672),(#7673,#7674,#7675,#7676),(#7677,#7678,#7679,#7680),
(#7681,#7682,#7683,#7684),(#7685,#7686,#7687,#7688),(#7689,#7690,#7691,
#7692),(#7693,#7694,#7695,#7696),(#7697,#7698,#7699,#7700),(#7701,#7702,
#7703,#7704),(#7705,#7706,#7707,#7708),(#7709,#7710,#7711,#7712)),
 .UNSPECIFIED.,.F.,.F.,.F.,(4,2,2,2,2,4),(4,4),(-4.92951020894445,-4.1001231988581,
-3.07933918644414,-2.03966959322207,-1.,0.),(0.0566247094698513,10.),
 .UNSPECIFIED.);
#54=B_SPLINE_SURFACE_WITH_KNOTS('',3,3,((#7743,#7744,#7745,#7746),(#7747,
#7748,#7749,#7750),(#7751,#7752,#7753,#7754),(#7755,#7756,#7757,#7758),
(#7759,#7760,#7761,#7762),(#7763,#7764,#7765,#7766),(#7767,#7768,#7769,
#7770),(#7771,#7772,#7773,#7774),(#7775,#7776,#7777,#7778),(#7779,#7780,
#7781,#7782),(#7783,#7784,#7785,#7786),(#7787,#7788,#7789,#7790),(#7791,
#7792,#7793,#7794),(#7795,#7796,#7797,#7798),(#7799,#7800,#7801,#7802),
(#7803,#7804,#7805,#7806),(#7807,#7808,#7809,#7810),(#7811,#7812,#7813,
#7814)),.UNSPECIFIED.,.F.,.F.,.F.,(4,2,2,2,2,2,2,2,4),(4,4),(-5.85424299626552,
-3.38585959124287,-2.96216521430646,-2.51204488178793,-2.14135754912562,
-1.74074074074074,-1.37037037037037,-1.,0.),(0.0566247094698513,10.),
 .UNSPECIFIED.);
#55=B_SPLINE_SURFACE_WITH_KNOTS('',3,3,((#7851,#7852,#7853,#7854),(#7855,
#7856,#7857,#7858),(#7859,#7860,#7861,#7862),(#7863,#7864,#7865,#7866),
(#7867,#7868,#7869,#7870),(#7871,#7872,#7873,#7874),(#7875,#7876,#7877,
#7878),(#7879,#7880,#7881,#7882),(#7883,#7884,#7885,#7886),(#7887,#7888,
#7889,#7890),(#7891,#7892,#7893,#7894),(#7895,#7896,#7897,#7898),(#7899,
#7900,#7901,#7902),(#7903,#7904,#7905,#7906)),.UNSPECIFIED.,.F.,.F.,.F.,
(4,2,2,2,2,2,4),(4,4),(-4.3658659476263,-3.25485933982688,-2.66234965538819,
-2.10714285714286,-1.55357142857143,-1.,0.),(0.0566247094698508,10.),
 .UNSPECIFIED.);
#56=B_SPLINE_SURFACE_WITH_KNOTS('',3,3,((#7932,#7933,#7934,#7935),(#7936,
#7937,#7938,#7939),(#7940,#7941,#7942,#7943),(#7944,#7945,#7946,#7947),
(#7948,#7949,#7950,#7951),(#7952,#7953,#7954,#7955),(#7956,#7957,#7958,
#7959),(#7960,#7961,#7962,#7963),(#7964,#7965,#7966,#7967),(#7968,#7969,
#7970,#7971),(#7972,#7973,#7974,#7975),(#7976,#7977,#7978,#7979)),
 .UNSPECIFIED.,.F.,.F.,.F.,(4,2,2,2,2,4),(4,4),(-3.37287105923212,-2.71647509578545,
-2.10344827586208,-1.55172413793102,-1.,0.),(0.0566247094698513,10.),
 .UNSPECIFIED.);
#57=B_SPLINE_SURFACE_WITH_KNOTS('',3,3,((#8010,#8011,#8012,#8013),(#8014,
#8015,#8016,#8017),(#8018,#8019,#8020,#8021),(#8022,#8023,#8024,#8025),
(#8026,#8027,#8028,#8029),(#8030,#8031,#8032,#8033),(#8034,#8035,#8036,
#8037),(#8038,#8039,#8040,#8041),(#8042,#8043,#8044,#8045),(#8046,#8047,
#8048,#8049),(#8050,#8051,#8052,#8053),(#8054,#8055,#8056,#8057)),
 .UNSPECIFIED.,.F.,.F.,.F.,(4,2,2,2,2,4),(4,4),(-5.5278652894325,-3.75323799403592,
-2.85088513196984,-1.94853226990371,-1.,0.),(0.0566247094698513,10.),
 .UNSPECIFIED.);
#58=B_SPLINE_SURFACE_WITH_KNOTS('',3,3,((#8092,#8093,#8094,#8095),(#8096,
#8097,#8098,#8099),(#8100,#8101,#8102,#8103),(#8104,#8105,#8106,#8107),
(#8108,#8109,#8110,#8111),(#8112,#8113,#8114,#8115),(#8116,#8117,#8118,
#8119),(#8120,#8121,#8122,#8123),(#8124,#8125,#8126,#8127),(#8128,#8129,
#8130,#8131),(#8132,#8133,#8134,#8135),(#8136,#8137,#8138,#8139),(#8140,
#8141,#8142,#8143),(#8144,#8145,#8146,#8147)),.UNSPECIFIED.,.F.,.F.,.F.,
(4,2,2,2,2,2,4),(4,4),(-3.97425385141726,-3.06347587059771,-2.55475303446428,
-2.04603019833085,-1.53580448496125,-1.,0.),(0.0566247094698508,10.),
 .UNSPECIFIED.);
#59=B_SPLINE_SURFACE_WITH_KNOTS('',3,3,((#8172,#8173,#8174,#8175),(#8176,
#8177,#8178,#8179),(#8180,#8181,#8182,#8183),(#8184,#8185,#8186,#8187),
(#8188,#8189,#8190,#8191),(#8192,#8193,#8194,#8195)),.UNSPECIFIED.,.F.,
 .F.,.F.,(4,2,4),(4,4),(-1.99999999999995,-1.,0.),(0.0566247094698507,10.),
 .UNSPECIFIED.);
#60=B_SPLINE_SURFACE_WITH_KNOTS('',3,3,((#8223,#8224,#8225,#8226),(#8227,
#8228,#8229,#8230),(#8231,#8232,#8233,#8234),(#8235,#8236,#8237,#8238),
(#8239,#8240,#8241,#8242),(#8243,#8244,#8245,#8246),(#8247,#8248,#8249,
#8250),(#8251,#8252,#8253,#8254),(#8255,#8256,#8257,#8258),(#8259,#8260,
#8261,#8262),(#8263,#8264,#8265,#8266),(#8267,#8268,#8269,#8270)),
 .UNSPECIFIED.,.F.,.F.,.F.,(4,2,2,2,2,4),(4,4),(-6.35032997971212,-4.16498393166076,
-3.10998928777386,-2.05499464388692,-1.,0.),(0.0566247094698508,10.),
 .UNSPECIFIED.);
#61=B_SPLINE_SURFACE_WITH_KNOTS('',3,3,((#8293,#8294,#8295,#8296),(#8297,
#8298,#8299,#8300),(#8301,#8302,#8303,#8304),(#8305,#8306,#8307,#8308),
(#8309,#8310,#8311,#8312),(#8313,#8314,#8315,#8316),(#8317,#8318,#8319,
#8320),(#8321,#8322,#8323,#8324),(#8325,#8326,#8327,#8328),(#8329,#8330,
#8331,#8332),(#8333,#8334,#8335,#8336),(#8337,#8338,#8339,#8340)),
 .UNSPECIFIED.,.F.,.F.,.F.,(4,2,2,2,2,4),(4,4),(-3.1603723000592,-2.57819482540806,
-2.03448275862078,-1.51724137931038,-1.,0.),(0.0566247094698513,10.),
 .UNSPECIFIED.);
#62=B_SPLINE_SURFACE_WITH_KNOTS('',3,3,((#8371,#8372,#8373,#8374),(#8375,
#8376,#8377,#8378),(#8379,#8380,#8381,#8382),(#8383,#8384,#8385,#8386),
(#8387,#8388,#8389,#8390),(#8391,#8392,#8393,#8394),(#8395,#8396,#8397,
#8398),(#8399,#8400,#8401,#8402),(#8403,#8404,#8405,#8406),(#8407,#8408,
#8409,#8410),(#8411,#8412,#8413,#8414),(#8415,#8416,#8417,#8418)),
 .UNSPECIFIED.,.F.,.F.,.F.,(4,2,2,2,2,4),(4,4),(-5.43901690244307,-3.70201028844355,
-2.83350698144379,-1.96500367444407,-1.,0.),(0.0566247094698513,10.),
 .UNSPECIFIED.);
#63=B_SPLINE_SURFACE_WITH_KNOTS('',3,3,((#8449,#8450,#8451,#8452),(#8453,
#8454,#8455,#8456),(#8457,#8458,#8459,#8460),(#8461,#8462,#8463,#8464),
(#8465,#8466,#8467,#8468),(#8469,#8470,#8471,#8472),(#8473,#8474,#8475,
#8476),(#8477,#8478,#8479,#8480),(#8481,#8482,#8483,#8484),(#8485,#8486,
#8487,#8488),(#8489,#8490,#8491,#8492),(#8493,#8494,#8495,#8496)),
 .UNSPECIFIED.,.F.,.F.,.F.,(4,2,2,2,2,4),(4,4),(-3.12375582039715,-2.55144576057061,
-2.01694915254246,-1.50847457627122,-1.,0.),(0.0566247094698513,10.),
 .UNSPECIFIED.);
#64=B_SPLINE_SURFACE_WITH_KNOTS('',3,3,((#8519,#8520,#8521,#8522),(#8523,
#8524,#8525,#8526),(#8527,#8528,#8529,#8530),(#8531,#8532,#8533,#8534),
(#8535,#8536,#8537,#8538),(#8539,#8540,#8541,#8542)),.UNSPECIFIED.,.F.,
 .F.,.F.,(4,2,4),(4,4),(-1.98460369918278,-1.,0.),(0.0566247094698508,10.),
 .UNSPECIFIED.);
#65=B_SPLINE_SURFACE_WITH_KNOTS('',3,3,((#8564,#8565,#8566,#8567),(#8568,
#8569,#8570,#8571),(#8572,#8573,#8574,#8575),(#8576,#8577,#8578,#8579),
(#8580,#8581,#8582,#8583),(#8584,#8585,#8586,#8587),(#8588,#8589,#8590,
#8591),(#8592,#8593,#8594,#8595),(#8596,#8597,#8598,#8599),(#8600,#8601,
#8602,#8603),(#8604,#8605,#8606,#8607),(#8608,#8609,#8610,#8611)),
 .UNSPECIFIED.,.F.,.F.,.F.,(4,2,2,2,2,4),(4,4),(-6.09007367289705,-4.05458855987907,
-3.01959612953095,-1.98460369918281,-1.,0.),(0.0566247094698507,10.),
 .UNSPECIFIED.);
#66=B_SPLINE_SURFACE_WITH_KNOTS('',3,3,((#8642,#8643,#8644,#8645),(#8646,
#8647,#8648,#8649),(#8650,#8651,#8652,#8653),(#8654,#8655,#8656,#8657),
(#8658,#8659,#8660,#8661),(#8662,#8663,#8664,#8665),(#8666,#8667,#8668,
#8669),(#8670,#8671,#8672,#8673),(#8674,#8675,#8676,#8677),(#8678,#8679,
#8680,#8681),(#8682,#8683,#8684,#8685),(#8686,#8687,#8688,#8689)),
 .UNSPECIFIED.,.F.,.F.,.F.,(4,2,2,2,2,4),(4,4),(-2.85209547886866,-2.40062401062082,
-1.94915254237298,-1.47457627118645,-1.,0.),(0.0566247094698507,10.),
 .UNSPECIFIED.);
#67=B_SPLINE_SURFACE_WITH_KNOTS('',3,3,((#8712,#8713,#8714,#8715),(#8716,
#8717,#8718,#8719),(#8720,#8721,#8722,#8723),(#8724,#8725,#8726,#8727),
(#8728,#8729,#8730,#8731),(#8732,#8733,#8734,#8735),(#8736,#8737,#8738,
#8739),(#8740,#8741,#8742,#8743)),.UNSPECIFIED.,.F.,.F.,.F.,(4,2,2,4),(4,
4),(-2.88226136356168,-1.96433205159451,-1.,0.),(0.0566247094698513,10.),
 .UNSPECIFIED.);
#68=B_SPLINE_SURFACE_WITH_KNOTS('',3,3,((#8756,#8757,#8758,#8759),(#8760,
#8761,#8762,#8763),(#8764,#8765,#8766,#8767),(#8768,#8769,#8770,#8771)),
 .UNSPECIFIED.,.F.,.F.,.F.,(4,4),(4,4),(-1.,0.),(0.0566247094698513,10.),
 .UNSPECIFIED.);
#69=B_SPLINE_SURFACE_WITH_KNOTS('',3,3,((#8799,#8800,#8801,#8802),(#8803,
#8804,#8805,#8806),(#8807,#8808,#8809,#8810),(#8811,#8812,#8813,#8814),
(#8815,#8816,#8817,#8818),(#8819,#8820,#8821,#8822)),.UNSPECIFIED.,.F.,
 .F.,.F.,(4,2,4),(4,4),(-2.00000000000011,-1.,0.),(0.0566247094698507,10.),
 .UNSPECIFIED.);
#70=B_SPLINE_SURFACE_WITH_KNOTS('',3,3,((#8832,#8833,#8834,#8835),(#8836,
#8837,#8838,#8839),(#8840,#8841,#8842,#8843),(#8844,#8845,#8846,#8847),
(#8848,#8849,#8850,#8851),(#8852,#8853,#8854,#8855)),.UNSPECIFIED.,.F.,
 .F.,.F.,(4,2,4),(4,4),(-2.03626548424914,-1.,0.),(0.0566247094698507,10.),
 .UNSPECIFIED.);
#71=B_SPLINE_SURFACE_WITH_KNOTS('',3,3,((#8869,#8870,#8871,#8872),(#8873,
#8874,#8875,#8876),(#8877,#8878,#8879,#8880),(#8881,#8882,#8883,#8884),
(#8885,#8886,#8887,#8888),(#8889,#8890,#8891,#8892),(#8893,#8894,#8895,
#8896),(#8897,#8898,#8899,#8900),(#8901,#8902,#8903,#8904),(#8905,#8906,
#8907,#8908),(#8909,#8910,#8911,#8912),(#8913,#8914,#8915,#8916)),
 .UNSPECIFIED.,.F.,.F.,.F.,(4,2,2,2,2,4),(4,4),(-3.02292385362347,-2.54132055924698,
-2.04190410453083,-1.51724137931032,-1.,0.),(0.0566247094698513,10.),
 .UNSPECIFIED.);
#72=B_SPLINE_SURFACE_WITH_KNOTS('',3,3,((#8951,#8952,#8953,#8954),(#8955,
#8956,#8957,#8958),(#8959,#8960,#8961,#8962),(#8963,#8964,#8965,#8966),
(#8967,#8968,#8969,#8970),(#8971,#8972,#8973,#8974),(#8975,#8976,#8977,
#8978),(#8979,#8980,#8981,#8982),(#8983,#8984,#8985,#8986),(#8987,#8988,
#8989,#8990),(#8991,#8992,#8993,#8994),(#8995,#8996,#8997,#8998)),
 .UNSPECIFIED.,.F.,.F.,.F.,(4,2,2,2,2,4),(4,4),(-5.7398848874019,-4.19034606809836,
-3.09996391828241,-2.02700755866139,-1.,0.),(0.0566247094698513,10.),
 .UNSPECIFIED.);
#73=B_SPLINE_SURFACE_WITH_KNOTS('',3,3,((#9033,#9034,#9035,#9036),(#9037,
#9038,#9039,#9040),(#9041,#9042,#9043,#9044),(#9045,#9046,#9047,#9048),
(#9049,#9050,#9051,#9052),(#9053,#9054,#9055,#9056),(#9057,#9058,#9059,
#9060),(#9061,#9062,#9063,#9064)),.UNSPECIFIED.,.F.,.F.,.F.,(4,2,2,4),(4,
4),(-4.17974976087639,-2.57096967453122,-1.,0.),(0.0566247094698507,10.),
 .UNSPECIFIED.);
#74=B_SPLINE_SURFACE_WITH_KNOTS('',3,3,((#9115,#9116,#9117,#9118),(#9119,
#9120,#9121,#9122),(#9123,#9124,#9125,#9126),(#9127,#9128,#9129,#9130),
(#9131,#9132,#9133,#9134),(#9135,#9136,#9137,#9138),(#9139,#9140,#9141,
#9142),(#9143,#9144,#9145,#9146),(#9147,#9148,#9149,#9150),(#9151,#9152,
#9153,#9154),(#9155,#9156,#9157,#9158),(#9159,#9160,#9161,#9162)),
 .UNSPECIFIED.,.F.,.F.,.F.,(4,2,2,2,2,4),(4,4),(-4.12179918279984,-3.99960580640664,
-3.02205879526118,-1.99322026081147,-1.,0.),(0.0566247094698513,10.),
 .UNSPECIFIED.);
#75=B_SPLINE_SURFACE_WITH_KNOTS('',3,3,((#9185,#9186,#9187,#9188),(#9189,
#9190,#9191,#9192),(#9193,#9194,#9195,#9196),(#9197,#9198,#9199,#9200),
(#9201,#9202,#9203,#9204),(#9205,#9206,#9207,#9208),(#9209,#9210,#9211,
#9212),(#9213,#9214,#9215,#9216),(#9217,#9218,#9219,#9220),(#9221,#9222,
#9223,#9224),(#9225,#9226,#9227,#9228),(#9229,#9230,#9231,#9232),(#9233,
#9234,#9235,#9236),(#9237,#9238,#9239,#9240),(#9241,#9242,#9243,#9244),
(#9245,#9246,#9247,#9248)),.UNSPECIFIED.,.F.,.F.,.F.,(4,2,2,2,2,2,2,4),
(4,4),(-4.2730088784574,-3.89027960959282,-3.5154498079923,-3.1406200063918,
-2.7628635346756,-1.88143176733781,-1.,0.),(0.0566247094698505,10.),
 .UNSPECIFIED.);
#76=B_SPLINE_SURFACE_WITH_KNOTS('',3,3,((#9277,#9278,#9279,#9280),(#9281,
#9282,#9283,#9284),(#9285,#9286,#9287,#9288),(#9289,#9290,#9291,#9292),
(#9293,#9294,#9295,#9296),(#9297,#9298,#9299,#9300),(#9301,#9302,#9303,
#9304),(#9305,#9306,#9307,#9308),(#9309,#9310,#9311,#9312),(#9313,#9314,
#9315,#9316),(#9317,#9318,#9319,#9320),(#9321,#9322,#9323,#9324)),
 .UNSPECIFIED.,.F.,.F.,.F.,(4,2,2,2,2,4),(4,4),(-6.27724555259346,-4.10110307846685,
-3.05055153923338,-2.00000000000003,-1.,0.),(0.0566247094698506,10.),
 .UNSPECIFIED.);
#77=B_SPLINE_SURFACE_WITH_KNOTS('',3,3,((#9347,#9348,#9349,#9350),(#9351,
#9352,#9353,#9354),(#9355,#9356,#9357,#9358),(#9359,#9360,#9361,#9362),
(#9363,#9364,#9365,#9366),(#9367,#9368,#9369,#9370),(#9371,#9372,#9373,
#9374),(#9375,#9376,#9377,#9378),(#9379,#9380,#9381,#9382),(#9383,#9384,
#9385,#9386),(#9387,#9388,#9389,#9390),(#9391,#9392,#9393,#9394),(#9395,
#9396,#9397,#9398),(#9399,#9400,#9401,#9402),(#9403,#9404,#9405,#9406),
(#9407,#9408,#9409,#9410),(#9411,#9412,#9413,#9414),(#9415,#9416,#9417,
#9418),(#9419,#9420,#9421,#9422),(#9423,#9424,#9425,#9426),(#9427,#9428,
#9429,#9430),(#9431,#9432,#9433,#9434)),.UNSPECIFIED.,.F.,.F.,.F.,(4,2,
2,2,2,2,2,2,2,2,4),(4,4),(0.,1.,2.27272727272728,3.55900322694887,4.83781523447649,
6.15588163869358,7.49979248220904,8.83498398967698,10.1416528794754,11.4127408522437,
12.4489538735222),(0.0566247094698506,10.),.UNSPECIFIED.);
#78=B_SPLINE_SURFACE_WITH_KNOTS('',3,3,((#9497,#9498,#9499,#9500),(#9501,
#9502,#9503,#9504),(#9505,#9506,#9507,#9508),(#9509,#9510,#9511,#9512),
(#9513,#9514,#9515,#9516),(#9517,#9518,#9519,#9520),(#9521,#9522,#9523,
#9524),(#9525,#9526,#9527,#9528),(#9529,#9530,#9531,#9532),(#9533,#9534,
#9535,#9536),(#9537,#9538,#9539,#9540),(#9541,#9542,#9543,#9544)),
 .UNSPECIFIED.,.F.,.F.,.F.,(4,2,2,2,2,4),(4,4),(-3.02961435346436,-2.48688338221673,
-1.97244383089535,-1.4827586206896,-1.,0.),(0.0566247094698513,10.),
 .UNSPECIFIED.);
#79=B_SPLINE_SURFACE_WITH_KNOTS('',3,3,((#9563,#9564,#9565,#9566),(#9567,
#9568,#9569,#9570),(#9571,#9572,#9573,#9574),(#9575,#9576,#9577,#9578),
(#9579,#9580,#9581,#9582),(#9583,#9584,#9585,#9586),(#9587,#9588,#9589,
#9590),(#9591,#9592,#9593,#9594),(#9595,#9596,#9597,#9598),(#9599,#9600,
#9601,#9602),(#9603,#9604,#9605,#9606),(#9607,#9608,#9609,#9610),(#9611,
#9612,#9613,#9614),(#9615,#9616,#9617,#9618)),.UNSPECIFIED.,.F.,.F.,.F.,
(4,2,2,2,2,2,4),(4,4),(-23.0970724089032,-11.9749591580375,-9.16163586517482,
-6.45859571036517,-3.75555555555565,-1.,0.),(0.0566247094698512,10.),
 .UNSPECIFIED.);
#80=B_SPLINE_SURFACE_WITH_KNOTS('',3,3,((#9648,#9649,#9650,#9651),(#9652,
#9653,#9654,#9655),(#9656,#9657,#9658,#9659),(#9660,#9661,#9662,#9663),
(#9664,#9665,#9666,#9667),(#9668,#9669,#9670,#9671),(#9672,#9673,#9674,
#9675),(#9676,#9677,#9678,#9679),(#9680,#9681,#9682,#9683),(#9684,#9685,
#9686,#9687),(#9688,#9689,#9690,#9691),(#9692,#9693,#9694,#9695)),
 .UNSPECIFIED.,.F.,.F.,.F.,(4,2,2,2,2,4),(4,4),(-5.72637490093591,-3.78720657999903,
-2.88226136356181,-1.96433205159451,-1.,0.),(0.0566247094698513,10.),
 .UNSPECIFIED.);
#81=B_SPLINE_SURFACE_WITH_KNOTS('',3,3,((#9735,#9736,#9737,#9738),(#9739,
#9740,#9741,#9742),(#9743,#9744,#9745,#9746),(#9747,#9748,#9749,#9750),
(#9751,#9752,#9753,#9754),(#9755,#9756,#9757,#9758)),.UNSPECIFIED.,.F.,
 .F.,.F.,(4,2,4),(4,4),(-1.99999999999997,-1.,0.),(0.0566247094698508,10.),
 .UNSPECIFIED.);
#82=B_SPLINE_SURFACE_WITH_KNOTS('',3,3,((#9768,#9769,#9770,#9771),(#9772,
#9773,#9774,#9775),(#9776,#9777,#9778,#9779),(#9780,#9781,#9782,#9783),
(#9784,#9785,#9786,#9787),(#9788,#9789,#9790,#9791)),.UNSPECIFIED.,.F.,
 .F.,.F.,(4,2,4),(4,4),(-2.03626548424915,-1.,0.),(0.0566247094698509,10.),
 .UNSPECIFIED.);
#83=B_SPLINE_SURFACE_WITH_KNOTS('',3,3,((#9805,#9806,#9807,#9808),(#9809,
#9810,#9811,#9812),(#9813,#9814,#9815,#9816),(#9817,#9818,#9819,#9820),
(#9821,#9822,#9823,#9824),(#9825,#9826,#9827,#9828),(#9829,#9830,#9831,
#9832),(#9833,#9834,#9835,#9836),(#9837,#9838,#9839,#9840),(#9841,#9842,
#9843,#9844),(#9845,#9846,#9847,#9848),(#9849,#9850,#9851,#9852)),
 .UNSPECIFIED.,.F.,.F.,.F.,(4,2,2,2,2,4),(4,4),(-3.02292385362378,-2.54132055924719,
-2.04190410453092,-1.51724137931033,-1.,0.),(0.0566247094698513,10.),
 .UNSPECIFIED.);
#84=B_SPLINE_SURFACE_WITH_KNOTS('',3,3,((#9887,#9888,#9889,#9890),(#9891,
#9892,#9893,#9894),(#9895,#9896,#9897,#9898),(#9899,#9900,#9901,#9902),
(#9903,#9904,#9905,#9906),(#9907,#9908,#9909,#9910),(#9911,#9912,#9913,
#9914),(#9915,#9916,#9917,#9918),(#9919,#9920,#9921,#9922),(#9923,#9924,
#9925,#9926),(#9927,#9928,#9929,#9930),(#9931,#9932,#9933,#9934)),
 .UNSPECIFIED.,.F.,.F.,.F.,(4,2,2,2,2,4),(4,4),(-5.73988488740136,-4.190346068098,
-3.09996391828216,-2.02700755866123,-1.,0.),(0.0566247094698513,10.),
 .UNSPECIFIED.);
#85=B_SPLINE_SURFACE_WITH_KNOTS('',3,3,((#9969,#9970,#9971,#9972),(#9973,
#9974,#9975,#9976),(#9977,#9978,#9979,#9980),(#9981,#9982,#9983,#9984),
(#9985,#9986,#9987,#9988),(#9989,#9990,#9991,#9992),(#9993,#9994,#9995,
#9996),(#9997,#9998,#9999,#10000)),.UNSPECIFIED.,.F.,.F.,.F.,(4,2,2,4),
(4,4),(-4.17974976087642,-2.57096967453121,-1.,0.),(0.0566247094698508,
10.),.UNSPECIFIED.);
#86=SPHERICAL_SURFACE('',#4861,2.);
#87=SPHERICAL_SURFACE('',#4865,2.);
#88=SPHERICAL_SURFACE('',#4878,2.);
#89=SPHERICAL_SURFACE('',#4887,2.);
#90=SPHERICAL_SURFACE('',#5003,2.5);
#91=SPHERICAL_SURFACE('',#5110,2.5);
#92=(
BOUNDED_CURVE()
B_SPLINE_CURVE(2,(#6423,#6424,#6425),.UNSPECIFIED.,.F.,.F.)
B_SPLINE_CURVE_WITH_KNOTS((3,3),(0.,1.89878040558945),.UNSPECIFIED.)
CURVE()
GEOMETRIC_REPRESENTATION_ITEM()
RATIONAL_B_SPLINE_CURVE((1.,1.00724361296087,1.00447804070391))
REPRESENTATION_ITEM('')
);
#93=(
BOUNDED_CURVE()
B_SPLINE_CURVE(2,(#6429,#6430,#6431),.UNSPECIFIED.,.F.,.F.)
B_SPLINE_CURVE_WITH_KNOTS((3,3),(2.09751940333125,2.74895958046839),
 .UNSPECIFIED.)
CURVE()
GEOMETRIC_REPRESENTATION_ITEM()
RATIONAL_B_SPLINE_CURVE((1.00379627727994,1.00248905451129,1.00000366612363))
REPRESENTATION_ITEM('')
);
#94=(
BOUNDED_CURVE()
B_SPLINE_CURVE(3,(#7372,#7373,#7374,#7375,#7376,#7377,#7378,#7379,#7380,
#7381,#7382,#7383,#7384),.UNSPECIFIED.,.F.,.F.)
B_SPLINE_CURVE_WITH_KNOTS((4,3,3,3,4),(-4.01918815929121,-3.0095940796456,
-1.99999999999999,-1.,0.),.UNSPECIFIED.)
CURVE()
GEOMETRIC_REPRESENTATION_ITEM()
RATIONAL_B_SPLINE_CURVE((1.,1.,1.,1.,1.,1.,1.,1.,1.,1.,1.,1.,1.))
REPRESENTATION_ITEM('')
);
#95=(
BOUNDED_CURVE()
B_SPLINE_CURVE(3,(#7451,#7452,#7453,#7454,#7455,#7456,#7457,#7458,#7459,
#7460,#7461,#7462,#7463,#7464,#7465,#7466),.UNSPECIFIED.,.F.,.F.)
B_SPLINE_CURVE_WITH_KNOTS((4,3,3,3,3,4),(-10.2102705050053,-8.02160586758919,
-5.75,-3.375,-1.,0.),.UNSPECIFIED.)
CURVE()
GEOMETRIC_REPRESENTATION_ITEM()
RATIONAL_B_SPLINE_CURVE((1.,1.,1.,1.,1.,1.,1.,1.,1.,1.,1.,1.,1.,1.,1.,1.))
REPRESENTATION_ITEM('')
);
#96=(
BOUNDED_CURVE()
B_SPLINE_CURVE(3,(#7509,#7510,#7511,#7512,#7513,#7514,#7515),
 .UNSPECIFIED.,.F.,.F.)
B_SPLINE_CURVE_WITH_KNOTS((4,3,4),(-1.92177719792494,-1.,0.),
 .UNSPECIFIED.)
CURVE()
GEOMETRIC_REPRESENTATION_ITEM()
RATIONAL_B_SPLINE_CURVE((1.,1.,1.,1.,1.,1.,1.))
REPRESENTATION_ITEM('')
);
#97=(
BOUNDED_CURVE()
B_SPLINE_CURVE(3,(#7582,#7583,#7584,#7585,#7586,#7587,#7588,#7589,#7590,
#7591,#7592,#7593,#7594),.UNSPECIFIED.,.F.,.F.)
B_SPLINE_CURVE_WITH_KNOTS((4,3,3,3,4),(-4.09124707006772,-3.03441442857284,
-2.00000000000001,-1.,0.),.UNSPECIFIED.)
CURVE()
GEOMETRIC_REPRESENTATION_ITEM()
RATIONAL_B_SPLINE_CURVE((1.,1.,1.,1.,1.,1.,1.,1.,1.,1.,1.,1.,1.))
REPRESENTATION_ITEM('')
);
#98=(
BOUNDED_CURVE()
B_SPLINE_CURVE(3,(#7644,#7645,#7646,#7647,#7648,#7649,#7650,#7651,#7652,
#7653,#7654,#7655,#7656,#7657,#7658,#7659),.UNSPECIFIED.,.F.,.F.)
B_SPLINE_CURVE_WITH_KNOTS((4,3,3,3,3,4),(-2.09064789985953,-1.83267708258891,
-1.58535885135027,-1.28504385627478,-1.,0.),.UNSPECIFIED.)
CURVE()
GEOMETRIC_REPRESENTATION_ITEM()
RATIONAL_B_SPLINE_CURVE((1.,1.,1.,1.,1.,1.,1.,1.,1.,1.,1.,1.,1.,1.,1.,1.))
REPRESENTATION_ITEM('')
);
#99=(
BOUNDED_CURVE()
B_SPLINE_CURVE(3,(#7715,#7716,#7717,#7718,#7719,#7720,#7721,#7722,#7723,
#7724,#7725,#7726,#7727,#7728,#7729,#7730),.UNSPECIFIED.,.F.,.F.)
B_SPLINE_CURVE_WITH_KNOTS((4,3,3,3,3,4),(-4.92951020894445,-4.1001231988581,
-3.07933918644414,-2.03966959322207,-1.,0.),.UNSPECIFIED.)
CURVE()
GEOMETRIC_REPRESENTATION_ITEM()
RATIONAL_B_SPLINE_CURVE((1.,1.,1.,1.,1.,1.,1.,1.,1.,1.,1.,1.,1.,1.,1.,1.))
REPRESENTATION_ITEM('')
);
#100=(
BOUNDED_CURVE()
B_SPLINE_CURVE(3,(#7817,#7818,#7819,#7820,#7821,#7822,#7823,#7824,#7825,
#7826,#7827,#7828,#7829,#7830,#7831,#7832,#7833,#7834,#7835,#7836,#7837,
#7838,#7839,#7840,#7841),.UNSPECIFIED.,.F.,.F.)
B_SPLINE_CURVE_WITH_KNOTS((4,3,3,3,3,3,3,3,4),(-5.85424299626552,-3.38585959124287,
-2.96216521430646,-2.51204488178793,-2.14135754912562,-1.74074074074074,
-1.37037037037037,-1.,0.),.UNSPECIFIED.)
CURVE()
GEOMETRIC_REPRESENTATION_ITEM()
RATIONAL_B_SPLINE_CURVE((1.,1.,1.,1.,1.,1.,1.,1.,1.,1.,1.,1.,1.,1.,1.,1.,
1.,1.,1.,1.,1.,1.,1.,1.,1.))
REPRESENTATION_ITEM('')
);
#101=(
BOUNDED_CURVE()
B_SPLINE_CURVE(3,(#7908,#7909,#7910,#7911,#7912,#7913,#7914,#7915,#7916,
#7917,#7918,#7919,#7920,#7921,#7922,#7923,#7924,#7925,#7926),
 .UNSPECIFIED.,.F.,.F.)
B_SPLINE_CURVE_WITH_KNOTS((4,3,3,3,3,3,4),(-4.3658659476263,-3.25485933982688,
-2.66234965538819,-2.10714285714286,-1.55357142857143,-1.,0.),
 .UNSPECIFIED.)
CURVE()
GEOMETRIC_REPRESENTATION_ITEM()
RATIONAL_B_SPLINE_CURVE((1.,1.,1.,1.,1.,1.,1.,1.,1.,1.,1.,1.,1.,1.,1.,1.,
1.,1.,1.))
REPRESENTATION_ITEM('')
);
#102=(
BOUNDED_CURVE()
B_SPLINE_CURVE(3,(#7981,#7982,#7983,#7984,#7985,#7986,#7987,#7988,#7989,
#7990,#7991,#7992,#7993,#7994,#7995,#7996),.UNSPECIFIED.,.F.,.F.)
B_SPLINE_CURVE_WITH_KNOTS((4,3,3,3,3,4),(-3.37287105923212,-2.71647509578545,
-2.10344827586208,-1.55172413793102,-1.,0.),.UNSPECIFIED.)
CURVE()
GEOMETRIC_REPRESENTATION_ITEM()
RATIONAL_B_SPLINE_CURVE((1.,1.,1.,1.,1.,1.,1.,1.,1.,1.,1.,1.,1.,1.,1.,1.))
REPRESENTATION_ITEM('')
);
#103=(
BOUNDED_CURVE()
B_SPLINE_CURVE(3,(#8059,#8060,#8061,#8062,#8063,#8064,#8065,#8066,#8067,
#8068,#8069,#8070,#8071,#8072,#8073,#8074),.UNSPECIFIED.,.F.,.F.)
B_SPLINE_CURVE_WITH_KNOTS((4,3,3,3,3,4),(-5.5278652894325,-3.75323799403592,
-2.85088513196984,-1.94853226990371,-1.,0.),.UNSPECIFIED.)
CURVE()
GEOMETRIC_REPRESENTATION_ITEM()
RATIONAL_B_SPLINE_CURVE((1.,1.,1.,1.,1.,1.,1.,1.,1.,1.,1.,1.,1.,1.,1.,1.))
REPRESENTATION_ITEM('')
);
#104=(
BOUNDED_CURVE()
B_SPLINE_CURVE(3,(#8150,#8151,#8152,#8153,#8154,#8155,#8156,#8157,#8158,
#8159,#8160,#8161,#8162,#8163,#8164,#8165,#8166,#8167,#8168),
 .UNSPECIFIED.,.F.,.F.)
B_SPLINE_CURVE_WITH_KNOTS((4,3,3,3,3,3,4),(-3.97425385141726,-3.06347587059771,
-2.55475303446428,-2.04603019833085,-1.53580448496125,-1.,0.),
 .UNSPECIFIED.)
CURVE()
GEOMETRIC_REPRESENTATION_ITEM()
RATIONAL_B_SPLINE_CURVE((1.,1.,1.,1.,1.,1.,1.,1.,1.,1.,1.,1.,1.,1.,1.,1.,
1.,1.,1.))
REPRESENTATION_ITEM('')
);
#105=(
BOUNDED_CURVE()
B_SPLINE_CURVE(3,(#8199,#8200,#8201,#8202,#8203,#8204,#8205),
 .UNSPECIFIED.,.F.,.F.)
B_SPLINE_CURVE_WITH_KNOTS((4,3,4),(-1.99999999999995,-1.,0.),
 .UNSPECIFIED.)
CURVE()
GEOMETRIC_REPRESENTATION_ITEM()
RATIONAL_B_SPLINE_CURVE((1.,1.,1.,1.,1.,1.,1.))
REPRESENTATION_ITEM('')
);
#106=(
BOUNDED_CURVE()
B_SPLINE_CURVE(3,(#8272,#8273,#8274,#8275,#8276,#8277,#8278,#8279,#8280,
#8281,#8282,#8283,#8284,#8285,#8286,#8287),.UNSPECIFIED.,.F.,.F.)
B_SPLINE_CURVE_WITH_KNOTS((4,3,3,3,3,4),(-6.35032997971212,-4.16498393166076,
-3.10998928777386,-2.05499464388692,-1.,0.),.UNSPECIFIED.)
CURVE()
GEOMETRIC_REPRESENTATION_ITEM()
RATIONAL_B_SPLINE_CURVE((1.,1.,1.,1.,1.,1.,1.,1.,1.,1.,1.,1.,1.,1.,1.,1.))
REPRESENTATION_ITEM('')
);
#107=(
BOUNDED_CURVE()
B_SPLINE_CURVE(3,(#8342,#8343,#8344,#8345,#8346,#8347,#8348,#8349,#8350,
#8351,#8352,#8353,#8354,#8355,#8356,#8357),.UNSPECIFIED.,.F.,.F.)
B_SPLINE_CURVE_WITH_KNOTS((4,3,3,3,3,4),(-3.1603723000592,-2.57819482540806,
-2.03448275862078,-1.51724137931038,-1.,0.),.UNSPECIFIED.)
CURVE()
GEOMETRIC_REPRESENTATION_ITEM()
RATIONAL_B_SPLINE_CURVE((1.,1.,1.,1.,1.,1.,1.,1.,1.,1.,1.,1.,1.,1.,1.,1.))
REPRESENTATION_ITEM('')
);
#108=(
BOUNDED_CURVE()
B_SPLINE_CURVE(3,(#8420,#8421,#8422,#8423,#8424,#8425,#8426,#8427,#8428,
#8429,#8430,#8431,#8432,#8433,#8434,#8435),.UNSPECIFIED.,.F.,.F.)
B_SPLINE_CURVE_WITH_KNOTS((4,3,3,3,3,4),(-5.43901690244307,-3.70201028844355,
-2.83350698144379,-1.96500367444407,-1.,0.),.UNSPECIFIED.)
CURVE()
GEOMETRIC_REPRESENTATION_ITEM()
RATIONAL_B_SPLINE_CURVE((1.,1.,1.,1.,1.,1.,1.,1.,1.,1.,1.,1.,1.,1.,1.,1.))
REPRESENTATION_ITEM('')
);
#109=(
BOUNDED_CURVE()
B_SPLINE_CURVE(3,(#8498,#8499,#8500,#8501,#8502,#8503,#8504,#8505,#8506,
#8507,#8508,#8509,#8510,#8511,#8512,#8513),.UNSPECIFIED.,.F.,.F.)
B_SPLINE_CURVE_WITH_KNOTS((4,3,3,3,3,4),(-3.12375582039715,-2.55144576057061,
-2.01694915254246,-1.50847457627122,-1.,0.),.UNSPECIFIED.)
CURVE()
GEOMETRIC_REPRESENTATION_ITEM()
RATIONAL_B_SPLINE_CURVE((1.,1.,1.,1.,1.,1.,1.,1.,1.,1.,1.,1.,1.,1.,1.,1.))
REPRESENTATION_ITEM('')
);
#110=(
BOUNDED_CURVE()
B_SPLINE_CURVE(3,(#8545,#8546,#8547,#8548,#8549,#8550,#8551),
 .UNSPECIFIED.,.F.,.F.)
B_SPLINE_CURVE_WITH_KNOTS((4,3,4),(-1.98460369918278,-1.,0.),
 .UNSPECIFIED.)
CURVE()
GEOMETRIC_REPRESENTATION_ITEM()
RATIONAL_B_SPLINE_CURVE((1.,1.,1.,1.,1.,1.,1.))
REPRESENTATION_ITEM('')
);
#111=(
BOUNDED_CURVE()
B_SPLINE_CURVE(3,(#8614,#8615,#8616,#8617,#8618,#8619,#8620,#8621,#8622,
#8623,#8624,#8625,#8626,#8627,#8628,#8629),.UNSPECIFIED.,.F.,.F.)
B_SPLINE_CURVE_WITH_KNOTS((4,3,3,3,3,4),(-6.09007367289705,-4.05458855987907,
-3.01959612953095,-1.98460369918281,-1.,0.),.UNSPECIFIED.)
CURVE()
GEOMETRIC_REPRESENTATION_ITEM()
RATIONAL_B_SPLINE_CURVE((1.,1.,1.,1.,1.,1.,1.,1.,1.,1.,1.,1.,1.,1.,1.,1.))
REPRESENTATION_ITEM('')
);
#112=(
BOUNDED_CURVE()
B_SPLINE_CURVE(3,(#8692,#8693,#8694,#8695,#8696,#8697,#8698,#8699,#8700,
#8701,#8702,#8703,#8704,#8705,#8706,#8707),.UNSPECIFIED.,.F.,.F.)
B_SPLINE_CURVE_WITH_KNOTS((4,3,3,3,3,4),(-2.85209547886866,-2.40062401062082,
-1.94915254237298,-1.47457627118645,-1.,0.),.UNSPECIFIED.)
CURVE()
GEOMETRIC_REPRESENTATION_ITEM()
RATIONAL_B_SPLINE_CURVE((1.,1.,1.,1.,1.,1.,1.,1.,1.,1.,1.,1.,1.,1.,1.,1.))
REPRESENTATION_ITEM('')
);
#113=(
BOUNDED_CURVE()
B_SPLINE_CURVE(3,(#8746,#8747,#8748,#8749,#8750,#8751,#8752,#8753,#8754,
#8755),.UNSPECIFIED.,.F.,.F.)
B_SPLINE_CURVE_WITH_KNOTS((4,3,3,4),(-2.88226136356168,-1.96433205159451,
-1.,0.),.UNSPECIFIED.)
CURVE()
GEOMETRIC_REPRESENTATION_ITEM()
RATIONAL_B_SPLINE_CURVE((1.,1.,1.,1.,1.,1.,1.,1.,1.,1.))
REPRESENTATION_ITEM('')
);
#114=(
BOUNDED_CURVE()
B_SPLINE_CURVE(3,(#8774,#8775,#8776,#8777),.UNSPECIFIED.,.F.,.F.)
B_SPLINE_CURVE_WITH_KNOTS((4,4),(-1.,0.),.UNSPECIFIED.)
CURVE()
GEOMETRIC_REPRESENTATION_ITEM()
RATIONAL_B_SPLINE_CURVE((1.,1.,1.,1.))
REPRESENTATION_ITEM('')
);
#115=(
BOUNDED_CURVE()
B_SPLINE_CURVE(3,(#8824,#8825,#8826,#8827,#8828,#8829,#8830),
 .UNSPECIFIED.,.F.,.F.)
B_SPLINE_CURVE_WITH_KNOTS((4,3,4),(-2.00000000000011,-1.,0.),
 .UNSPECIFIED.)
CURVE()
GEOMETRIC_REPRESENTATION_ITEM()
RATIONAL_B_SPLINE_CURVE((1.,1.,1.,1.,1.,1.,1.))
REPRESENTATION_ITEM('')
);
#116=(
BOUNDED_CURVE()
B_SPLINE_CURVE(3,(#8857,#8858,#8859,#8860,#8861,#8862,#8863),
 .UNSPECIFIED.,.F.,.F.)
B_SPLINE_CURVE_WITH_KNOTS((4,3,4),(-2.03626548424914,-1.,0.),
 .UNSPECIFIED.)
CURVE()
GEOMETRIC_REPRESENTATION_ITEM()
RATIONAL_B_SPLINE_CURVE((1.,1.,1.,1.,1.,1.,1.))
REPRESENTATION_ITEM('')
);
#117=(
BOUNDED_CURVE()
B_SPLINE_CURVE(3,(#8918,#8919,#8920,#8921,#8922,#8923,#8924,#8925,#8926,
#8927,#8928,#8929,#8930,#8931,#8932,#8933),.UNSPECIFIED.,.F.,.F.)
B_SPLINE_CURVE_WITH_KNOTS((4,3,3,3,3,4),(-3.02292385362347,-2.54132055924698,
-2.04190410453083,-1.51724137931032,-1.,0.),.UNSPECIFIED.)
CURVE()
GEOMETRIC_REPRESENTATION_ITEM()
RATIONAL_B_SPLINE_CURVE((1.,1.,1.,1.,1.,1.,1.,1.,1.,1.,1.,1.,1.,1.,1.,1.))
REPRESENTATION_ITEM('')
);
#118=(
BOUNDED_CURVE()
B_SPLINE_CURVE(3,(#9000,#9001,#9002,#9003,#9004,#9005,#9006,#9007,#9008,
#9009,#9010,#9011,#9012,#9013,#9014,#9015),.UNSPECIFIED.,.F.,.F.)
B_SPLINE_CURVE_WITH_KNOTS((4,3,3,3,3,4),(-5.7398848874019,-4.19034606809836,
-3.09996391828241,-2.02700755866139,-1.,0.),.UNSPECIFIED.)
CURVE()
GEOMETRIC_REPRESENTATION_ITEM()
RATIONAL_B_SPLINE_CURVE((1.,1.,1.,1.,1.,1.,1.,1.,1.,1.,1.,1.,1.,1.,1.,1.))
REPRESENTATION_ITEM('')
);
#119=(
BOUNDED_CURVE()
B_SPLINE_CURVE(3,(#9067,#9068,#9069,#9070,#9071,#9072,#9073,#9074,#9075,
#9076),.UNSPECIFIED.,.F.,.F.)
B_SPLINE_CURVE_WITH_KNOTS((4,3,3,4),(-4.17974976087639,-2.57096967453122,
-1.,0.),.UNSPECIFIED.)
CURVE()
GEOMETRIC_REPRESENTATION_ITEM()
RATIONAL_B_SPLINE_CURVE((1.,1.,1.,1.,1.,1.,1.,1.,1.,1.))
REPRESENTATION_ITEM('')
);
#120=(
BOUNDED_CURVE()
B_SPLINE_CURVE(3,(#9164,#9165,#9166,#9167,#9168,#9169,#9170,#9171,#9172,
#9173,#9174,#9175,#9176,#9177,#9178,#9179),.UNSPECIFIED.,.F.,.F.)
B_SPLINE_CURVE_WITH_KNOTS((4,3,3,3,3,4),(-4.12179918279984,-3.99960580640664,
-3.02205879526118,-1.99322026081147,-1.,0.),.UNSPECIFIED.)
CURVE()
GEOMETRIC_REPRESENTATION_ITEM()
RATIONAL_B_SPLINE_CURVE((1.,1.,1.,1.,1.,1.,1.,1.,1.,1.,1.,1.,1.,1.,1.,1.))
REPRESENTATION_ITEM('')
);
#121=(
BOUNDED_CURVE()
B_SPLINE_CURVE(3,(#9250,#9251,#9252,#9253,#9254,#9255,#9256,#9257,#9258,
#9259,#9260,#9261,#9262,#9263,#9264,#9265,#9266,#9267,#9268,#9269,#9270,
#9271),.UNSPECIFIED.,.F.,.F.)
B_SPLINE_CURVE_WITH_KNOTS((4,3,3,3,3,3,3,4),(-4.2730088784574,-3.89027960959282,
-3.5154498079923,-3.1406200063918,-2.7628635346756,-1.88143176733781,-1.,
0.),.UNSPECIFIED.)
CURVE()
GEOMETRIC_REPRESENTATION_ITEM()
RATIONAL_B_SPLINE_CURVE((1.,1.,1.,1.,1.,1.,1.,1.,1.,1.,1.,1.,1.,1.,1.,1.,
1.,1.,1.,1.,1.,1.))
REPRESENTATION_ITEM('')
);
#122=(
BOUNDED_CURVE()
B_SPLINE_CURVE(3,(#9326,#9327,#9328,#9329,#9330,#9331,#9332,#9333,#9334,
#9335,#9336,#9337,#9338,#9339,#9340,#9341),.UNSPECIFIED.,.F.,.F.)
B_SPLINE_CURVE_WITH_KNOTS((4,3,3,3,3,4),(-6.27724555259346,-4.10110307846685,
-3.05055153923338,-2.00000000000003,-1.,0.),.UNSPECIFIED.)
CURVE()
GEOMETRIC_REPRESENTATION_ITEM()
RATIONAL_B_SPLINE_CURVE((1.,1.,1.,1.,1.,1.,1.,1.,1.,1.,1.,1.,1.,1.,1.,1.))
REPRESENTATION_ITEM('')
);
#123=(
BOUNDED_CURVE()
B_SPLINE_CURVE(3,(#9466,#9467,#9468,#9469,#9470,#9471,#9472,#9473,#9474,
#9475,#9476,#9477,#9478,#9479,#9480,#9481,#9482,#9483,#9484,#9485,#9486,
#9487,#9488,#9489,#9490,#9491,#9492,#9493,#9494,#9495,#9496),
 .UNSPECIFIED.,.F.,.F.)
B_SPLINE_CURVE_WITH_KNOTS((4,3,3,3,3,3,3,3,3,3,4),(-12.4489538735222,-11.4127408522437,
-10.1416528794754,-8.83498398967698,-7.49979248220904,-6.15588163869358,
-4.83781523447649,-3.55900322694887,-2.27272727272728,-1.,0.),
 .UNSPECIFIED.)
CURVE()
GEOMETRIC_REPRESENTATION_ITEM()
RATIONAL_B_SPLINE_CURVE((1.,1.,1.,1.,1.,1.,1.,1.,1.,1.,1.,1.,1.,1.,1.,1.,
1.,1.,1.,1.,1.,1.,1.,1.,1.,1.,1.,1.,1.,1.,1.))
REPRESENTATION_ITEM('')
);
#124=(
BOUNDED_CURVE()
B_SPLINE_CURVE(3,(#9546,#9547,#9548,#9549,#9550,#9551,#9552,#9553,#9554,
#9555,#9556,#9557,#9558,#9559,#9560,#9561),.UNSPECIFIED.,.F.,.F.)
B_SPLINE_CURVE_WITH_KNOTS((4,3,3,3,3,4),(-3.02961435346436,-2.48688338221673,
-1.97244383089535,-1.4827586206896,-1.,0.),.UNSPECIFIED.)
CURVE()
GEOMETRIC_REPRESENTATION_ITEM()
RATIONAL_B_SPLINE_CURVE((1.,1.,1.,1.,1.,1.,1.,1.,1.,1.,1.,1.,1.,1.,1.,1.))
REPRESENTATION_ITEM('')
);
#125=(
BOUNDED_CURVE()
B_SPLINE_CURVE(3,(#9621,#9622,#9623,#9624,#9625,#9626,#9627,#9628,#9629,
#9630,#9631,#9632,#9633,#9634,#9635,#9636,#9637,#9638,#9639),
 .UNSPECIFIED.,.F.,.F.)
B_SPLINE_CURVE_WITH_KNOTS((4,3,3,3,3,3,4),(-23.0970724089032,-11.9749591580375,
-9.16163586517482,-6.45859571036517,-3.75555555555565,-1.,0.),
 .UNSPECIFIED.)
CURVE()
GEOMETRIC_REPRESENTATION_ITEM()
RATIONAL_B_SPLINE_CURVE((1.,1.,1.,1.,1.,1.,1.,1.,1.,1.,1.,1.,1.,1.,1.,1.,
1.,1.,1.))
REPRESENTATION_ITEM('')
);
#126=(
BOUNDED_CURVE()
B_SPLINE_CURVE(3,(#9698,#9699,#9700,#9701,#9702,#9703,#9704,#9705,#9706,
#9707,#9708,#9709,#9710,#9711,#9712,#9713),.UNSPECIFIED.,.F.,.F.)
B_SPLINE_CURVE_WITH_KNOTS((4,3,3,3,3,4),(-5.72637490093591,-3.78720657999903,
-2.88226136356181,-1.96433205159451,-1.,0.),.UNSPECIFIED.)
CURVE()
GEOMETRIC_REPRESENTATION_ITEM()
RATIONAL_B_SPLINE_CURVE((1.,1.,1.,1.,1.,1.,1.,1.,1.,1.,1.,1.,1.,1.,1.,1.))
REPRESENTATION_ITEM('')
);
#127=(
BOUNDED_CURVE()
B_SPLINE_CURVE(3,(#9760,#9761,#9762,#9763,#9764,#9765,#9766),
 .UNSPECIFIED.,.F.,.F.)
B_SPLINE_CURVE_WITH_KNOTS((4,3,4),(-1.99999999999997,-1.,0.),
 .UNSPECIFIED.)
CURVE()
GEOMETRIC_REPRESENTATION_ITEM()
RATIONAL_B_SPLINE_CURVE((1.,1.,1.,1.,1.,1.,1.))
REPRESENTATION_ITEM('')
);
#128=(
BOUNDED_CURVE()
B_SPLINE_CURVE(3,(#9793,#9794,#9795,#9796,#9797,#9798,#9799),
 .UNSPECIFIED.,.F.,.F.)
B_SPLINE_CURVE_WITH_KNOTS((4,3,4),(-2.03626548424915,-1.,0.),
 .UNSPECIFIED.)
CURVE()
GEOMETRIC_REPRESENTATION_ITEM()
RATIONAL_B_SPLINE_CURVE((1.,1.,1.,1.,1.,1.,1.))
REPRESENTATION_ITEM('')
);
#129=(
BOUNDED_CURVE()
B_SPLINE_CURVE(3,(#9854,#9855,#9856,#9857,#9858,#9859,#9860,#9861,#9862,
#9863,#9864,#9865,#9866,#9867,#9868,#9869),.UNSPECIFIED.,.F.,.F.)
B_SPLINE_CURVE_WITH_KNOTS((4,3,3,3,3,4),(-3.02292385362378,-2.54132055924719,
-2.04190410453092,-1.51724137931033,-1.,0.),.UNSPECIFIED.)
CURVE()
GEOMETRIC_REPRESENTATION_ITEM()
RATIONAL_B_SPLINE_CURVE((1.,1.,1.,1.,1.,1.,1.,1.,1.,1.,1.,1.,1.,1.,1.,1.))
REPRESENTATION_ITEM('')
);
#130=(
BOUNDED_CURVE()
B_SPLINE_CURVE(3,(#9936,#9937,#9938,#9939,#9940,#9941,#9942,#9943,#9944,
#9945,#9946,#9947,#9948,#9949,#9950,#9951),.UNSPECIFIED.,.F.,.F.)
B_SPLINE_CURVE_WITH_KNOTS((4,3,3,3,3,4),(-5.73988488740136,-4.190346068098,
-3.09996391828216,-2.02700755866123,-1.,0.),.UNSPECIFIED.)
CURVE()
GEOMETRIC_REPRESENTATION_ITEM()
RATIONAL_B_SPLINE_CURVE((1.,1.,1.,1.,1.,1.,1.,1.,1.,1.,1.,1.,1.,1.,1.,1.))
REPRESENTATION_ITEM('')
);
#131=(
BOUNDED_CURVE()
B_SPLINE_CURVE(3,(#10003,#10004,#10005,#10006,#10007,#10008,#10009,#10010,
#10011,#10012),.UNSPECIFIED.,.F.,.F.)
B_SPLINE_CURVE_WITH_KNOTS((4,3,3,4),(-4.17974976087642,-2.57096967453121,
-1.,0.),.UNSPECIFIED.)
CURVE()
GEOMETRIC_REPRESENTATION_ITEM()
RATIONAL_B_SPLINE_CURVE((1.,1.,1.,1.,1.,1.,1.,1.,1.,1.))
REPRESENTATION_ITEM('')
);
#132=(
BOUNDED_CURVE()
B_SPLINE_CURVE(2,(#10096,#10097,#10098),.UNSPECIFIED.,.F.,.F.)
B_SPLINE_CURVE_WITH_KNOTS((3,3),(0.00048037620436748,0.0243152104642012),
 .UNSPECIFIED.)
CURVE()
GEOMETRIC_REPRESENTATION_ITEM()
RATIONAL_B_SPLINE_CURVE((1.00000366612361,1.00009460128876,1.00018395927291))
REPRESENTATION_ITEM('')
);
#133=(
BOUNDED_CURVE()
B_SPLINE_CURVE(2,(#10101,#10102,#10103),.UNSPECIFIED.,.F.,.F.)
B_SPLINE_CURVE_WITH_KNOTS((3,3),(0.849501309012635,2.74828171453288),
 .UNSPECIFIED.)
CURVE()
GEOMETRIC_REPRESENTATION_ITEM()
RATIONAL_B_SPLINE_CURVE((1.00447804072944,1.00724361300159,1.))
REPRESENTATION_ITEM('')
);
#134=(
BOUNDED_CURVE()
B_SPLINE_CURVE(2,(#11181,#11182,#11183),.UNSPECIFIED.,.F.,.F.)
B_SPLINE_CURVE_WITH_KNOTS((3,3),(0.849501308943428,2.74828171453288),
 .UNSPECIFIED.)
CURVE()
GEOMETRIC_REPRESENTATION_ITEM()
RATIONAL_B_SPLINE_CURVE((1.00447804070391,1.00724361296087,1.))
REPRESENTATION_ITEM('')
);
#135=(
BOUNDED_CURVE()
B_SPLINE_CURVE(2,(#11186,#11187,#11188),.UNSPECIFIED.,.F.,.F.)
B_SPLINE_CURVE_WITH_KNOTS((3,3),(0.,1.89878040551504),.UNSPECIFIED.)
CURVE()
GEOMETRIC_REPRESENTATION_ITEM()
RATIONAL_B_SPLINE_CURVE((1.,1.00724361298228,1.00447804071753))
REPRESENTATION_ITEM('')
);
#136=(
BOUNDED_CURVE()
B_SPLINE_CURVE(2,(#11194,#11195,#11196),.UNSPECIFIED.,.F.,.F.)
B_SPLINE_CURVE_WITH_KNOTS((3,3),(0.000480376204349159,0.651920553322716),
 .UNSPECIFIED.)
CURVE()
GEOMETRIC_REPRESENTATION_ITEM()
RATIONAL_B_SPLINE_CURVE((1.00000366612362,1.00248905450548,1.00379627727112))
REPRESENTATION_ITEM('')
);
#137=(
BOUNDED_CURVE()
B_SPLINE_CURVE(2,(#11207,#11208,#11209),.UNSPECIFIED.,.F.,.F.)
B_SPLINE_CURVE_WITH_KNOTS((3,3),(2.72512474620797,2.74895958046839),
 .UNSPECIFIED.)
CURVE()
GEOMETRIC_REPRESENTATION_ITEM()
RATIONAL_B_SPLINE_CURVE((1.00018395927275,1.00009460128868,1.00000366612361))
REPRESENTATION_ITEM('')
);
#138=B_SPLINE_CURVE_WITH_KNOTS('',3,(#6257,#6258,#6259,#6260,#6261,#6262,
#6263,#6264,#6265,#6266,#6267,#6268,#6269,#6270,#6271,#6272),
 .UNSPECIFIED.,.F.,.F.,(4,2,2,2,2,2,2,4),(0.782161903182263,0.820223626512363,
0.874069761164412,0.920367600165353,0.958955156920887,0.997542713676422,
1.07355447573345,1.14956623779047),.UNSPECIFIED.);
#139=B_SPLINE_CURVE_WITH_KNOTS('',3,(#6300,#6301,#6302,#6303,#6304,#6305,
#6306,#6307,#6308,#6309,#6310,#6311),.UNSPECIFIED.,.F.,.F.,(4,2,2,2,2,4),
(-5.72333612853301,-5.52389180225087,-3.15357659549134,-1.68142188553623,
-0.708148430464425,-0.221125141908341),.UNSPECIFIED.);
#140=B_SPLINE_CURVE_WITH_KNOTS('',3,(#6317,#6318,#6319,#6320,#6321,#6322,
#6323,#6324,#6325,#6326,#6327,#6328,#6329,#6330,#6331,#6332),
 .UNSPECIFIED.,.F.,.F.,(4,2,2,2,2,2,2,4),(-4.28395024104337,-1.83925816531797,
-0.697641749696345,-0.333587997476789,-0.141225433845137,-0.0687742865200265,
-0.0300936058877194,0.),.UNSPECIFIED.);
#141=B_SPLINE_CURVE_WITH_KNOTS('',3,(#6344,#6345,#6346,#6347,#6348,#6349,
#6350,#6351,#6352,#6353,#6354,#6355,#6356,#6357),.UNSPECIFIED.,.F.,.F.,
(4,2,2,2,2,2,4),(-6.05807149348745,-6.00706678760801,-5.9497223932677,-5.8064741301334,
-5.39573983330187,-3.99143411892351,0.),.UNSPECIFIED.);
#142=B_SPLINE_CURVE_WITH_KNOTS('',3,(#6363,#6364,#6365,#6366,#6367,#6368,
#6369,#6370,#6371,#6372,#6373,#6374),.UNSPECIFIED.,.F.,.F.,(4,2,2,2,2,4),
(-9.89973578542119,-9.3798702574467,-8.43454238292534,-6.4612629604469,
-3.0270404828538,-2.01495118884097),.UNSPECIFIED.);
#143=B_SPLINE_CURVE_WITH_KNOTS('',3,(#6391,#6392,#6393,#6394,#6395,#6396,
#6397,#6398,#6399,#6400,#6401,#6402,#6403,#6404,#6405,#6406),
 .UNSPECIFIED.,.F.,.F.,(4,2,2,2,2,2,2,4),(0.229059746190177,0.235042705921803,
0.286927193502272,0.33881168108274,0.38807769460794,0.437343708133139,0.487550376033532,
0.537757043933926),.UNSPECIFIED.);
#144=B_SPLINE_CURVE_WITH_KNOTS('',3,(#6473,#6474,#6475,#6476,#6477,#6478,
#6479,#6480,#6481,#6482,#6483,#6484,#6485,#6486,#6487,#6488),
 .UNSPECIFIED.,.F.,.F.,(4,2,2,2,2,2,2,4),(-0.0334655122470066,-0.0316549203272414,
-0.0265661417550693,-0.0209732349269938,-0.0177821776579953,-0.0163465716794701,
-0.0154694398080338,-0.0149062815337707),.UNSPECIFIED.);
#145=B_SPLINE_CURVE_WITH_KNOTS('',3,(#6492,#6493,#6494,#6495,#6496,#6497,
#6498,#6499,#6500,#6501,#6502,#6503,#6504,#6505),.UNSPECIFIED.,.F.,.F.,
(4,2,2,2,2,2,4),(-0.0439900263430579,-0.0428706944644968,-0.0408432037202763,
-0.0373785733109011,-0.0287571384896084,-0.0195342911926378,-0.0116087899520085),
 .UNSPECIFIED.);
#146=B_SPLINE_CURVE_WITH_KNOTS('',3,(#6509,#6510,#6511,#6512,#6513,#6514,
#6515,#6516,#6517,#6518,#6519,#6520,#6521,#6522,#6523,#6524),
 .UNSPECIFIED.,.F.,.F.,(4,2,2,2,2,2,2,4),(-0.0264204186445038,-0.021148693850208,
-0.0146554572575524,-0.00952607476752867,-0.00709436003307424,-0.00577820144794016,
-0.00479952587283978,-0.00464968487913598),.UNSPECIFIED.);
#147=B_SPLINE_CURVE_WITH_KNOTS('',3,(#6549,#6550,#6551,#6552,#6553,#6554,
#6555,#6556,#6557,#6558,#6559,#6560,#6561,#6562,#6563,#6564),
 .UNSPECIFIED.,.F.,.F.,(4,2,2,2,2,2,2,4),(1.61327113180178,1.66347779970217,
1.71368446760256,1.76295048112776,1.81221649465296,1.86410098223343,1.9159854698139,
1.92196842954552),.UNSPECIFIED.);
#148=B_SPLINE_CURVE_WITH_KNOTS('',3,(#6587,#6588,#6589,#6590,#6591,#6592,
#6593,#6594,#6595,#6596),.UNSPECIFIED.,.F.,.F.,(4,3,3,4),(0.,0.107621897011942,
0.212714406520418,0.279610993521588),.UNSPECIFIED.);
#149=B_SPLINE_CURVE_WITH_KNOTS('',3,(#6608,#6609,#6610,#6611,#6612,#6613,
#6614),.UNSPECIFIED.,.F.,.F.,(4,3,4),(0.,0.0575822212740413,0.115164442548084),
 .UNSPECIFIED.);
#150=B_SPLINE_CURVE_WITH_KNOTS('',3,(#6616,#6617,#6618,#6619,#6620,#6621,
#6622),.UNSPECIFIED.,.F.,.F.,(4,3,4),(0.,0.09077202283471,0.178367358406927),
 .UNSPECIFIED.);
#151=B_SPLINE_CURVE_WITH_KNOTS('',3,(#6626,#6627,#6628,#6629,#6630,#6631,
#6632,#6633,#6634,#6635,#6636,#6637,#6638,#6639,#6640,#6641),
 .UNSPECIFIED.,.F.,.F.,(4,3,3,3,3,4),(0.,0.286566993683038,0.583733299842004,
0.895921820185563,1.2036944388702,1.7987215016605),.UNSPECIFIED.);
#152=B_SPLINE_CURVE_WITH_KNOTS('',3,(#6650,#6651,#6652,#6653,#6654,#6655,
#6656,#6657,#6658,#6659,#6660,#6661,#6662,#6663,#6664,#6665),
 .UNSPECIFIED.,.F.,.F.,(4,3,3,3,3,4),(0.,0.625006624712834,1.06481236472644,
1.49758941066862,1.91183300353452,2.31518309514037),.UNSPECIFIED.);
#153=B_SPLINE_CURVE_WITH_KNOTS('',3,(#6668,#6669,#6670,#6671,#6672,#6673,
#6674,#6675,#6676,#6677,#6678,#6679,#6680,#6681,#6682,#6683),
 .UNSPECIFIED.,.F.,.F.,(4,3,3,3,3,4),(0.,0.207115662724721,0.403434823134531,
0.590307292573875,0.774536453902826,1.15615400236999),.UNSPECIFIED.);
#154=B_SPLINE_CURVE_WITH_KNOTS('',3,(#6691,#6692,#6693,#6694,#6695,#6696,
#6697,#6698,#6699,#6700,#6701,#6702,#6703,#6704,#6705,#6706),
 .UNSPECIFIED.,.F.,.F.,(4,3,3,3,3,4),(0.,1.66838843242657,2.44696970089231,
3.23672200312238,4.06639749984314,4.92676037521257),.UNSPECIFIED.);
#155=B_SPLINE_CURVE_WITH_KNOTS('',3,(#6712,#6713,#6714,#6715,#6716,#6717,
#6718,#6719,#6720,#6721,#6722,#6723,#6724,#6725,#6726,#6727,#6728,#6729,
#6730),.UNSPECIFIED.,.F.,.F.,(4,3,3,3,3,3,4),(0.,0.652369146666454,0.817385027593472,
0.975932235253047,1.13447944291262,1.29610694892906,1.35476209224147),
 .UNSPECIFIED.);
#156=B_SPLINE_CURVE_WITH_KNOTS('',3,(#6734,#6735,#6736,#6737,#6738,#6739,
#6740,#6741,#6742,#6743,#6744,#6745,#6746,#6747,#6748,#6749),
 .UNSPECIFIED.,.F.,.F.,(4,3,3,3,3,4),(0.,0.0170457618132752,0.153411856319456,
0.29693302841733,0.435485513778175,0.574983760871572),.UNSPECIFIED.);
#157=B_SPLINE_CURVE_WITH_KNOTS('',3,(#6753,#6754,#6755,#6756,#6757,#6758,
#6759,#6760,#6761,#6762,#6763,#6764,#6765,#6766,#6767,#6768,#6769,#6770,
#6771,#6772,#6773,#6774),.UNSPECIFIED.,.F.,.F.,(4,3,3,3,3,3,3,4),(0.,8.8005245391675,
17.4194077429077,26.0382909466476,34.7244703680183,54.9922223512166,75.2599743344153,
98.2540990463183),.UNSPECIFIED.);
#158=B_SPLINE_CURVE_WITH_KNOTS('',3,(#6778,#6779,#6780,#6781,#6782,#6783,
#6784,#6785,#6786,#6787,#6788,#6789,#6790,#6791,#6792,#6793),
 .UNSPECIFIED.,.F.,.F.,(4,3,3,3,3,4),(0.,1.05836336215702,1.56929739906038,
2.08023143596368,2.56657981376547,3.05292819156725),.UNSPECIFIED.);
#159=B_SPLINE_CURVE_WITH_KNOTS('',3,(#6811,#6812,#6813,#6814,#6815,#6816,
#6817,#6818,#6819,#6820),.UNSPECIFIED.,.F.,.F.,(4,3,3,4),(0.,0.107621897012143,
0.212714406520818,0.279610993522115),.UNSPECIFIED.);
#160=B_SPLINE_CURVE_WITH_KNOTS('',3,(#6832,#6833,#6834,#6835,#6836,#6837,
#6838),.UNSPECIFIED.,.F.,.F.,(4,3,4),(0.,0.0575822212741155,0.115164442548225),
 .UNSPECIFIED.);
#161=B_SPLINE_CURVE_WITH_KNOTS('',3,(#6840,#6841,#6842,#6843,#6844,#6845,
#6846),.UNSPECIFIED.,.F.,.F.,(4,3,4),(0.,0.0907720228288754,0.178367358395463),
 .UNSPECIFIED.);
#162=B_SPLINE_CURVE_WITH_KNOTS('',3,(#6850,#6851,#6852,#6853,#6854,#6855,
#6856,#6857,#6858,#6859,#6860,#6861,#6862,#6863,#6864,#6865),
 .UNSPECIFIED.,.F.,.F.,(4,3,3,3,3,4),(0.,0.286566993682964,0.583733299841853,
0.895921820185357,1.20369443886997,1.79872150166025),.UNSPECIFIED.);
#163=B_SPLINE_CURVE_WITH_KNOTS('',3,(#6874,#6875,#6876,#6877,#6878,#6879,
#6880,#6881,#6882,#6883,#6884,#6885,#6886,#6887,#6888,#6889),
 .UNSPECIFIED.,.F.,.F.,(4,3,3,3,3,4),(0.,0.625006624714126,1.06481236472864,
1.4975894106717,1.91183300353849,2.31518309514513),.UNSPECIFIED.);
#164=B_SPLINE_CURVE_WITH_KNOTS('',3,(#6900,#6901,#6902,#6903),
 .UNSPECIFIED.,.F.,.F.,(4,4),(0.,0.079840577279531),.UNSPECIFIED.);
#165=B_SPLINE_CURVE_WITH_KNOTS('',3,(#6905,#6906,#6907,#6908,#6909,#6910,
#6911,#6912,#6913,#6914),.UNSPECIFIED.,.F.,.F.,(4,3,3,4),(0.,0.0490996266425757,
0.100681314987716,0.154170865874104),.UNSPECIFIED.);
#166=B_SPLINE_CURVE_WITH_KNOTS('',3,(#6918,#6919,#6920,#6921,#6922,#6923,
#6924,#6925,#6926,#6927,#6928,#6929,#6930,#6931,#6932,#6933),
 .UNSPECIFIED.,.F.,.F.,(4,3,3,3,3,4),(0.,0.0736634641299159,0.147326928259833,
0.224760242628809,0.302193556997773,0.465356612275229),.UNSPECIFIED.);
#167=B_SPLINE_CURVE_WITH_KNOTS('',3,(#6941,#6942,#6943,#6944,#6945,#6946,
#6947,#6948,#6949,#6950,#6951,#6952,#6953,#6954,#6955,#6956),
 .UNSPECIFIED.,.F.,.F.,(4,3,3,3,3,4),(0.,1.68031419479399,2.53471124299432,
3.38910829119466,4.20190891616732,5.02741934807738),.UNSPECIFIED.);
#168=B_SPLINE_CURVE_WITH_KNOTS('',3,(#6964,#6965,#6966,#6967,#6968,#6969,
#6970),.UNSPECIFIED.,.F.,.F.,(4,3,4),(0.,0.286277845232767,0.577032232475447),
 .UNSPECIFIED.);
#169=B_SPLINE_CURVE_WITH_KNOTS('',3,(#6972,#6973,#6974,#6975,#6976,#6977,
#6978),.UNSPECIFIED.,.F.,.F.,(4,3,4),(0.,0.0448578896239686,0.0897157792479395),
 .UNSPECIFIED.);
#170=B_SPLINE_CURVE_WITH_KNOTS('',3,(#6988,#6989,#6990,#6991,#6992,#6993,
#6994,#6995,#6996,#6997,#6998,#6999,#7000,#7001,#7002,#7003),
 .UNSPECIFIED.,.F.,.F.,(4,3,3,3,3,4),(0.,0.520675449846151,0.772036011840853,
1.02339657383557,1.27475713583027,1.51301480230393),.UNSPECIFIED.);
#171=B_SPLINE_CURVE_WITH_KNOTS('',3,(#7007,#7008,#7009,#7010,#7011,#7012,
#7013,#7014,#7015,#7016,#7017,#7018,#7019,#7020,#7021,#7022),
 .UNSPECIFIED.,.F.,.F.,(4,3,3,3,3,4),(0.,0.0686542538854633,0.132772410116382,
0.193768966186373,0.25476552225636,0.372692197324995),.UNSPECIFIED.);
#172=B_SPLINE_CURVE_WITH_KNOTS('',3,(#7030,#7031,#7032,#7033,#7034,#7035,
#7036,#7037,#7038,#7039,#7040,#7041,#7042,#7043,#7044,#7045),
 .UNSPECIFIED.,.F.,.F.,(4,3,3,3,3,4),(0.,0.306825697629574,0.460238546444362,
0.613651395259141,0.784110116164441,0.960750605127864),.UNSPECIFIED.);
#173=B_SPLINE_CURVE_WITH_KNOTS('',3,(#7052,#7053,#7054,#7055,#7056,#7057,
#7058,#7059,#7060,#7061,#7062,#7063,#7064,#7065,#7066,#7067),
 .UNSPECIFIED.,.F.,.F.,(4,3,3,3,3,4),(0.,0.0682817435218997,0.132052001751793,
0.192717597276852,0.253383192801909,0.372692197334514),.UNSPECIFIED.);
#174=B_SPLINE_CURVE_WITH_KNOTS('',3,(#7070,#7071,#7072,#7073,#7074,#7075,
#7076,#7077,#7078,#7079,#7080,#7081,#7082,#7083,#7084,#7085),
 .UNSPECIFIED.,.F.,.F.,(4,3,3,3,3,4),(0.,0.827661125401095,1.24850576543556,
1.66935040547005,2.11173246959372,2.57811835667439),.UNSPECIFIED.);
#175=B_SPLINE_CURVE_WITH_KNOTS('',3,(#7089,#7090,#7091,#7092,#7093,#7094,
#7095,#7096,#7097,#7098,#7099,#7100,#7101,#7102,#7103,#7104,#7105,#7106,
#7107),.UNSPECIFIED.,.F.,.F.,(4,3,3,3,3,3,4),(0.,0.22919651615126,0.35721619183935,
0.485235867527437,0.613633741013439,0.74846849094979,1.00011765350972),
 .UNSPECIFIED.);
#176=B_SPLINE_CURVE_WITH_KNOTS('',3,(#7119,#7120,#7121,#7122,#7123,#7124,
#7125,#7126,#7127,#7128,#7129,#7130,#7131,#7132,#7133,#7134,#7135,#7136,
#7137),.UNSPECIFIED.,.F.,.F.,(4,3,3,3,3,3,4),(0.,2.75124739673832,4.2185120515211,
5.59340149646277,6.96424118461054,8.33508087275831,10.8114364384446),
 .UNSPECIFIED.);
#177=B_SPLINE_CURVE_WITH_KNOTS('',3,(#7141,#7142,#7143,#7144,#7145,#7146,
#7147,#7148,#7149,#7150,#7151,#7152,#7153,#7154,#7155,#7156),
 .UNSPECIFIED.,.F.,.F.,(4,3,3,3,3,4),(0.,0.22472002327699,0.434592430960974,
0.623477597876564,0.812362764792145,1.15471712982664),.UNSPECIFIED.);
#178=B_SPLINE_CURVE_WITH_KNOTS('',3,(#7164,#7165,#7166,#7167,#7168,#7169,
#7170,#7171,#7172,#7173,#7174,#7175,#7176,#7177,#7178,#7179),
 .UNSPECIFIED.,.F.,.F.,(4,3,3,3,3,4),(0.,0.0724102387117992,0.141830386119337,
0.226126279399919,0.306135692458981,0.586827281832976),.UNSPECIFIED.);
#179=B_SPLINE_CURVE_WITH_KNOTS('',3,(#7183,#7184,#7185,#7186,#7187,#7188,
#7189,#7190,#7191,#7192,#7193,#7194,#7195,#7196,#7197,#7198,#7199,#7200,
#7201,#7202,#7203,#7204,#7205,#7206,#7207),.UNSPECIFIED.,.F.,.F.,(4,3,3,
3,3,3,3,3,4),(0.,6.84871866432509,8.02429113875895,9.27318444935207,10.3016848227817,
11.4132268171271,12.4408477544203,13.4684686917136,16.2430452224055),
 .UNSPECIFIED.);
#180=B_SPLINE_CURVE_WITH_KNOTS('',3,(#7215,#7216,#7217,#7218,#7219,#7220,
#7221,#7222,#7223,#7224,#7225,#7226,#7227,#7228,#7229,#7230),
 .UNSPECIFIED.,.F.,.F.,(4,3,3,3,3,4),(0.,0.11374723169314,0.253743824546237,
0.3963305020157,0.538917179485162,0.67606332514435),.UNSPECIFIED.);
#181=B_SPLINE_CURVE_WITH_KNOTS('',3,(#7238,#7239,#7240,#7241,#7242,#7243,
#7244,#7245,#7246,#7247,#7248,#7249,#7250,#7251,#7252,#7253),
 .UNSPECIFIED.,.F.,.F.,(4,3,3,3,3,4),(0.,0.20934963526946,0.426632745585165,
0.653805687142793,0.880978628700421,0.97663039356679),.UNSPECIFIED.);
#182=B_SPLINE_CURVE_WITH_KNOTS('',3,(#7262,#7263,#7264,#7265,#7266,#7267,
#7268),.UNSPECIFIED.,.F.,.F.,(4,3,4),(0.,0.0941546312693229,0.19629930514635),
 .UNSPECIFIED.);
#183=B_SPLINE_CURVE_WITH_KNOTS('',3,(#7288,#7289,#7290,#7291,#7292,#7293,
#7294,#7295,#7296,#7297,#7298,#7299,#7300,#7301,#7302,#7303),
 .UNSPECIFIED.,.F.,.F.,(4,2,2,2,2,2,2,4),(0.383188745930158,0.459200507987184,
0.535212270044211,0.573799826799745,0.61238738355528,0.658685222556221,
0.712531357208268,0.750593080538368),.UNSPECIFIED.);
#184=B_SPLINE_CURVE_WITH_KNOTS('',3,(#7356,#7357,#7358,#7359,#7360,#7361,
#7362,#7363,#7364,#7365,#7366,#7367,#7368),.UNSPECIFIED.,.F.,.F.,(4,3,3,
3,4),(0.,0.204863263140243,0.409726526280487,0.612642992680679,0.815559459080873),
 .UNSPECIFIED.);
#185=B_SPLINE_CURVE_WITH_KNOTS('',3,(#7569,#7570,#7571,#7572,#7573,#7574,
#7575,#7576,#7577,#7578,#7579,#7580,#7581),.UNSPECIFIED.,.F.,.F.,(4,3,3,
3,4),(0.,0.122432961137455,0.242268795649854,0.358117754444575,0.473966713239295),
 .UNSPECIFIED.);
#186=B_SPLINE_CURVE_WITH_KNOTS('',3,(#9435,#9436,#9437,#9438,#9439,#9440,
#9441,#9442,#9443,#9444,#9445,#9446,#9447,#9448,#9449,#9450,#9451,#9452,
#9453,#9454,#9455,#9456,#9457,#9458,#9459,#9460,#9461,#9462,#9463,#9464,
#9465),.UNSPECIFIED.,.F.,.F.,(4,3,3,3,3,3,3,3,3,3,4),(0.,0.31199546352065,
0.694709898772641,1.08813746392489,1.49015296142106,1.89479378135178,2.29165304705307,
2.67669312747212,3.06398054261932,3.44718855799436,3.74828057007475),
 .UNSPECIFIED.);
#187=B_SPLINE_CURVE_WITH_KNOTS('',3,(#10044,#10045,#10046,#10047,#10048,
#10049),.UNSPECIFIED.,.F.,.F.,(4,2,4),(9.16535607418283,10.0216876516066,
10.8202803344047),.UNSPECIFIED.);
#188=B_SPLINE_CURVE_WITH_KNOTS('',3,(#10052,#10053,#10054,#10055,#10056,
#10057),.UNSPECIFIED.,.F.,.F.,(4,2,4),(0.147464885839557,0.946057568637712,
1.80238914606148),.UNSPECIFIED.);
#189=B_SPLINE_CURVE_WITH_KNOTS('',3,(#10067,#10068,#10069,#10070,#10071,
#10072,#10073,#10074,#10075,#10076,#10077,#10078),.UNSPECIFIED.,.F.,.F.,
(4,2,2,2,2,4),(1.79399015319593,1.997698018605,2.28330361786969,2.58766543685581,
2.89202725584193,3.44198051921216),.UNSPECIFIED.);
#190=B_SPLINE_CURVE_WITH_KNOTS('',3,(#10106,#10107,#10108,#10109,#10110,
#10111,#10112,#10113,#10114,#10115,#10116,#10117,#10118,#10119,#10120,#10121,
#10122,#10123,#10124,#10125),.UNSPECIFIED.,.F.,.F.,(4,2,2,2,2,2,2,2,2,4),
(4.10002389364657,4.13450336096832,4.56600762347697,4.99751188598561,5.42901614849426,
5.8605204110029,6.29202467351155,6.72352893602019,7.21828994202439,7.43962623004797),
 .UNSPECIFIED.);
#191=B_SPLINE_CURVE_WITH_KNOTS('',3,(#10135,#10136,#10137,#10138,#10139,
#10140,#10141,#10142,#10143,#10144,#10145,#10146,#10147,#10148),
 .UNSPECIFIED.,.F.,.F.,(4,2,2,2,2,2,4),(8.1023089112802,8.3479289130814,
9.77247118508505,11.1970134570887,11.7502420723806,12.3034706876726,12.6425899306919),
 .UNSPECIFIED.);
#192=B_SPLINE_CURVE_WITH_KNOTS('',3,(#10151,#10152,#10153,#10154,#10155,
#10156,#10157,#10158),.UNSPECIFIED.,.F.,.F.,(4,2,2,4),(1.34196598600591,
1.37082324789099,2.74164649578198,2.98726649758317),.UNSPECIFIED.);
#193=B_SPLINE_CURVE_WITH_KNOTS('',3,(#10162,#10163,#10164,#10165,#10166,
#10167),.UNSPECIFIED.,.F.,.F.,(4,2,4),(11.3551744838547,11.7111175143579,
12.0621007495889),.UNSPECIFIED.);
#194=B_SPLINE_CURVE_WITH_KNOTS('',3,(#10168,#10169,#10170,#10171,#10172,
#10173),.UNSPECIFIED.,.F.,.F.,(4,2,4),(13.3591556921394,13.4099279182564,
13.4999552294602),.UNSPECIFIED.);
#195=B_SPLINE_CURVE_WITH_KNOTS('',3,(#10211,#10212,#10213,#10214,#10215,
#10216,#10217,#10218,#10219,#10220,#10221,#10222,#10223,#10224,#10225,#10226,
#10227,#10228,#10229,#10230,#10231,#10232,#10233,#10234,#10235,#10236,#10237,
#10238,#10239,#10240),.UNSPECIFIED.,.F.,.F.,(4,2,2,2,2,2,2,2,2,2,2,2,2,
2,4),(-0.403043322385912,-0.401184700188673,-0.399326077991433,-0.395608833596953,
-0.389855363491103,-0.375431244744037,-0.33327450485487,-0.201521661192956,
-0.069768817531049,-0.0276120776418819,-0.0131879588948094,-0.00743448878895925,
-0.00371724439447962,-0.00185862219723976,0.),.UNSPECIFIED.);
#196=B_SPLINE_CURVE_WITH_KNOTS('',3,(#10440,#10441,#10442,#10443,#10444,
#10445,#10446,#10447,#10448,#10449,#10450,#10451,#10452,#10453),
 .UNSPECIFIED.,.F.,.F.,(4,2,2,2,2,2,4),(-6.11894196738368,-6.05741859608171,
-5.98950335151515,-5.82389856953461,-5.3794744954674,-3.98101293471085,
0.),.UNSPECIFIED.);
#197=B_SPLINE_CURVE_WITH_KNOTS('',3,(#10538,#10539,#10540,#10541,#10542,
#10543,#10544,#10545,#10546,#10547,#10548,#10549,#10550,#10551,#10552,#10553),
 .UNSPECIFIED.,.F.,.F.,(4,2,2,2,2,2,2,4),(-4.31510741334419,-1.96228644487789,
-0.781034936314605,-0.39198155848557,-0.168095781224218,-0.0826335774569555,
-0.0364645967661367,0.),.UNSPECIFIED.);
#198=B_SPLINE_CURVE_WITH_KNOTS('',3,(#10987,#10988,#10989,#10990,#10991,
#10992),.UNSPECIFIED.,.F.,.F.,(4,2,4),(15.7840607836382,16.1505015840419,
16.5169423844456),.UNSPECIFIED.);
#199=B_SPLINE_CURVE_WITH_KNOTS('',3,(#10996,#10997,#10998,#10999,#11000,
#11001),.UNSPECIFIED.,.F.,.F.,(4,2,4),(5.17822693339918,5.38350052801396,
5.58877412262875),.UNSPECIFIED.);
#200=B_SPLINE_CURVE_WITH_KNOTS('',3,(#11005,#11006,#11007,#11008,#11009,
#11010),.UNSPECIFIED.,.F.,.F.,(4,2,4),(5.17822693339918,5.38350052801396,
5.58877412262875),.UNSPECIFIED.);
#201=B_SPLINE_CURVE_WITH_KNOTS('',3,(#11012,#11013,#11014,#11015,#11016,
#11017),.UNSPECIFIED.,.F.,.F.,(4,2,4),(15.7840607836382,16.1505015840419,
16.5169423844456),.UNSPECIFIED.);
#202=B_SPLINE_CURVE_WITH_KNOTS('',3,(#11027,#11028,#11029,#11030,#11031,
#11032,#11033,#11034,#11035,#11036,#11037,#11038,#11039,#11040,#11041,#11042,
#11043,#11044,#11045,#11046,#11047,#11048,#11049,#11050,#11051,#11052,#11053,
#11054,#11055,#11056),.UNSPECIFIED.,.F.,.F.,(4,2,2,2,2,2,2,2,2,2,2,2,2,
2,4),(-0.403043322320498,-0.401184700123564,-0.399326077926631,-0.395608833532764,
-0.389855363427843,-0.375431244683114,-0.333274504800799,-0.201521661160247,
-0.0697688175196942,-0.0276120776373773,-0.0131879588926451,-0.00743448878771502,
-0.00371724439385746,-0.00185862219692867,0.),.UNSPECIFIED.);
#203=B_SPLINE_CURVE_WITH_KNOTS('',3,(#11128,#11129,#11130,#11131,#11132,
#11133),.UNSPECIFIED.,.F.,.F.,(4,2,4),(9.16527452716424,10.021606104588,
10.8201987873862),.UNSPECIFIED.);
#204=B_SPLINE_CURVE_WITH_KNOTS('',3,(#11136,#11137,#11138,#11139,#11140,
#11141),.UNSPECIFIED.,.F.,.F.,(4,2,4),(0.147464885839507,0.946057568637711,
1.80238914606149),.UNSPECIFIED.);
#205=B_SPLINE_CURVE_WITH_KNOTS('',3,(#11146,#11147,#11148,#11149,#11150,
#11151,#11152,#11153,#11154,#11155,#11156,#11157),.UNSPECIFIED.,.F.,.F.,
(4,2,2,2,2,4),(5.866846884845,6.41680014821524,6.72116196720136,7.02552378618748,
7.31112938545217,7.51483725086124),.UNSPECIFIED.);
#206=B_SPLINE_CURVE_WITH_KNOTS('',3,(#11217,#11218,#11219,#11220,#11221,
#11222),.UNSPECIFIED.,.F.,.F.,(4,2,4),(10.6692754067336,10.7593027179374,
10.8100749440544),.UNSPECIFIED.);
#207=B_SPLINE_CURVE_WITH_KNOTS('',3,(#11224,#11225,#11226,#11227,#11228,
#11229),.UNSPECIFIED.,.F.,.F.,(4,2,4),(3.43677510674605,3.7877583419771,
4.14370137248031),.UNSPECIFIED.);
#208=B_SPLINE_CURVE_WITH_KNOTS('',3,(#11231,#11232,#11233,#11234,#11235,
#11236,#11237,#11238,#11239,#11240,#11241,#11242,#11243,#11244),
 .UNSPECIFIED.,.F.,.F.,(4,2,2,2,2,2,4),(11.5266407055019,11.8657599485213,
12.4189885638132,12.9722171791051,14.3967594511088,15.8213017231124,16.0669217249136),
 .UNSPECIFIED.);
#209=B_SPLINE_CURVE_WITH_KNOTS('',3,(#11248,#11249,#11250,#11251,#11252,
#11253,#11254,#11255),.UNSPECIFIED.,.F.,.F.,(4,2,2,4),(9.93657350495884,
10.18219350676,11.553016754651,11.5818740165361),.UNSPECIFIED.);
#210=B_SPLINE_CURVE_WITH_KNOTS('',3,(#11268,#11269,#11270,#11271,#11272,
#11273,#11274,#11275,#11276,#11277,#11278,#11279,#11280,#11281,#11282,#11283,
#11284,#11285,#11286,#11287),.UNSPECIFIED.,.F.,.F.,(4,2,2,2,2,2,2,2,2,4),
(2.55539754192326,2.77673382994684,3.27149483595104,3.70299909845969,4.13450336096833,
4.56600762347698,4.99751188598563,5.42901614849427,5.86052041100291,5.89499987832468),
 .UNSPECIFIED.);
#211=FACE_BOUND('',#672,.T.);
#212=FACE_BOUND('',#694,.T.);
#213=FACE_BOUND('',#695,.T.);
#214=FACE_BOUND('',#696,.T.);
#215=FACE_BOUND('',#697,.T.);
#216=FACE_BOUND('',#698,.T.);
#217=FACE_BOUND('',#699,.T.);
#218=FACE_BOUND('',#728,.T.);
#219=FACE_BOUND('',#818,.T.);
#220=FACE_BOUND('',#898,.T.);
#221=FACE_BOUND('',#906,.T.);
#222=ELLIPSE('',#4829,2.44166114299704,2.);
#223=ELLIPSE('',#4830,3.06245348860406,2.50850000000002);
#224=ELLIPSE('',#4831,0.748214999999886,0.152240624342295);
#225=ELLIPSE('',#4832,0.748214999999886,0.152240624342295);
#226=ELLIPSE('',#4833,3.06245348860406,2.50850000000002);
#227=ELLIPSE('',#4835,3.46340423942275,2.);
#228=ELLIPSE('',#4837,3.46340423942275,2.);
#229=ELLIPSE('',#4838,3.46340563980587,2.);
#230=ELLIPSE('',#4839,3.46340563980587,2.);
#231=ELLIPSE('',#4840,6.29628,3.63442861029948);
#232=ELLIPSE('',#4841,6.29628,3.63442861029948);
#233=ELLIPSE('',#4842,8.4833227979244,6.29628);
#234=ELLIPSE('',#4843,3.07258127578269,2.50850000000002);
#235=ELLIPSE('',#4844,3.07258127578269,2.50850000000002);
#236=ELLIPSE('',#4845,8.4833227979244,6.29628);
#237=ELLIPSE('',#5019,6.925908,2.09876);
#238=ELLIPSE('',#5022,0.748214999999886,0.2311153);
#239=ELLIPSE('',#5023,0.748214999999887,0.2311153);
#240=ELLIPSE('',#5024,0.2311153,0.1247025);
#241=ELLIPSE('',#5025,0.2311153,0.1247025);
#242=ELLIPSE('',#5026,0.748214999999887,0.1247025);
#243=ELLIPSE('',#5027,0.748214999999887,0.2311153);
#244=ELLIPSE('',#5028,0.748214999999887,0.1247025);
#245=ELLIPSE('',#5034,6.925908,2.09876);
#246=ELLIPSE('',#5037,6.29628,2.09876);
#247=ELLIPSE('',#5038,6.29628,2.09876);
#248=ELLIPSE('',#5039,6.925908,6.29628);
#249=ELLIPSE('',#5040,6.925908,6.29628);
#250=ELLIPSE('',#5041,6.29628,2.09876);
#251=ELLIPSE('',#5042,6.925908,2.09876);
#252=ELLIPSE('',#5043,6.925908,2.09876);
#253=ELLIPSE('',#5044,6.925908,6.29628);
#254=ELLIPSE('',#5045,6.925908,6.29628);
#255=ELLIPSE('',#5046,6.925908,6.29628);
#256=ELLIPSE('',#5047,6.29628,2.09876);
#257=ELLIPSE('',#5048,6.925908,2.09876);
#258=ELLIPSE('',#5049,6.925908,6.29628);
#259=ELLIPSE('',#5050,6.29628,2.09876);
#260=ELLIPSE('',#5053,6.925908,6.29628);
#261=ELLIPSE('',#5054,6.925908,2.09876);
#262=ELLIPSE('',#5059,0.748214999999886,0.2311153);
#263=ELLIPSE('',#5063,3.06245348860406,2.50850000000002);
#264=ELLIPSE('',#5068,3.06245348860406,2.50850000000002);
#265=PLANE('',#4821);
#266=PLANE('',#4825);
#267=PLANE('',#4828);
#268=PLANE('',#4836);
#269=PLANE('',#4846);
#270=PLANE('',#4848);
#271=PLANE('',#4850);
#272=PLANE('',#4855);
#273=PLANE('',#4867);
#274=PLANE('',#4871);
#275=PLANE('',#4874);
#276=PLANE('',#4880);
#277=PLANE('',#4884);
#278=PLANE('',#4888);
#279=PLANE('',#4890);
#280=PLANE('',#4891);
#281=PLANE('',#4892);
#282=PLANE('',#4893);
#283=PLANE('',#4894);
#284=PLANE('',#4895);
#285=PLANE('',#4896);
#286=PLANE('',#4897);
#287=PLANE('',#4898);
#288=PLANE('',#4899);
#289=PLANE('',#4900);
#290=PLANE('',#4901);
#291=PLANE('',#4902);
#292=PLANE('',#4903);
#293=PLANE('',#4904);
#294=PLANE('',#4905);
#295=PLANE('',#4906);
#296=PLANE('',#4907);
#297=PLANE('',#4908);
#298=PLANE('',#4909);
#299=PLANE('',#4910);
#300=PLANE('',#4911);
#301=PLANE('',#4912);
#302=PLANE('',#4913);
#303=PLANE('',#4914);
#304=PLANE('',#4915);
#305=PLANE('',#4916);
#306=PLANE('',#4917);
#307=PLANE('',#4918);
#308=PLANE('',#4919);
#309=PLANE('',#4920);
#310=PLANE('',#4921);
#311=PLANE('',#4922);
#312=PLANE('',#4923);
#313=PLANE('',#4924);
#314=PLANE('',#4925);
#315=PLANE('',#4926);
#316=PLANE('',#4927);
#317=PLANE('',#4928);
#318=PLANE('',#4929);
#319=PLANE('',#4930);
#320=PLANE('',#4931);
#321=PLANE('',#4932);
#322=PLANE('',#4933);
#323=PLANE('',#4934);
#324=PLANE('',#4935);
#325=PLANE('',#4936);
#326=PLANE('',#4937);
#327=PLANE('',#4938);
#328=PLANE('',#4939);
#329=PLANE('',#4940);
#330=PLANE('',#4941);
#331=PLANE('',#4942);
#332=PLANE('',#4943);
#333=PLANE('',#4944);
#334=PLANE('',#4945);
#335=PLANE('',#4946);
#336=PLANE('',#4947);
#337=PLANE('',#4948);
#338=PLANE('',#4949);
#339=PLANE('',#4950);
#340=PLANE('',#4951);
#341=PLANE('',#4952);
#342=PLANE('',#4953);
#343=PLANE('',#4954);
#344=PLANE('',#4955);
#345=PLANE('',#4956);
#346=PLANE('',#4957);
#347=PLANE('',#4958);
#348=PLANE('',#4959);
#349=PLANE('',#4960);
#350=PLANE('',#4961);
#351=PLANE('',#4962);
#352=PLANE('',#4963);
#353=PLANE('',#4964);
#354=PLANE('',#4965);
#355=PLANE('',#4966);
#356=PLANE('',#4967);
#357=PLANE('',#4968);
#358=PLANE('',#4969);
#359=PLANE('',#4970);
#360=PLANE('',#4971);
#361=PLANE('',#4972);
#362=PLANE('',#4973);
#363=PLANE('',#4974);
#364=PLANE('',#4975);
#365=PLANE('',#4976);
#366=PLANE('',#4977);
#367=PLANE('',#4978);
#368=PLANE('',#4979);
#369=PLANE('',#4980);
#370=PLANE('',#4981);
#371=PLANE('',#4982);
#372=PLANE('',#4983);
#373=PLANE('',#4984);
#374=PLANE('',#4985);
#375=PLANE('',#4986);
#376=PLANE('',#4987);
#377=PLANE('',#4988);
#378=PLANE('',#4995);
#379=PLANE('',#4999);
#380=PLANE('',#5000);
#381=PLANE('',#5002);
#382=PLANE('',#5016);
#383=PLANE('',#5017);
#384=PLANE('',#5020);
#385=PLANE('',#5021);
#386=PLANE('',#5029);
#387=PLANE('',#5033);
#388=PLANE('',#5035);
#389=PLANE('',#5036);
#390=PLANE('',#5051);
#391=PLANE('',#5052);
#392=PLANE('',#5055);
#393=PLANE('',#5056);
#394=PLANE('',#5057);
#395=PLANE('',#5060);
#396=PLANE('',#5065);
#397=PLANE('',#5066);
#398=PLANE('',#5067);
#399=PLANE('',#5069);
#400=PLANE('',#5070);
#401=PLANE('',#5071);
#402=PLANE('',#5075);
#403=PLANE('',#5076);
#404=PLANE('',#5077);
#405=PLANE('',#5078);
#406=PLANE('',#5079);
#407=PLANE('',#5080);
#408=PLANE('',#5082);
#409=PLANE('',#5092);
#410=PLANE('',#5095);
#411=PLANE('',#5097);
#412=PLANE('',#5098);
#413=PLANE('',#5099);
#414=PLANE('',#5108);
#415=FACE_OUTER_BOUND('',#667,.T.);
#416=FACE_OUTER_BOUND('',#668,.T.);
#417=FACE_OUTER_BOUND('',#669,.T.);
#418=FACE_OUTER_BOUND('',#670,.T.);
#419=FACE_OUTER_BOUND('',#671,.T.);
#420=FACE_OUTER_BOUND('',#673,.T.);
#421=FACE_OUTER_BOUND('',#674,.T.);
#422=FACE_OUTER_BOUND('',#675,.T.);
#423=FACE_OUTER_BOUND('',#676,.T.);
#424=FACE_OUTER_BOUND('',#677,.T.);
#425=FACE_OUTER_BOUND('',#678,.T.);
#426=FACE_OUTER_BOUND('',#679,.T.);
#427=FACE_OUTER_BOUND('',#680,.T.);
#428=FACE_OUTER_BOUND('',#681,.T.);
#429=FACE_OUTER_BOUND('',#682,.T.);
#430=FACE_OUTER_BOUND('',#683,.T.);
#431=FACE_OUTER_BOUND('',#684,.T.);
#432=FACE_OUTER_BOUND('',#685,.T.);
#433=FACE_OUTER_BOUND('',#686,.T.);
#434=FACE_OUTER_BOUND('',#687,.T.);
#435=FACE_OUTER_BOUND('',#688,.T.);
#436=FACE_OUTER_BOUND('',#689,.T.);
#437=FACE_OUTER_BOUND('',#690,.T.);
#438=FACE_OUTER_BOUND('',#691,.T.);
#439=FACE_OUTER_BOUND('',#692,.T.);
#440=FACE_OUTER_BOUND('',#693,.T.);
#441=FACE_OUTER_BOUND('',#700,.T.);
#442=FACE_OUTER_BOUND('',#701,.T.);
#443=FACE_OUTER_BOUND('',#702,.T.);
#444=FACE_OUTER_BOUND('',#703,.T.);
#445=FACE_OUTER_BOUND('',#704,.T.);
#446=FACE_OUTER_BOUND('',#705,.T.);
#447=FACE_OUTER_BOUND('',#706,.T.);
#448=FACE_OUTER_BOUND('',#707,.T.);
#449=FACE_OUTER_BOUND('',#708,.T.);
#450=FACE_OUTER_BOUND('',#709,.T.);
#451=FACE_OUTER_BOUND('',#710,.T.);
#452=FACE_OUTER_BOUND('',#711,.T.);
#453=FACE_OUTER_BOUND('',#712,.T.);
#454=FACE_OUTER_BOUND('',#713,.T.);
#455=FACE_OUTER_BOUND('',#714,.T.);
#456=FACE_OUTER_BOUND('',#715,.T.);
#457=FACE_OUTER_BOUND('',#716,.T.);
#458=FACE_OUTER_BOUND('',#717,.T.);
#459=FACE_OUTER_BOUND('',#718,.T.);
#460=FACE_OUTER_BOUND('',#719,.T.);
#461=FACE_OUTER_BOUND('',#720,.T.);
#462=FACE_OUTER_BOUND('',#721,.T.);
#463=FACE_OUTER_BOUND('',#722,.T.);
#464=FACE_OUTER_BOUND('',#723,.T.);
#465=FACE_OUTER_BOUND('',#724,.T.);
#466=FACE_OUTER_BOUND('',#725,.T.);
#467=FACE_OUTER_BOUND('',#726,.T.);
#468=FACE_OUTER_BOUND('',#727,.T.);
#469=FACE_OUTER_BOUND('',#729,.T.);
#470=FACE_OUTER_BOUND('',#730,.T.);
#471=FACE_OUTER_BOUND('',#731,.T.);
#472=FACE_OUTER_BOUND('',#732,.T.);
#473=FACE_OUTER_BOUND('',#733,.T.);
#474=FACE_OUTER_BOUND('',#734,.T.);
#475=FACE_OUTER_BOUND('',#735,.T.);
#476=FACE_OUTER_BOUND('',#736,.T.);
#477=FACE_OUTER_BOUND('',#737,.T.);
#478=FACE_OUTER_BOUND('',#738,.T.);
#479=FACE_OUTER_BOUND('',#739,.T.);
#480=FACE_OUTER_BOUND('',#740,.T.);
#481=FACE_OUTER_BOUND('',#741,.T.);
#482=FACE_OUTER_BOUND('',#742,.T.);
#483=FACE_OUTER_BOUND('',#743,.T.);
#484=FACE_OUTER_BOUND('',#744,.T.);
#485=FACE_OUTER_BOUND('',#745,.T.);
#486=FACE_OUTER_BOUND('',#746,.T.);
#487=FACE_OUTER_BOUND('',#747,.T.);
#488=FACE_OUTER_BOUND('',#748,.T.);
#489=FACE_OUTER_BOUND('',#749,.T.);
#490=FACE_OUTER_BOUND('',#750,.T.);
#491=FACE_OUTER_BOUND('',#751,.T.);
#492=FACE_OUTER_BOUND('',#752,.T.);
#493=FACE_OUTER_BOUND('',#753,.T.);
#494=FACE_OUTER_BOUND('',#754,.T.);
#495=FACE_OUTER_BOUND('',#755,.T.);
#496=FACE_OUTER_BOUND('',#756,.T.);
#497=FACE_OUTER_BOUND('',#757,.T.);
#498=FACE_OUTER_BOUND('',#758,.T.);
#499=FACE_OUTER_BOUND('',#759,.T.);
#500=FACE_OUTER_BOUND('',#760,.T.);
#501=FACE_OUTER_BOUND('',#761,.T.);
#502=FACE_OUTER_BOUND('',#762,.T.);
#503=FACE_OUTER_BOUND('',#763,.T.);
#504=FACE_OUTER_BOUND('',#764,.T.);
#505=FACE_OUTER_BOUND('',#765,.T.);
#506=FACE_OUTER_BOUND('',#766,.T.);
#507=FACE_OUTER_BOUND('',#767,.T.);
#508=FACE_OUTER_BOUND('',#768,.T.);
#509=FACE_OUTER_BOUND('',#769,.T.);
#510=FACE_OUTER_BOUND('',#770,.T.);
#511=FACE_OUTER_BOUND('',#771,.T.);
#512=FACE_OUTER_BOUND('',#772,.T.);
#513=FACE_OUTER_BOUND('',#773,.T.);
#514=FACE_OUTER_BOUND('',#774,.T.);
#515=FACE_OUTER_BOUND('',#775,.T.);
#516=FACE_OUTER_BOUND('',#776,.T.);
#517=FACE_OUTER_BOUND('',#777,.T.);
#518=FACE_OUTER_BOUND('',#778,.T.);
#519=FACE_OUTER_BOUND('',#779,.T.);
#520=FACE_OUTER_BOUND('',#780,.T.);
#521=FACE_OUTER_BOUND('',#781,.T.);
#522=FACE_OUTER_BOUND('',#782,.T.);
#523=FACE_OUTER_BOUND('',#783,.T.);
#524=FACE_OUTER_BOUND('',#784,.T.);
#525=FACE_OUTER_BOUND('',#785,.T.);
#526=FACE_OUTER_BOUND('',#786,.T.);
#527=FACE_OUTER_BOUND('',#787,.T.);
#528=FACE_OUTER_BOUND('',#788,.T.);
#529=FACE_OUTER_BOUND('',#789,.T.);
#530=FACE_OUTER_BOUND('',#790,.T.);
#531=FACE_OUTER_BOUND('',#791,.T.);
#532=FACE_OUTER_BOUND('',#792,.T.);
#533=FACE_OUTER_BOUND('',#793,.T.);
#534=FACE_OUTER_BOUND('',#794,.T.);
#535=FACE_OUTER_BOUND('',#795,.T.);
#536=FACE_OUTER_BOUND('',#796,.T.);
#537=FACE_OUTER_BOUND('',#797,.T.);
#538=FACE_OUTER_BOUND('',#798,.T.);
#539=FACE_OUTER_BOUND('',#799,.T.);
#540=FACE_OUTER_BOUND('',#800,.T.);
#541=FACE_OUTER_BOUND('',#801,.T.);
#542=FACE_OUTER_BOUND('',#802,.T.);
#543=FACE_OUTER_BOUND('',#803,.T.);
#544=FACE_OUTER_BOUND('',#804,.T.);
#545=FACE_OUTER_BOUND('',#805,.T.);
#546=FACE_OUTER_BOUND('',#806,.T.);
#547=FACE_OUTER_BOUND('',#807,.T.);
#548=FACE_OUTER_BOUND('',#808,.T.);
#549=FACE_OUTER_BOUND('',#809,.T.);
#550=FACE_OUTER_BOUND('',#810,.T.);
#551=FACE_OUTER_BOUND('',#811,.T.);
#552=FACE_OUTER_BOUND('',#812,.T.);
#553=FACE_OUTER_BOUND('',#813,.T.);
#554=FACE_OUTER_BOUND('',#814,.T.);
#555=FACE_OUTER_BOUND('',#815,.T.);
#556=FACE_OUTER_BOUND('',#816,.T.);
#557=FACE_OUTER_BOUND('',#817,.T.);
#558=FACE_OUTER_BOUND('',#819,.T.);
#559=FACE_OUTER_BOUND('',#820,.T.);
#560=FACE_OUTER_BOUND('',#821,.T.);
#561=FACE_OUTER_BOUND('',#822,.T.);
#562=FACE_OUTER_BOUND('',#823,.T.);
#563=FACE_OUTER_BOUND('',#824,.T.);
#564=FACE_OUTER_BOUND('',#825,.T.);
#565=FACE_OUTER_BOUND('',#826,.T.);
#566=FACE_OUTER_BOUND('',#827,.T.);
#567=FACE_OUTER_BOUND('',#828,.T.);
#568=FACE_OUTER_BOUND('',#829,.T.);
#569=FACE_OUTER_BOUND('',#830,.T.);
#570=FACE_OUTER_BOUND('',#831,.T.);
#571=FACE_OUTER_BOUND('',#832,.T.);
#572=FACE_OUTER_BOUND('',#833,.T.);
#573=FACE_OUTER_BOUND('',#834,.T.);
#574=FACE_OUTER_BOUND('',#835,.T.);
#575=FACE_OUTER_BOUND('',#836,.T.);
#576=FACE_OUTER_BOUND('',#837,.T.);
#577=FACE_OUTER_BOUND('',#838,.T.);
#578=FACE_OUTER_BOUND('',#839,.T.);
#579=FACE_OUTER_BOUND('',#840,.T.);
#580=FACE_OUTER_BOUND('',#841,.T.);
#581=FACE_OUTER_BOUND('',#842,.T.);
#582=FACE_OUTER_BOUND('',#843,.T.);
#583=FACE_OUTER_BOUND('',#844,.T.);
#584=FACE_OUTER_BOUND('',#845,.T.);
#585=FACE_OUTER_BOUND('',#846,.T.);
#586=FACE_OUTER_BOUND('',#847,.T.);
#587=FACE_OUTER_BOUND('',#848,.T.);
#588=FACE_OUTER_BOUND('',#849,.T.);
#589=FACE_OUTER_BOUND('',#850,.T.);
#590=FACE_OUTER_BOUND('',#851,.T.);
#591=FACE_OUTER_BOUND('',#852,.T.);
#592=FACE_OUTER_BOUND('',#853,.T.);
#593=FACE_OUTER_BOUND('',#854,.T.);
#594=FACE_OUTER_BOUND('',#855,.T.);
#595=FACE_OUTER_BOUND('',#856,.T.);
#596=FACE_OUTER_BOUND('',#857,.T.);
#597=FACE_OUTER_BOUND('',#858,.T.);
#598=FACE_OUTER_BOUND('',#859,.T.);
#599=FACE_OUTER_BOUND('',#860,.T.);
#600=FACE_OUTER_BOUND('',#861,.T.);
#601=FACE_OUTER_BOUND('',#862,.T.);
#602=FACE_OUTER_BOUND('',#863,.T.);
#603=FACE_OUTER_BOUND('',#864,.T.);
#604=FACE_OUTER_BOUND('',#865,.T.);
#605=FACE_OUTER_BOUND('',#866,.T.);
#606=FACE_OUTER_BOUND('',#867,.T.);
#607=FACE_OUTER_BOUND('',#868,.T.);
#608=FACE_OUTER_BOUND('',#869,.T.);
#609=FACE_OUTER_BOUND('',#870,.T.);
#610=FACE_OUTER_BOUND('',#871,.T.);
#611=FACE_OUTER_BOUND('',#872,.T.);
#612=FACE_OUTER_BOUND('',#873,.T.);
#613=FACE_OUTER_BOUND('',#874,.T.);
#614=FACE_OUTER_BOUND('',#875,.T.);
#615=FACE_OUTER_BOUND('',#876,.T.);
#616=FACE_OUTER_BOUND('',#877,.T.);
#617=FACE_OUTER_BOUND('',#878,.T.);
#618=FACE_OUTER_BOUND('',#879,.T.);
#619=FACE_OUTER_BOUND('',#880,.T.);
#620=FACE_OUTER_BOUND('',#881,.T.);
#621=FACE_OUTER_BOUND('',#882,.T.);
#622=FACE_OUTER_BOUND('',#883,.T.);
#623=FACE_OUTER_BOUND('',#884,.T.);
#624=FACE_OUTER_BOUND('',#885,.T.);
#625=FACE_OUTER_BOUND('',#886,.T.);
#626=FACE_OUTER_BOUND('',#887,.T.);
#627=FACE_OUTER_BOUND('',#888,.T.);
#628=FACE_OUTER_BOUND('',#889,.T.);
#629=FACE_OUTER_BOUND('',#890,.T.);
#630=FACE_OUTER_BOUND('',#891,.T.);
#631=FACE_OUTER_BOUND('',#892,.T.);
#632=FACE_OUTER_BOUND('',#893,.T.);
#633=FACE_OUTER_BOUND('',#894,.T.);
#634=FACE_OUTER_BOUND('',#895,.T.);
#635=FACE_OUTER_BOUND('',#896,.T.);
#636=FACE_OUTER_BOUND('',#897,.T.);
#637=FACE_OUTER_BOUND('',#899,.T.);
#638=FACE_OUTER_BOUND('',#900,.T.);
#639=FACE_OUTER_BOUND('',#901,.T.);
#640=FACE_OUTER_BOUND('',#902,.T.);
#641=FACE_OUTER_BOUND('',#903,.T.);
#642=FACE_OUTER_BOUND('',#904,.T.);
#643=FACE_OUTER_BOUND('',#905,.T.);
#644=FACE_OUTER_BOUND('',#907,.T.);
#645=FACE_OUTER_BOUND('',#908,.T.);
#646=FACE_OUTER_BOUND('',#909,.T.);
#647=FACE_OUTER_BOUND('',#910,.T.);
#648=FACE_OUTER_BOUND('',#911,.T.);
#649=FACE_OUTER_BOUND('',#912,.T.);
#650=FACE_OUTER_BOUND('',#913,.T.);
#651=FACE_OUTER_BOUND('',#914,.T.);
#652=FACE_OUTER_BOUND('',#915,.T.);
#653=FACE_OUTER_BOUND('',#916,.T.);
#654=FACE_OUTER_BOUND('',#917,.T.);
#655=FACE_OUTER_BOUND('',#918,.T.);
#656=FACE_OUTER_BOUND('',#919,.T.);
#657=FACE_OUTER_BOUND('',#920,.T.);
#658=FACE_OUTER_BOUND('',#921,.T.);
#659=FACE_OUTER_BOUND('',#922,.T.);
#660=FACE_OUTER_BOUND('',#923,.T.);
#661=FACE_OUTER_BOUND('',#924,.T.);
#662=FACE_OUTER_BOUND('',#925,.T.);
#663=FACE_OUTER_BOUND('',#926,.T.);
#664=FACE_OUTER_BOUND('',#927,.T.);
#665=FACE_OUTER_BOUND('',#928,.T.);
#666=FACE_OUTER_BOUND('',#929,.T.);
#667=EDGE_LOOP('',(#3116,#3117,#3118,#3119));
#668=EDGE_LOOP('',(#3120,#3121,#3122,#3123));
#669=EDGE_LOOP('',(#3124,#3125,#3126,#3127));
#670=EDGE_LOOP('',(#3128,#3129,#3130,#3131,#3132,#3133,#3134,#3135));
#671=EDGE_LOOP('',(#3136,#3137,#3138,#3139));
#672=EDGE_LOOP('',(#3140,#3141,#3142,#3143,#3144,#3145,#3146,#3147,#3148,
#3149,#3150,#3151,#3152));
#673=EDGE_LOOP('',(#3153,#3154,#3155,#3156));
#674=EDGE_LOOP('',(#3157,#3158,#3159,#3160,#3161,#3162,#3163,#3164,#3165,
#3166,#3167,#3168,#3169,#3170,#3171,#3172,#3173,#3174,#3175,#3176,#3177,
#3178,#3179,#3180,#3181,#3182,#3183,#3184));
#675=EDGE_LOOP('',(#3185,#3186,#3187,#3188,#3189,#3190,#3191,#3192,#3193,
#3194));
#676=EDGE_LOOP('',(#3195,#3196,#3197,#3198));
#677=EDGE_LOOP('',(#3199,#3200,#3201,#3202,#3203,#3204,#3205,#3206,#3207,
#3208));
#678=EDGE_LOOP('',(#3209,#3210,#3211,#3212));
#679=EDGE_LOOP('',(#3213,#3214,#3215,#3216));
#680=EDGE_LOOP('',(#3217,#3218,#3219,#3220));
#681=EDGE_LOOP('',(#3221,#3222,#3223,#3224));
#682=EDGE_LOOP('',(#3225,#3226,#3227,#3228));
#683=EDGE_LOOP('',(#3229,#3230,#3231));
#684=EDGE_LOOP('',(#3232,#3233,#3234,#3235));
#685=EDGE_LOOP('',(#3236,#3237,#3238));
#686=EDGE_LOOP('',(#3239,#3240,#3241,#3242,#3243,#3244,#3245,#3246,#3247,
#3248,#3249,#3250,#3251,#3252));
#687=EDGE_LOOP('',(#3253,#3254,#3255,#3256));
#688=EDGE_LOOP('',(#3257,#3258,#3259,#3260));
#689=EDGE_LOOP('',(#3261,#3262,#3263,#3264));
#690=EDGE_LOOP('',(#3265,#3266,#3267,#3268,#3269,#3270));
#691=EDGE_LOOP('',(#3271,#3272,#3273,#3274));
#692=EDGE_LOOP('',(#3275,#3276,#3277));
#693=EDGE_LOOP('',(#3278,#3279,#3280,#3281));
#694=EDGE_LOOP('',(#3282,#3283,#3284,#3285,#3286,#3287,#3288,#3289,#3290,
#3291,#3292,#3293,#3294,#3295,#3296,#3297,#3298,#3299,#3300,#3301,#3302,
#3303));
#695=EDGE_LOOP('',(#3304,#3305,#3306,#3307,#3308,#3309,#3310,#3311,#3312,
#3313,#3314,#3315,#3316,#3317,#3318));
#696=EDGE_LOOP('',(#3319,#3320,#3321,#3322,#3323,#3324,#3325,#3326,#3327,
#3328,#3329,#3330,#3331,#3332,#3333,#3334,#3335,#3336,#3337,#3338,#3339,
#3340));
#697=EDGE_LOOP('',(#3341,#3342,#3343,#3344,#3345,#3346,#3347,#3348,#3349,
#3350,#3351,#3352,#3353,#3354,#3355,#3356,#3357,#3358,#3359,#3360,#3361,
#3362,#3363,#3364,#3365,#3366,#3367,#3368,#3369,#3370,#3371,#3372));
#698=EDGE_LOOP('',(#3373,#3374,#3375,#3376,#3377,#3378,#3379,#3380,#3381,
#3382,#3383,#3384,#3385,#3386));
#699=EDGE_LOOP('',(#3387,#3388,#3389,#3390,#3391,#3392,#3393,#3394,#3395,
#3396,#3397,#3398,#3399,#3400,#3401,#3402));
#700=EDGE_LOOP('',(#3403,#3404,#3405,#3406,#3407,#3408,#3409,#3410));
#701=EDGE_LOOP('',(#3411,#3412,#3413,#3414,#3415,#3416));
#702=EDGE_LOOP('',(#3417,#3418,#3419,#3420));
#703=EDGE_LOOP('',(#3421,#3422,#3423));
#704=EDGE_LOOP('',(#3424,#3425,#3426,#3427,#3428,#3429,#3430,#3431));
#705=EDGE_LOOP('',(#3432,#3433,#3434,#3435));
#706=EDGE_LOOP('',(#3436,#3437,#3438,#3439));
#707=EDGE_LOOP('',(#3440,#3441,#3442,#3443));
#708=EDGE_LOOP('',(#3444,#3445,#3446,#3447));
#709=EDGE_LOOP('',(#3448,#3449,#3450,#3451));
#710=EDGE_LOOP('',(#3452,#3453,#3454,#3455));
#711=EDGE_LOOP('',(#3456,#3457,#3458,#3459));
#712=EDGE_LOOP('',(#3460,#3461,#3462,#3463));
#713=EDGE_LOOP('',(#3464,#3465,#3466,#3467));
#714=EDGE_LOOP('',(#3468,#3469,#3470,#3471));
#715=EDGE_LOOP('',(#3472,#3473,#3474,#3475));
#716=EDGE_LOOP('',(#3476,#3477,#3478,#3479));
#717=EDGE_LOOP('',(#3480,#3481,#3482,#3483));
#718=EDGE_LOOP('',(#3484,#3485,#3486,#3487));
#719=EDGE_LOOP('',(#3488,#3489,#3490,#3491));
#720=EDGE_LOOP('',(#3492,#3493,#3494,#3495));
#721=EDGE_LOOP('',(#3496,#3497,#3498,#3499));
#722=EDGE_LOOP('',(#3500,#3501,#3502,#3503));
#723=EDGE_LOOP('',(#3504,#3505,#3506,#3507));
#724=EDGE_LOOP('',(#3508,#3509,#3510,#3511));
#725=EDGE_LOOP('',(#3512,#3513,#3514,#3515));
#726=EDGE_LOOP('',(#3516,#3517,#3518,#3519));
#727=EDGE_LOOP('',(#3520,#3521,#3522,#3523,#3524,#3525,#3526,#3527,#3528,
#3529,#3530,#3531,#3532,#3533,#3534,#3535));
#728=EDGE_LOOP('',(#3536,#3537,#3538,#3539,#3540));
#729=EDGE_LOOP('',(#3541,#3542,#3543,#3544));
#730=EDGE_LOOP('',(#3545,#3546,#3547,#3548));
#731=EDGE_LOOP('',(#3549,#3550,#3551,#3552));
#732=EDGE_LOOP('',(#3553,#3554,#3555,#3556));
#733=EDGE_LOOP('',(#3557,#3558,#3559,#3560));
#734=EDGE_LOOP('',(#3561,#3562,#3563,#3564));
#735=EDGE_LOOP('',(#3565,#3566,#3567,#3568));
#736=EDGE_LOOP('',(#3569,#3570,#3571,#3572));
#737=EDGE_LOOP('',(#3573,#3574,#3575,#3576));
#738=EDGE_LOOP('',(#3577,#3578,#3579,#3580));
#739=EDGE_LOOP('',(#3581,#3582,#3583,#3584));
#740=EDGE_LOOP('',(#3585,#3586,#3587,#3588));
#741=EDGE_LOOP('',(#3589,#3590,#3591,#3592));
#742=EDGE_LOOP('',(#3593,#3594,#3595,#3596));
#743=EDGE_LOOP('',(#3597,#3598,#3599,#3600,#3601,#3602,#3603,#3604,#3605,
#3606,#3607,#3608,#3609,#3610));
#744=EDGE_LOOP('',(#3611,#3612,#3613,#3614));
#745=EDGE_LOOP('',(#3615,#3616,#3617,#3618));
#746=EDGE_LOOP('',(#3619,#3620,#3621,#3622));
#747=EDGE_LOOP('',(#3623,#3624,#3625,#3626));
#748=EDGE_LOOP('',(#3627,#3628,#3629,#3630));
#749=EDGE_LOOP('',(#3631,#3632,#3633,#3634));
#750=EDGE_LOOP('',(#3635,#3636,#3637,#3638));
#751=EDGE_LOOP('',(#3639,#3640,#3641,#3642));
#752=EDGE_LOOP('',(#3643,#3644,#3645,#3646));
#753=EDGE_LOOP('',(#3647,#3648,#3649,#3650));
#754=EDGE_LOOP('',(#3651,#3652,#3653,#3654));
#755=EDGE_LOOP('',(#3655,#3656,#3657,#3658));
#756=EDGE_LOOP('',(#3659,#3660,#3661,#3662));
#757=EDGE_LOOP('',(#3663,#3664,#3665,#3666));
#758=EDGE_LOOP('',(#3667,#3668,#3669,#3670));
#759=EDGE_LOOP('',(#3671,#3672,#3673,#3674));
#760=EDGE_LOOP('',(#3675,#3676,#3677,#3678));
#761=EDGE_LOOP('',(#3679,#3680,#3681,#3682));
#762=EDGE_LOOP('',(#3683,#3684,#3685,#3686));
#763=EDGE_LOOP('',(#3687,#3688,#3689,#3690));
#764=EDGE_LOOP('',(#3691,#3692,#3693,#3694));
#765=EDGE_LOOP('',(#3695,#3696,#3697,#3698));
#766=EDGE_LOOP('',(#3699,#3700,#3701,#3702));
#767=EDGE_LOOP('',(#3703,#3704,#3705,#3706));
#768=EDGE_LOOP('',(#3707,#3708,#3709,#3710));
#769=EDGE_LOOP('',(#3711,#3712,#3713,#3714));
#770=EDGE_LOOP('',(#3715,#3716,#3717,#3718));
#771=EDGE_LOOP('',(#3719,#3720,#3721,#3722));
#772=EDGE_LOOP('',(#3723,#3724,#3725,#3726));
#773=EDGE_LOOP('',(#3727,#3728,#3729,#3730));
#774=EDGE_LOOP('',(#3731,#3732,#3733,#3734));
#775=EDGE_LOOP('',(#3735,#3736,#3737,#3738));
#776=EDGE_LOOP('',(#3739,#3740,#3741,#3742,#3743,#3744,#3745,#3746,#3747,
#3748,#3749,#3750,#3751,#3752,#3753,#3754,#3755,#3756,#3757,#3758,#3759,
#3760,#3761,#3762,#3763,#3764,#3765,#3766,#3767,#3768,#3769,#3770));
#777=EDGE_LOOP('',(#3771,#3772,#3773,#3774));
#778=EDGE_LOOP('',(#3775,#3776,#3777,#3778));
#779=EDGE_LOOP('',(#3779,#3780,#3781,#3782));
#780=EDGE_LOOP('',(#3783,#3784,#3785,#3786));
#781=EDGE_LOOP('',(#3787,#3788,#3789,#3790));
#782=EDGE_LOOP('',(#3791,#3792,#3793,#3794));
#783=EDGE_LOOP('',(#3795,#3796,#3797,#3798));
#784=EDGE_LOOP('',(#3799,#3800,#3801,#3802));
#785=EDGE_LOOP('',(#3803,#3804,#3805,#3806));
#786=EDGE_LOOP('',(#3807,#3808,#3809,#3810));
#787=EDGE_LOOP('',(#3811,#3812,#3813,#3814));
#788=EDGE_LOOP('',(#3815,#3816,#3817,#3818));
#789=EDGE_LOOP('',(#3819,#3820,#3821,#3822));
#790=EDGE_LOOP('',(#3823,#3824,#3825,#3826));
#791=EDGE_LOOP('',(#3827,#3828,#3829,#3830));
#792=EDGE_LOOP('',(#3831,#3832,#3833,#3834));
#793=EDGE_LOOP('',(#3835,#3836,#3837,#3838));
#794=EDGE_LOOP('',(#3839,#3840,#3841,#3842));
#795=EDGE_LOOP('',(#3843,#3844,#3845,#3846));
#796=EDGE_LOOP('',(#3847,#3848,#3849,#3850));
#797=EDGE_LOOP('',(#3851,#3852,#3853,#3854));
#798=EDGE_LOOP('',(#3855,#3856,#3857,#3858));
#799=EDGE_LOOP('',(#3859,#3860,#3861,#3862,#3863,#3864,#3865,#3866,#3867,
#3868,#3869,#3870,#3871,#3872,#3873,#3874,#3875,#3876,#3877,#3878,#3879,
#3880));
#800=EDGE_LOOP('',(#3881,#3882,#3883,#3884));
#801=EDGE_LOOP('',(#3885,#3886,#3887,#3888));
#802=EDGE_LOOP('',(#3889,#3890,#3891,#3892));
#803=EDGE_LOOP('',(#3893,#3894,#3895,#3896));
#804=EDGE_LOOP('',(#3897,#3898,#3899,#3900));
#805=EDGE_LOOP('',(#3901,#3902,#3903,#3904));
#806=EDGE_LOOP('',(#3905,#3906,#3907,#3908));
#807=EDGE_LOOP('',(#3909,#3910,#3911,#3912));
#808=EDGE_LOOP('',(#3913,#3914,#3915,#3916));
#809=EDGE_LOOP('',(#3917,#3918,#3919,#3920));
#810=EDGE_LOOP('',(#3921,#3922,#3923,#3924));
#811=EDGE_LOOP('',(#3925,#3926,#3927,#3928));
#812=EDGE_LOOP('',(#3929,#3930,#3931,#3932));
#813=EDGE_LOOP('',(#3933,#3934,#3935,#3936));
#814=EDGE_LOOP('',(#3937,#3938,#3939,#3940));
#815=EDGE_LOOP('',(#3941,#3942,#3943,#3944));
#816=EDGE_LOOP('',(#3945,#3946,#3947,#3948));
#817=EDGE_LOOP('',(#3949,#3950,#3951,#3952,#3953,#3954,#3955,#3956,#3957,
#3958,#3959,#3960,#3961,#3962,#3963));
#818=EDGE_LOOP('',(#3964,#3965));
#819=EDGE_LOOP('',(#3966,#3967,#3968,#3969));
#820=EDGE_LOOP('',(#3970,#3971,#3972,#3973));
#821=EDGE_LOOP('',(#3974,#3975,#3976,#3977));
#822=EDGE_LOOP('',(#3978,#3979,#3980,#3981));
#823=EDGE_LOOP('',(#3982,#3983,#3984,#3985));
#824=EDGE_LOOP('',(#3986,#3987,#3988,#3989));
#825=EDGE_LOOP('',(#3990,#3991,#3992,#3993));
#826=EDGE_LOOP('',(#3994,#3995,#3996,#3997));
#827=EDGE_LOOP('',(#3998,#3999,#4000,#4001));
#828=EDGE_LOOP('',(#4002,#4003,#4004,#4005));
#829=EDGE_LOOP('',(#4006,#4007,#4008,#4009));
#830=EDGE_LOOP('',(#4010,#4011,#4012,#4013));
#831=EDGE_LOOP('',(#4014,#4015,#4016,#4017));
#832=EDGE_LOOP('',(#4018,#4019,#4020,#4021));
#833=EDGE_LOOP('',(#4022,#4023,#4024,#4025));
#834=EDGE_LOOP('',(#4026,#4027,#4028,#4029));
#835=EDGE_LOOP('',(#4030,#4031,#4032,#4033));
#836=EDGE_LOOP('',(#4034,#4035,#4036,#4037));
#837=EDGE_LOOP('',(#4038,#4039,#4040,#4041));
#838=EDGE_LOOP('',(#4042,#4043,#4044,#4045));
#839=EDGE_LOOP('',(#4046,#4047,#4048,#4049));
#840=EDGE_LOOP('',(#4050,#4051,#4052,#4053));
#841=EDGE_LOOP('',(#4054,#4055,#4056,#4057,#4058,#4059,#4060,#4061,#4062,
#4063,#4064,#4065,#4066,#4067,#4068,#4069,#4070,#4071,#4072,#4073,#4074,
#4075));
#842=EDGE_LOOP('',(#4076,#4077));
#843=EDGE_LOOP('',(#4078,#4079));
#844=EDGE_LOOP('',(#4080,#4081,#4082,#4083));
#845=EDGE_LOOP('',(#4084,#4085,#4086,#4087,#4088,#4089,#4090,#4091,#4092,
#4093,#4094,#4095,#4096,#4097));
#846=EDGE_LOOP('',(#4098,#4099,#4100,#4101,#4102,#4103));
#847=EDGE_LOOP('',(#4104,#4105,#4106,#4107,#4108));
#848=EDGE_LOOP('',(#4109,#4110,#4111));
#849=EDGE_LOOP('',(#4112,#4113,#4114,#4115));
#850=EDGE_LOOP('',(#4116,#4117,#4118,#4119,#4120,#4121,#4122));
#851=EDGE_LOOP('',(#4123,#4124,#4125,#4126,#4127,#4128));
#852=EDGE_LOOP('',(#4129,#4130,#4131,#4132,#4133,#4134));
#853=EDGE_LOOP('',(#4135,#4136,#4137,#4138,#4139,#4140,#4141,#4142,#4143,
#4144,#4145,#4146,#4147,#4148,#4149,#4150));
#854=EDGE_LOOP('',(#4151,#4152,#4153,#4154,#4155,#4156));
#855=EDGE_LOOP('',(#4157,#4158,#4159,#4160));
#856=EDGE_LOOP('',(#4161,#4162,#4163));
#857=EDGE_LOOP('',(#4164,#4165));
#858=EDGE_LOOP('',(#4166,#4167,#4168,#4169));
#859=EDGE_LOOP('',(#4170,#4171,#4172,#4173));
#860=EDGE_LOOP('',(#4174,#4175,#4176,#4177));
#861=EDGE_LOOP('',(#4178,#4179,#4180,#4181,#4182,#4183));
#862=EDGE_LOOP('',(#4184,#4185,#4186,#4187));
#863=EDGE_LOOP('',(#4188,#4189,#4190));
#864=EDGE_LOOP('',(#4191,#4192,#4193,#4194));
#865=EDGE_LOOP('',(#4195,#4196,#4197));
#866=EDGE_LOOP('',(#4198,#4199,#4200,#4201));
#867=EDGE_LOOP('',(#4202,#4203,#4204,#4205));
#868=EDGE_LOOP('',(#4206,#4207,#4208,#4209));
#869=EDGE_LOOP('',(#4210,#4211,#4212,#4213));
#870=EDGE_LOOP('',(#4214,#4215,#4216,#4217));
#871=EDGE_LOOP('',(#4218,#4219,#4220,#4221));
#872=EDGE_LOOP('',(#4222,#4223,#4224,#4225));
#873=EDGE_LOOP('',(#4226,#4227,#4228,#4229));
#874=EDGE_LOOP('',(#4230,#4231,#4232,#4233));
#875=EDGE_LOOP('',(#4234,#4235,#4236));
#876=EDGE_LOOP('',(#4237,#4238,#4239));
#877=EDGE_LOOP('',(#4240,#4241,#4242,#4243));
#878=EDGE_LOOP('',(#4244,#4245,#4246,#4247,#4248,#4249,#4250));
#879=EDGE_LOOP('',(#4251,#4252,#4253));
#880=EDGE_LOOP('',(#4254,#4255,#4256));
#881=EDGE_LOOP('',(#4257,#4258,#4259));
#882=EDGE_LOOP('',(#4260,#4261,#4262,#4263,#4264,#4265));
#883=EDGE_LOOP('',(#4266,#4267,#4268,#4269));
#884=EDGE_LOOP('',(#4270,#4271,#4272,#4273));
#885=EDGE_LOOP('',(#4274,#4275,#4276));
#886=EDGE_LOOP('',(#4277,#4278,#4279));
#887=EDGE_LOOP('',(#4280,#4281,#4282,#4283,#4284));
#888=EDGE_LOOP('',(#4285,#4286,#4287));
#889=EDGE_LOOP('',(#4288,#4289,#4290,#4291,#4292));
#890=EDGE_LOOP('',(#4293,#4294,#4295,#4296));
#891=EDGE_LOOP('',(#4297,#4298,#4299,#4300));
#892=EDGE_LOOP('',(#4301,#4302,#4303,#4304));
#893=EDGE_LOOP('',(#4305,#4306,#4307,#4308));
#894=EDGE_LOOP('',(#4309,#4310,#4311,#4312,#4313,#4314,#4315,#4316,#4317,
#4318,#4319,#4320));
#895=EDGE_LOOP('',(#4321,#4322,#4323,#4324,#4325,#4326));
#896=EDGE_LOOP('',(#4327,#4328,#4329,#4330));
#897=EDGE_LOOP('',(#4331,#4332,#4333,#4334,#4335,#4336,#4337,#4338,#4339,
#4340,#4341,#4342));
#898=EDGE_LOOP('',(#4343,#4344));
#899=EDGE_LOOP('',(#4345,#4346,#4347,#4348));
#900=EDGE_LOOP('',(#4349,#4350,#4351));
#901=EDGE_LOOP('',(#4352,#4353,#4354));
#902=EDGE_LOOP('',(#4355,#4356,#4357,#4358,#4359,#4360));
#903=EDGE_LOOP('',(#4361,#4362,#4363,#4364));
#904=EDGE_LOOP('',(#4365,#4366,#4367,#4368,#4369,#4370,#4371,#4372,#4373,
#4374));
#905=EDGE_LOOP('',(#4375,#4376,#4377,#4378,#4379,#4380,#4381,#4382,#4383,
#4384,#4385,#4386));
#906=EDGE_LOOP('',(#4387,#4388));
#907=EDGE_LOOP('',(#4389,#4390,#4391,#4392,#4393,#4394,#4395,#4396,#4397,
#4398,#4399,#4400,#4401,#4402,#4403,#4404,#4405,#4406));
#908=EDGE_LOOP('',(#4407,#4408,#4409,#4410));
#909=EDGE_LOOP('',(#4411,#4412,#4413,#4414,#4415,#4416));
#910=EDGE_LOOP('',(#4417,#4418,#4419,#4420));
#911=EDGE_LOOP('',(#4421,#4422,#4423,#4424,#4425));
#912=EDGE_LOOP('',(#4426,#4427,#4428,#4429));
#913=EDGE_LOOP('',(#4430,#4431,#4432,#4433,#4434,#4435));
#914=EDGE_LOOP('',(#4436,#4437));
#915=EDGE_LOOP('',(#4438,#4439,#4440,#4441));
#916=EDGE_LOOP('',(#4442,#4443,#4444,#4445,#4446,#4447,#4448,#4449,#4450,
#4451));
#917=EDGE_LOOP('',(#4452,#4453,#4454,#4455,#4456));
#918=EDGE_LOOP('',(#4457,#4458,#4459,#4460,#4461,#4462));
#919=EDGE_LOOP('',(#4463,#4464,#4465,#4466));
#920=EDGE_LOOP('',(#4467,#4468,#4469,#4470,#4471,#4472,#4473,#4474,#4475,
#4476));
#921=EDGE_LOOP('',(#4477,#4478,#4479));
#922=EDGE_LOOP('',(#4480,#4481,#4482,#4483,#4484,#4485,#4486));
#923=EDGE_LOOP('',(#4487,#4488,#4489,#4490));
#924=EDGE_LOOP('',(#4491,#4492,#4493,#4494,#4495,#4496,#4497,#4498,#4499,
#4500));
#925=EDGE_LOOP('',(#4501,#4502,#4503,#4504,#4505,#4506));
#926=EDGE_LOOP('',(#4507,#4508,#4509));
#927=EDGE_LOOP('',(#4510,#4511));
#928=EDGE_LOOP('',(#4512,#4513,#4514,#4515,#4516,#4517));
#929=EDGE_LOOP('',(#4518,#4519,#4520,#4521,#4522,#4523));
#930=LINE('',#6190,#1409);
#931=LINE('',#6193,#1410);
#932=LINE('',#6196,#1411);
#933=LINE('',#6198,#1412);
#934=LINE('',#6199,#1413);
#935=LINE('',#6205,#1414);
#936=LINE('',#6208,#1415);
#937=LINE('',#6211,#1416);
#938=LINE('',#6213,#1417);
#939=LINE('',#6217,#1418);
#940=LINE('',#6221,#1419);
#941=LINE('',#6222,#1420);
#942=LINE('',#6225,#1421);
#943=LINE('',#6226,#1422);
#944=LINE('',#6228,#1423);
#945=LINE('',#6232,#1424);
#946=LINE('',#6236,#1425);
#947=LINE('',#6240,#1426);
#948=LINE('',#6244,#1427);
#949=LINE('',#6248,#1428);
#950=LINE('',#6249,#1429);
#951=LINE('',#6255,#1430);
#952=LINE('',#6273,#1431);
#953=LINE('',#6276,#1432);
#954=LINE('',#6280,#1433);
#955=LINE('',#6284,#1434);
#956=LINE('',#6288,#1435);
#957=LINE('',#6292,#1436);
#958=LINE('',#6296,#1437);
#959=LINE('',#6313,#1438);
#960=LINE('',#6315,#1439);
#961=LINE('',#6334,#1440);
#962=LINE('',#6338,#1441);
#963=LINE('',#6342,#1442);
#964=LINE('',#6359,#1443);
#965=LINE('',#6361,#1444);
#966=LINE('',#6377,#1445);
#967=LINE('',#6379,#1446);
#968=LINE('',#6381,#1447);
#969=LINE('',#6383,#1448);
#970=LINE('',#6385,#1449);
#971=LINE('',#6387,#1450);
#972=LINE('',#6388,#1451);
#973=LINE('',#6407,#1452);
#974=LINE('',#6411,#1453);
#975=LINE('',#6413,#1454);
#976=LINE('',#6415,#1455);
#977=LINE('',#6417,#1456);
#978=LINE('',#6419,#1457);
#979=LINE('',#6421,#1458);
#980=LINE('',#6427,#1459);
#981=LINE('',#6440,#1460);
#982=LINE('',#6441,#1461);
#983=LINE('',#6444,#1462);
#984=LINE('',#6445,#1463);
#985=LINE('',#6448,#1464);
#986=LINE('',#6451,#1465);
#987=LINE('',#6457,#1466);
#988=LINE('',#6459,#1467);
#989=LINE('',#6464,#1468);
#990=LINE('',#6466,#1469);
#991=LINE('',#6471,#1470);
#992=LINE('',#6490,#1471);
#993=LINE('',#6507,#1472);
#994=LINE('',#6525,#1473);
#995=LINE('',#6527,#1474);
#996=LINE('',#6529,#1475);
#997=LINE('',#6533,#1476);
#998=LINE('',#6537,#1477);
#999=LINE('',#6538,#1478);
#1000=LINE('',#6541,#1479);
#1001=LINE('',#6546,#1480);
#1002=LINE('',#6566,#1481);
#1003=LINE('',#6573,#1482);
#1004=LINE('',#6575,#1483);
#1005=LINE('',#6577,#1484);
#1006=LINE('',#6579,#1485);
#1007=LINE('',#6581,#1486);
#1008=LINE('',#6583,#1487);
#1009=LINE('',#6585,#1488);
#1010=LINE('',#6598,#1489);
#1011=LINE('',#6600,#1490);
#1012=LINE('',#6602,#1491);
#1013=LINE('',#6604,#1492);
#1014=LINE('',#6606,#1493);
#1015=LINE('',#6624,#1494);
#1016=LINE('',#6643,#1495);
#1017=LINE('',#6645,#1496);
#1018=LINE('',#6647,#1497);
#1019=LINE('',#6649,#1498);
#1020=LINE('',#6685,#1499);
#1021=LINE('',#6687,#1500);
#1022=LINE('',#6689,#1501);
#1023=LINE('',#6708,#1502);
#1024=LINE('',#6710,#1503);
#1025=LINE('',#6732,#1504);
#1026=LINE('',#6751,#1505);
#1027=LINE('',#6776,#1506);
#1028=LINE('',#6794,#1507);
#1029=LINE('',#6797,#1508);
#1030=LINE('',#6799,#1509);
#1031=LINE('',#6801,#1510);
#1032=LINE('',#6803,#1511);
#1033=LINE('',#6805,#1512);
#1034=LINE('',#6807,#1513);
#1035=LINE('',#6809,#1514);
#1036=LINE('',#6822,#1515);
#1037=LINE('',#6824,#1516);
#1038=LINE('',#6826,#1517);
#1039=LINE('',#6828,#1518);
#1040=LINE('',#6830,#1519);
#1041=LINE('',#6848,#1520);
#1042=LINE('',#6867,#1521);
#1043=LINE('',#6869,#1522);
#1044=LINE('',#6871,#1523);
#1045=LINE('',#6873,#1524);
#1046=LINE('',#6892,#1525);
#1047=LINE('',#6894,#1526);
#1048=LINE('',#6896,#1527);
#1049=LINE('',#6898,#1528);
#1050=LINE('',#6916,#1529);
#1051=LINE('',#6935,#1530);
#1052=LINE('',#6937,#1531);
#1053=LINE('',#6939,#1532);
#1054=LINE('',#6958,#1533);
#1055=LINE('',#6960,#1534);
#1056=LINE('',#6962,#1535);
#1057=LINE('',#6980,#1536);
#1058=LINE('',#6982,#1537);
#1059=LINE('',#6984,#1538);
#1060=LINE('',#6986,#1539);
#1061=LINE('',#7005,#1540);
#1062=LINE('',#7024,#1541);
#1063=LINE('',#7026,#1542);
#1064=LINE('',#7028,#1543);
#1065=LINE('',#7047,#1544);
#1066=LINE('',#7049,#1545);
#1067=LINE('',#7051,#1546);
#1068=LINE('',#7087,#1547);
#1069=LINE('',#7109,#1548);
#1070=LINE('',#7111,#1549);
#1071=LINE('',#7113,#1550);
#1072=LINE('',#7115,#1551);
#1073=LINE('',#7117,#1552);
#1074=LINE('',#7139,#1553);
#1075=LINE('',#7158,#1554);
#1076=LINE('',#7160,#1555);
#1077=LINE('',#7161,#1556);
#1078=LINE('',#7181,#1557);
#1079=LINE('',#7209,#1558);
#1080=LINE('',#7211,#1559);
#1081=LINE('',#7213,#1560);
#1082=LINE('',#7232,#1561);
#1083=LINE('',#7234,#1562);
#1084=LINE('',#7236,#1563);
#1085=LINE('',#7255,#1564);
#1086=LINE('',#7257,#1565);
#1087=LINE('',#7259,#1566);
#1088=LINE('',#7261,#1567);
#1089=LINE('',#7271,#1568);
#1090=LINE('',#7274,#1569);
#1091=LINE('',#7276,#1570);
#1092=LINE('',#7280,#1571);
#1093=LINE('',#7282,#1572);
#1094=LINE('',#7284,#1573);
#1095=LINE('',#7285,#1574);
#1096=LINE('',#7305,#1575);
#1097=LINE('',#7309,#1576);
#1098=LINE('',#7310,#1577);
#1099=LINE('',#7313,#1578);
#1100=LINE('',#7370,#1579);
#1101=LINE('',#7385,#1580);
#1102=LINE('',#7388,#1581);
#1103=LINE('',#7390,#1582);
#1104=LINE('',#7391,#1583);
#1105=LINE('',#7394,#1584);
#1106=LINE('',#7396,#1585);
#1107=LINE('',#7397,#1586);
#1108=LINE('',#7400,#1587);
#1109=LINE('',#7401,#1588);
#1110=LINE('',#7467,#1589);
#1111=LINE('',#7470,#1590);
#1112=LINE('',#7471,#1591);
#1113=LINE('',#7474,#1592);
#1114=LINE('',#7475,#1593);
#1115=LINE('',#7478,#1594);
#1116=LINE('',#7479,#1595);
#1117=LINE('',#7482,#1596);
#1118=LINE('',#7483,#1597);
#1119=LINE('',#7516,#1598);
#1120=LINE('',#7519,#1599);
#1121=LINE('',#7521,#1600);
#1122=LINE('',#7522,#1601);
#1123=LINE('',#7525,#1602);
#1124=LINE('',#7527,#1603);
#1125=LINE('',#7528,#1604);
#1126=LINE('',#7660,#1605);
#1127=LINE('',#7663,#1606);
#1128=LINE('',#7664,#1607);
#1129=LINE('',#7714,#1608);
#1130=LINE('',#7733,#1609);
#1131=LINE('',#7734,#1610);
#1132=LINE('',#7737,#1611);
#1133=LINE('',#7738,#1612);
#1134=LINE('',#7741,#1613);
#1135=LINE('',#7742,#1614);
#1136=LINE('',#7816,#1615);
#1137=LINE('',#7843,#1616);
#1138=LINE('',#7847,#1617);
#1139=LINE('',#7849,#1618);
#1140=LINE('',#7850,#1619);
#1141=LINE('',#7927,#1620);
#1142=LINE('',#7930,#1621);
#1143=LINE('',#7931,#1622);
#1144=LINE('',#7997,#1623);
#1145=LINE('',#8000,#1624);
#1146=LINE('',#8001,#1625);
#1147=LINE('',#8004,#1626);
#1148=LINE('',#8005,#1627);
#1149=LINE('',#8008,#1628);
#1150=LINE('',#8009,#1629);
#1151=LINE('',#8075,#1630);
#1152=LINE('',#8078,#1631);
#1153=LINE('',#8079,#1632);
#1154=LINE('',#8082,#1633);
#1155=LINE('',#8083,#1634);
#1156=LINE('',#8086,#1635);
#1157=LINE('',#8087,#1636);
#1158=LINE('',#8090,#1637);
#1159=LINE('',#8091,#1638);
#1160=LINE('',#8149,#1639);
#1161=LINE('',#8170,#1640);
#1162=LINE('',#8197,#1641);
#1163=LINE('',#8206,#1642);
#1164=LINE('',#8209,#1643);
#1165=LINE('',#8210,#1644);
#1166=LINE('',#8213,#1645);
#1167=LINE('',#8214,#1646);
#1168=LINE('',#8217,#1647);
#1169=LINE('',#8218,#1648);
#1170=LINE('',#8221,#1649);
#1171=LINE('',#8222,#1650);
#1172=LINE('',#8288,#1651);
#1173=LINE('',#8291,#1652);
#1174=LINE('',#8292,#1653);
#1175=LINE('',#8358,#1654);
#1176=LINE('',#8361,#1655);
#1177=LINE('',#8362,#1656);
#1178=LINE('',#8365,#1657);
#1179=LINE('',#8366,#1658);
#1180=LINE('',#8369,#1659);
#1181=LINE('',#8370,#1660);
#1182=LINE('',#8436,#1661);
#1183=LINE('',#8439,#1662);
#1184=LINE('',#8440,#1663);
#1185=LINE('',#8443,#1664);
#1186=LINE('',#8444,#1665);
#1187=LINE('',#8447,#1666);
#1188=LINE('',#8448,#1667);
#1189=LINE('',#8514,#1668);
#1190=LINE('',#8517,#1669);
#1191=LINE('',#8518,#1670);
#1192=LINE('',#8544,#1671);
#1193=LINE('',#8554,#1672);
#1194=LINE('',#8555,#1673);
#1195=LINE('',#8558,#1674);
#1196=LINE('',#8559,#1675);
#1197=LINE('',#8562,#1676);
#1198=LINE('',#8563,#1677);
#1199=LINE('',#8613,#1678);
#1200=LINE('',#8632,#1679);
#1201=LINE('',#8633,#1680);
#1202=LINE('',#8636,#1681);
#1203=LINE('',#8637,#1682);
#1204=LINE('',#8640,#1683);
#1205=LINE('',#8641,#1684);
#1206=LINE('',#8691,#1685);
#1207=LINE('',#8710,#1686);
#1208=LINE('',#8711,#1687);
#1209=LINE('',#8745,#1688);
#1210=LINE('',#8773,#1689);
#1211=LINE('',#8780,#1690);
#1212=LINE('',#8781,#1691);
#1213=LINE('',#8784,#1692);
#1214=LINE('',#8785,#1693);
#1215=LINE('',#8787,#1694);
#1216=LINE('',#8791,#1695);
#1217=LINE('',#8793,#1696);
#1218=LINE('',#8794,#1697);
#1219=LINE('',#8797,#1698);
#1220=LINE('',#8798,#1699);
#1221=LINE('',#8831,#1700);
#1222=LINE('',#8864,#1701);
#1223=LINE('',#8867,#1702);
#1224=LINE('',#8868,#1703);
#1225=LINE('',#8934,#1704);
#1226=LINE('',#8937,#1705);
#1227=LINE('',#8938,#1706);
#1228=LINE('',#8941,#1707);
#1229=LINE('',#8942,#1708);
#1230=LINE('',#8945,#1709);
#1231=LINE('',#8946,#1710);
#1232=LINE('',#8949,#1711);
#1233=LINE('',#8950,#1712);
#1234=LINE('',#9016,#1713);
#1235=LINE('',#9019,#1714);
#1236=LINE('',#9020,#1715);
#1237=LINE('',#9023,#1716);
#1238=LINE('',#9024,#1717);
#1239=LINE('',#9027,#1718);
#1240=LINE('',#9028,#1719);
#1241=LINE('',#9031,#1720);
#1242=LINE('',#9032,#1721);
#1243=LINE('',#9066,#1722);
#1244=LINE('',#9079,#1723);
#1245=LINE('',#9080,#1724);
#1246=LINE('',#9083,#1725);
#1247=LINE('',#9084,#1726);
#1248=LINE('',#9087,#1727);
#1249=LINE('',#9088,#1728);
#1250=LINE('',#9091,#1729);
#1251=LINE('',#9092,#1730);
#1252=LINE('',#9095,#1731);
#1253=LINE('',#9096,#1732);
#1254=LINE('',#9098,#1733);
#1255=LINE('',#9103,#1734);
#1256=LINE('',#9105,#1735);
#1257=LINE('',#9107,#1736);
#1258=LINE('',#9108,#1737);
#1259=LINE('',#9111,#1738);
#1260=LINE('',#9113,#1739);
#1261=LINE('',#9114,#1740);
#1262=LINE('',#9180,#1741);
#1263=LINE('',#9183,#1742);
#1264=LINE('',#9184,#1743);
#1265=LINE('',#9272,#1744);
#1266=LINE('',#9275,#1745);
#1267=LINE('',#9276,#1746);
#1268=LINE('',#9342,#1747);
#1269=LINE('',#9345,#1748);
#1270=LINE('',#9346,#1749);
#1271=LINE('',#9562,#1750);
#1272=LINE('',#9620,#1751);
#1273=LINE('',#9642,#1752);
#1274=LINE('',#9643,#1753);
#1275=LINE('',#9646,#1754);
#1276=LINE('',#9647,#1755);
#1277=LINE('',#9697,#1756);
#1278=LINE('',#9716,#1757);
#1279=LINE('',#9717,#1758);
#1280=LINE('',#9720,#1759);
#1281=LINE('',#9721,#1760);
#1282=LINE('',#9723,#1761);
#1283=LINE('',#9727,#1762);
#1284=LINE('',#9729,#1763);
#1285=LINE('',#9730,#1764);
#1286=LINE('',#9733,#1765);
#1287=LINE('',#9734,#1766);
#1288=LINE('',#9767,#1767);
#1289=LINE('',#9800,#1768);
#1290=LINE('',#9803,#1769);
#1291=LINE('',#9804,#1770);
#1292=LINE('',#9870,#1771);
#1293=LINE('',#9873,#1772);
#1294=LINE('',#9874,#1773);
#1295=LINE('',#9877,#1774);
#1296=LINE('',#9878,#1775);
#1297=LINE('',#9881,#1776);
#1298=LINE('',#9882,#1777);
#1299=LINE('',#9885,#1778);
#1300=LINE('',#9886,#1779);
#1301=LINE('',#9952,#1780);
#1302=LINE('',#9955,#1781);
#1303=LINE('',#9956,#1782);
#1304=LINE('',#9959,#1783);
#1305=LINE('',#9960,#1784);
#1306=LINE('',#9963,#1785);
#1307=LINE('',#9964,#1786);
#1308=LINE('',#9967,#1787);
#1309=LINE('',#9968,#1788);
#1310=LINE('',#10002,#1789);
#1311=LINE('',#10015,#1790);
#1312=LINE('',#10016,#1791);
#1313=LINE('',#10019,#1792);
#1314=LINE('',#10020,#1793);
#1315=LINE('',#10023,#1794);
#1316=LINE('',#10024,#1795);
#1317=LINE('',#10027,#1796);
#1318=LINE('',#10028,#1797);
#1319=LINE('',#10031,#1798);
#1320=LINE('',#10032,#1799);
#1321=LINE('',#10034,#1800);
#1322=LINE('',#10040,#1801);
#1323=LINE('',#10060,#1802);
#1324=LINE('',#10065,#1803);
#1325=LINE('',#10079,#1804);
#1326=LINE('',#10082,#1805);
#1327=LINE('',#10085,#1806);
#1328=LINE('',#10091,#1807);
#1329=LINE('',#10094,#1808);
#1330=LINE('',#10100,#1809);
#1331=LINE('',#10160,#1810);
#1332=LINE('',#10184,#1811);
#1333=LINE('',#10189,#1812);
#1334=LINE('',#10191,#1813);
#1335=LINE('',#10193,#1814);
#1336=LINE('',#10194,#1815);
#1337=LINE('',#10197,#1816);
#1338=LINE('',#10199,#1817);
#1339=LINE('',#10200,#1818);
#1340=LINE('',#10210,#1819);
#1341=LINE('',#10251,#1820);
#1342=LINE('',#10307,#1821);
#1343=LINE('',#10355,#1822);
#1344=LINE('',#10557,#1823);
#1345=LINE('',#10560,#1824);
#1346=LINE('',#10561,#1825);
#1347=LINE('',#10562,#1826);
#1348=LINE('',#10572,#1827);
#1349=LINE('',#10574,#1828);
#1350=LINE('',#10576,#1829);
#1351=LINE('',#10577,#1830);
#1352=LINE('',#10695,#1831);
#1353=LINE('',#10698,#1832);
#1354=LINE('',#10707,#1833);
#1355=LINE('',#10856,#1834);
#1356=LINE('',#10858,#1835);
#1357=LINE('',#10865,#1836);
#1358=LINE('',#10912,#1837);
#1359=LINE('',#10920,#1838);
#1360=LINE('',#10970,#1839);
#1361=LINE('',#10978,#1840);
#1362=LINE('',#10985,#1841);
#1363=LINE('',#10994,#1842);
#1364=LINE('',#11003,#1843);
#1365=LINE('',#11011,#1844);
#1366=LINE('',#11057,#1845);
#1367=LINE('',#11060,#1846);
#1368=LINE('',#11062,#1847);
#1369=LINE('',#11063,#1848);
#1370=LINE('',#11068,#1849);
#1371=LINE('',#11072,#1850);
#1372=LINE('',#11075,#1851);
#1373=LINE('',#11076,#1852);
#1374=LINE('',#11079,#1853);
#1375=LINE('',#11081,#1854);
#1376=LINE('',#11082,#1855);
#1377=LINE('',#11084,#1856);
#1378=LINE('',#11087,#1857);
#1379=LINE('',#11091,#1858);
#1380=LINE('',#11093,#1859);
#1381=LINE('',#11094,#1860);
#1382=LINE('',#11096,#1861);
#1383=LINE('',#11099,#1862);
#1384=LINE('',#11100,#1863);
#1385=LINE('',#11104,#1864);
#1386=LINE('',#11106,#1865);
#1387=LINE('',#11110,#1866);
#1388=LINE('',#11111,#1867);
#1389=LINE('',#11112,#1868);
#1390=LINE('',#11114,#1869);
#1391=LINE('',#11116,#1870);
#1392=LINE('',#11124,#1871);
#1393=LINE('',#11144,#1872);
#1394=LINE('',#11159,#1873);
#1395=LINE('',#11163,#1874);
#1396=LINE('',#11166,#1875);
#1397=LINE('',#11171,#1876);
#1398=LINE('',#11174,#1877);
#1399=LINE('',#11177,#1878);
#1400=LINE('',#11178,#1879);
#1401=LINE('',#11197,#1880);
#1402=LINE('',#11198,#1881);
#1403=LINE('',#11200,#1882);
#1404=LINE('',#11201,#1883);
#1405=LINE('',#11205,#1884);
#1406=LINE('',#11211,#1885);
#1407=LINE('',#11212,#1886);
#1408=LINE('',#11246,#1887);
#1409=VECTOR('',#5119,10.);
#1410=VECTOR('',#5122,10.);
#1411=VECTOR('',#5125,3.15084999999999);
#1412=VECTOR('',#5126,1.);
#1413=VECTOR('',#5127,3.15084999999999);
#1414=VECTOR('',#5132,10.);
#1415=VECTOR('',#5135,10.);
#1416=VECTOR('',#5138,48.8418115330094);
#1417=VECTOR('',#5139,1.);
#1418=VECTOR('',#5142,1.);
#1419=VECTOR('',#5145,31.7811190462374);
#1420=VECTOR('',#5146,42.0074547337004);
#1421=VECTOR('',#5149,48.8418115330094);
#1422=VECTOR('',#5150,1.);
#1423=VECTOR('',#5151,1.);
#1424=VECTOR('',#5154,1.);
#1425=VECTOR('',#5157,1.);
#1426=VECTOR('',#5160,1.);
#1427=VECTOR('',#5163,1.);
#1428=VECTOR('',#5166,1.);
#1429=VECTOR('',#5167,1.);
#1430=VECTOR('',#5172,10.);
#1431=VECTOR('',#5173,10.);
#1432=VECTOR('',#5176,3.);
#1433=VECTOR('',#5179,50.2195826547122);
#1434=VECTOR('',#5182,3.);
#1435=VECTOR('',#5185,50.2195826547122);
#1436=VECTOR('',#5188,1.);
#1437=VECTOR('',#5191,1.);
#1438=VECTOR('',#5194,1.);
#1439=VECTOR('',#5195,1.);
#1440=VECTOR('',#5196,1.);
#1441=VECTOR('',#5199,1.);
#1442=VECTOR('',#5202,1.);
#1443=VECTOR('',#5203,1.);
#1444=VECTOR('',#5204,1.);
#1445=VECTOR('',#5207,50.2195826547122);
#1446=VECTOR('',#5210,1.);
#1447=VECTOR('',#5211,1.);
#1448=VECTOR('',#5212,1.);
#1449=VECTOR('',#5213,1.);
#1450=VECTOR('',#5214,10.);
#1451=VECTOR('',#5215,10.);
#1452=VECTOR('',#5218,10.);
#1453=VECTOR('',#5221,1.);
#1454=VECTOR('',#5222,1.58084992370605);
#1455=VECTOR('',#5223,1.);
#1456=VECTOR('',#5224,1.);
#1457=VECTOR('',#5225,1.);
#1458=VECTOR('',#5226,1.);
#1459=VECTOR('',#5227,1.);
#1460=VECTOR('',#5240,10.);
#1461=VECTOR('',#5241,10.);
#1462=VECTOR('',#5244,1.);
#1463=VECTOR('',#5245,1.);
#1464=VECTOR('',#5248,10.);
#1465=VECTOR('',#5251,10.);
#1466=VECTOR('',#5256,10.);
#1467=VECTOR('',#5259,10.);
#1468=VECTOR('',#5266,10.);
#1469=VECTOR('',#5269,10.);
#1470=VECTOR('',#5276,1.);
#1471=VECTOR('',#5277,1.);
#1472=VECTOR('',#5278,1.);
#1473=VECTOR('',#5279,1.);
#1474=VECTOR('',#5280,10.);
#1475=VECTOR('',#5281,10.);
#1476=VECTOR('',#5286,10.);
#1477=VECTOR('',#5291,10.);
#1478=VECTOR('',#5292,10.);
#1479=VECTOR('',#5295,10.);
#1480=VECTOR('',#5302,10.);
#1481=VECTOR('',#5305,10.);
#1482=VECTOR('',#5314,1.);
#1483=VECTOR('',#5315,1.);
#1484=VECTOR('',#5316,1.);
#1485=VECTOR('',#5317,1.);
#1486=VECTOR('',#5318,1.);
#1487=VECTOR('',#5319,1.);
#1488=VECTOR('',#5320,1.);
#1489=VECTOR('',#5321,1.);
#1490=VECTOR('',#5322,1.);
#1491=VECTOR('',#5323,1.);
#1492=VECTOR('',#5324,1.);
#1493=VECTOR('',#5325,1.);
#1494=VECTOR('',#5326,1.);
#1495=VECTOR('',#5327,1.);
#1496=VECTOR('',#5328,1.);
#1497=VECTOR('',#5329,1.);
#1498=VECTOR('',#5330,1.);
#1499=VECTOR('',#5331,1.);
#1500=VECTOR('',#5332,1.);
#1501=VECTOR('',#5333,1.);
#1502=VECTOR('',#5334,1.);
#1503=VECTOR('',#5335,1.);
#1504=VECTOR('',#5336,1.);
#1505=VECTOR('',#5337,1.);
#1506=VECTOR('',#5338,1.);
#1507=VECTOR('',#5339,1.);
#1508=VECTOR('',#5340,1.);
#1509=VECTOR('',#5341,1.);
#1510=VECTOR('',#5342,1.);
#1511=VECTOR('',#5343,1.);
#1512=VECTOR('',#5344,1.);
#1513=VECTOR('',#5345,1.);
#1514=VECTOR('',#5346,1.);
#1515=VECTOR('',#5347,1.);
#1516=VECTOR('',#5348,1.);
#1517=VECTOR('',#5349,1.);
#1518=VECTOR('',#5350,1.);
#1519=VECTOR('',#5351,1.);
#1520=VECTOR('',#5352,1.);
#1521=VECTOR('',#5353,1.);
#1522=VECTOR('',#5354,1.);
#1523=VECTOR('',#5355,1.);
#1524=VECTOR('',#5356,1.);
#1525=VECTOR('',#5357,1.);
#1526=VECTOR('',#5358,1.);
#1527=VECTOR('',#5359,1.);
#1528=VECTOR('',#5360,1.);
#1529=VECTOR('',#5361,1.);
#1530=VECTOR('',#5362,1.);
#1531=VECTOR('',#5363,1.);
#1532=VECTOR('',#5364,1.);
#1533=VECTOR('',#5365,1.);
#1534=VECTOR('',#5366,1.);
#1535=VECTOR('',#5367,1.);
#1536=VECTOR('',#5368,1.);
#1537=VECTOR('',#5369,1.);
#1538=VECTOR('',#5370,1.);
#1539=VECTOR('',#5371,1.);
#1540=VECTOR('',#5372,1.);
#1541=VECTOR('',#5373,1.);
#1542=VECTOR('',#5374,1.);
#1543=VECTOR('',#5375,1.);
#1544=VECTOR('',#5376,1.);
#1545=VECTOR('',#5377,1.);
#1546=VECTOR('',#5378,1.);
#1547=VECTOR('',#5379,1.);
#1548=VECTOR('',#5380,1.);
#1549=VECTOR('',#5381,1.);
#1550=VECTOR('',#5382,1.);
#1551=VECTOR('',#5383,1.);
#1552=VECTOR('',#5384,1.);
#1553=VECTOR('',#5385,1.);
#1554=VECTOR('',#5386,1.);
#1555=VECTOR('',#5387,1.);
#1556=VECTOR('',#5388,1.);
#1557=VECTOR('',#5389,1.);
#1558=VECTOR('',#5390,1.);
#1559=VECTOR('',#5391,1.);
#1560=VECTOR('',#5392,1.);
#1561=VECTOR('',#5393,1.);
#1562=VECTOR('',#5394,1.);
#1563=VECTOR('',#5395,1.);
#1564=VECTOR('',#5396,1.);
#1565=VECTOR('',#5397,1.);
#1566=VECTOR('',#5398,1.);
#1567=VECTOR('',#5399,1.);
#1568=VECTOR('',#5402,10.);
#1569=VECTOR('',#5405,10.);
#1570=VECTOR('',#5406,10.);
#1571=VECTOR('',#5411,10.);
#1572=VECTOR('',#5412,1.);
#1573=VECTOR('',#5413,1.);
#1574=VECTOR('',#5414,1.);
#1575=VECTOR('',#5419,10.);
#1576=VECTOR('',#5424,42.0074547337004);
#1577=VECTOR('',#5425,31.7811190462374);
#1578=VECTOR('',#5430,1.);
#1579=VECTOR('',#5431,0.14882939453811);
#1580=VECTOR('',#5432,0.14882939453811);
#1581=VECTOR('',#5435,1.);
#1582=VECTOR('',#5436,0.147918744006241);
#1583=VECTOR('',#5437,0.14882939453811);
#1584=VECTOR('',#5440,0.14882939453811);
#1585=VECTOR('',#5441,0.559640552246736);
#1586=VECTOR('',#5442,0.14882939453811);
#1587=VECTOR('',#5445,2.57551788301264);
#1588=VECTOR('',#5446,0.14882939453811);
#1589=VECTOR('',#5447,0.14882939453811);
#1590=VECTOR('',#5450,0.219020928759359);
#1591=VECTOR('',#5451,0.14882939453811);
#1592=VECTOR('',#5454,1.06626252585957);
#1593=VECTOR('',#5455,0.14882939453811);
#1594=VECTOR('',#5458,0.219020928759359);
#1595=VECTOR('',#5459,0.14882939453811);
#1596=VECTOR('',#5462,0.173783118855565);
#1597=VECTOR('',#5463,0.14882939453811);
#1598=VECTOR('',#5464,0.14882939453811);
#1599=VECTOR('',#5467,1.);
#1600=VECTOR('',#5468,0.147273829538615);
#1601=VECTOR('',#5469,0.14882939453811);
#1602=VECTOR('',#5472,1.);
#1603=VECTOR('',#5473,0.14790927041625);
#1604=VECTOR('',#5474,0.14882939453811);
#1605=VECTOR('',#5475,0.14882939453811);
#1606=VECTOR('',#5478,0.14882939453811);
#1607=VECTOR('',#5479,2.56733587619964);
#1608=VECTOR('',#5480,0.14882939453811);
#1609=VECTOR('',#5483,0.14882939453811);
#1610=VECTOR('',#5484,0.219020928759359);
#1611=VECTOR('',#5487,0.14882939453811);
#1612=VECTOR('',#5488,1.34902827857371);
#1613=VECTOR('',#5491,0.14882939453811);
#1614=VECTOR('',#5492,0.219020928759359);
#1615=VECTOR('',#5493,0.14882939453811);
#1616=VECTOR('',#5496,0.992625611090264);
#1617=VECTOR('',#5501,0.14882939453811);
#1618=VECTOR('',#5502,0.265092893169506);
#1619=VECTOR('',#5503,0.14882939453811);
#1620=VECTOR('',#5504,0.14882939453811);
#1621=VECTOR('',#5507,2.19612877215465);
#1622=VECTOR('',#5508,0.14882939453811);
#1623=VECTOR('',#5509,0.14882939453811);
#1624=VECTOR('',#5512,0.219020928759359);
#1625=VECTOR('',#5513,0.14882939453811);
#1626=VECTOR('',#5516,1.4138287635707);
#1627=VECTOR('',#5517,0.14882939453811);
#1628=VECTOR('',#5520,0.219020928759359);
#1629=VECTOR('',#5521,0.14882939453811);
#1630=VECTOR('',#5522,0.14882939453811);
#1631=VECTOR('',#5525,0.14882939453811);
#1632=VECTOR('',#5526,0.799130415743607);
#1633=VECTOR('',#5529,0.14882939453811);
#1634=VECTOR('',#5530,2.57140106374421);
#1635=VECTOR('',#5533,0.14882939453811);
#1636=VECTOR('',#5534,0.799130415743607);
#1637=VECTOR('',#5537,0.14882939453811);
#1638=VECTOR('',#5538,0.265092893169506);
#1639=VECTOR('',#5539,0.14882939453811);
#1640=VECTOR('',#5542,2.19612877215465);
#1641=VECTOR('',#5545,0.14882939453811);
#1642=VECTOR('',#5546,0.14882939453811);
#1643=VECTOR('',#5549,0.176728595446338);
#1644=VECTOR('',#5550,0.14882939453811);
#1645=VECTOR('',#5553,0.219020928759359);
#1646=VECTOR('',#5554,0.14882939453811);
#1647=VECTOR('',#5557,1.4138287635707);
#1648=VECTOR('',#5558,0.14882939453811);
#1649=VECTOR('',#5561,0.219020928759359);
#1650=VECTOR('',#5562,0.14882939453811);
#1651=VECTOR('',#5563,0.14882939453811);
#1652=VECTOR('',#5566,1.9771078433953);
#1653=VECTOR('',#5567,0.14882939453811);
#1654=VECTOR('',#5568,0.14882939453811);
#1655=VECTOR('',#5571,0.219020928759359);
#1656=VECTOR('',#5572,0.14882939453811);
#1657=VECTOR('',#5575,1.4138287635707);
#1658=VECTOR('',#5576,0.14882939453811);
#1659=VECTOR('',#5579,0.219020928759359);
#1660=VECTOR('',#5580,0.14882939453811);
#1661=VECTOR('',#5581,0.14882939453811);
#1662=VECTOR('',#5584,0.917520106964883);
#1663=VECTOR('',#5585,0.14882939453811);
#1664=VECTOR('',#5588,1.06626252585957);
#1665=VECTOR('',#5589,0.14882939453811);
#1666=VECTOR('',#5592,0.917520106964883);
#1667=VECTOR('',#5593,0.14882939453811);
#1668=VECTOR('',#5594,0.14882939453811);
#1669=VECTOR('',#5597,0.219020928759359);
#1670=VECTOR('',#5598,0.14882939453811);
#1671=VECTOR('',#5599,0.14882939453811);
#1672=VECTOR('',#5602,0.14882939453811);
#1673=VECTOR('',#5603,0.793210931182544);
#1674=VECTOR('',#5606,0.14882939453811);
#1675=VECTOR('',#5607,1.06626252585957);
#1676=VECTOR('',#5610,0.14882939453811);
#1677=VECTOR('',#5611,0.793210931182544);
#1678=VECTOR('',#5612,0.14882939453811);
#1679=VECTOR('',#5615,0.14882939453811);
#1680=VECTOR('',#5616,0.219020928759359);
#1681=VECTOR('',#5619,0.14882939453811);
#1682=VECTOR('',#5620,1.4138287635707);
#1683=VECTOR('',#5623,0.14882939453811);
#1684=VECTOR('',#5624,0.219020928759359);
#1685=VECTOR('',#5625,0.14882939453811);
#1686=VECTOR('',#5628,0.14882939453811);
#1687=VECTOR('',#5629,1.98598707023689);
#1688=VECTOR('',#5630,0.14882939453811);
#1689=VECTOR('',#5631,0.14882939453811);
#1690=VECTOR('',#5634,0.14882939453811);
#1691=VECTOR('',#5635,0.173783118855566);
#1692=VECTOR('',#5638,0.14882939453811);
#1693=VECTOR('',#5639,0.219020928759359);
#1694=VECTOR('',#5642,1.4138287635707);
#1695=VECTOR('',#5647,0.14882939453811);
#1696=VECTOR('',#5648,0.219020928759359);
#1697=VECTOR('',#5649,0.14882939453811);
#1698=VECTOR('',#5652,0.170837642264793);
#1699=VECTOR('',#5653,0.14882939453811);
#1700=VECTOR('',#5654,0.14882939453811);
#1701=VECTOR('',#5655,0.14882939453811);
#1702=VECTOR('',#5658,1.98598707023689);
#1703=VECTOR('',#5659,0.14882939453811);
#1704=VECTOR('',#5660,0.14882939453811);
#1705=VECTOR('',#5663,0.219020928759359);
#1706=VECTOR('',#5664,0.14882939453811);
#1707=VECTOR('',#5667,2.41234532784251);
#1708=VECTOR('',#5668,0.14882939453811);
#1709=VECTOR('',#5671,0.754734281535629);
#1710=VECTOR('',#5672,0.14882939453811);
#1711=VECTOR('',#5675,0.26803836976028);
#1712=VECTOR('',#5676,0.14882939453811);
#1713=VECTOR('',#5677,0.14882939453811);
#1714=VECTOR('',#5680,0.818842492234697);
#1715=VECTOR('',#5681,0.14882939453811);
#1716=VECTOR('',#5684,0.14882939453811);
#1717=VECTOR('',#5685,2.27979888125776);
#1718=VECTOR('',#5688,0.14882939453811);
#1719=VECTOR('',#5689,0.757694023816161);
#1720=VECTOR('',#5692,0.14882939453811);
#1721=VECTOR('',#5693,0.276874799532597);
#1722=VECTOR('',#5694,0.14882939453811);
#1723=VECTOR('',#5697,0.14882939453811);
#1724=VECTOR('',#5698,0.689241522240716);
#1725=VECTOR('',#5701,0.14882939453811);
#1726=VECTOR('',#5702,1.02703057134456);
#1727=VECTOR('',#5705,0.14882939453811);
#1728=VECTOR('',#5706,0.972007274954857);
#1729=VECTOR('',#5709,0.14882939453811);
#1730=VECTOR('',#5710,0.245658609284146);
#1731=VECTOR('',#5713,0.14882939453811);
#1732=VECTOR('',#5714,0.972007274954857);
#1733=VECTOR('',#5717,1.15725923168796);
#1734=VECTOR('',#5722,1.);
#1735=VECTOR('',#5723,0.14882939453811);
#1736=VECTOR('',#5724,0.147987114026594);
#1737=VECTOR('',#5725,0.14882939453811);
#1738=VECTOR('',#5728,0.14882939453811);
#1739=VECTOR('',#5729,0.219020928759359);
#1740=VECTOR('',#5730,0.14882939453811);
#1741=VECTOR('',#5731,0.14882939453811);
#1742=VECTOR('',#5734,0.970954218179002);
#1743=VECTOR('',#5735,0.14882939453811);
#1744=VECTOR('',#5736,0.14882939453811);
#1745=VECTOR('',#5739,0.219020928759359);
#1746=VECTOR('',#5740,0.14882939453811);
#1747=VECTOR('',#5741,0.14882939453811);
#1748=VECTOR('',#5744,2.00374552392008);
#1749=VECTOR('',#5745,0.14882939453811);
#1750=VECTOR('',#5746,0.14882939453811);
#1751=VECTOR('',#5747,0.14882939453811);
#1752=VECTOR('',#5750,0.14882939453811);
#1753=VECTOR('',#5751,0.27098384635105);
#1754=VECTOR('',#5754,0.14882939453811);
#1755=VECTOR('',#5755,0.810969384865735);
#1756=VECTOR('',#5756,0.14882939453811);
#1757=VECTOR('',#5759,0.14882939453811);
#1758=VECTOR('',#5760,0.219020928759359);
#1759=VECTOR('',#5763,0.14882939453811);
#1760=VECTOR('',#5764,1.4138287635707);
#1761=VECTOR('',#5767,0.219020928759359);
#1762=VECTOR('',#5772,0.14882939453811);
#1763=VECTOR('',#5773,0.219020928759359);
#1764=VECTOR('',#5774,0.14882939453811);
#1765=VECTOR('',#5777,0.170837642264793);
#1766=VECTOR('',#5778,0.14882939453811);
#1767=VECTOR('',#5779,0.14882939453811);
#1768=VECTOR('',#5780,0.14882939453811);
#1769=VECTOR('',#5783,1.98598707023689);
#1770=VECTOR('',#5784,0.14882939453811);
#1771=VECTOR('',#5785,0.14882939453811);
#1772=VECTOR('',#5788,0.219020928759359);
#1773=VECTOR('',#5789,0.14882939453811);
#1774=VECTOR('',#5792,2.41234532784251);
#1775=VECTOR('',#5793,0.14882939453811);
#1776=VECTOR('',#5796,0.754734281535629);
#1777=VECTOR('',#5797,0.14882939453811);
#1778=VECTOR('',#5800,0.26803836976028);
#1779=VECTOR('',#5801,0.14882939453811);
#1780=VECTOR('',#5802,0.14882939453811);
#1781=VECTOR('',#5805,0.818842492234698);
#1782=VECTOR('',#5806,0.14882939453811);
#1783=VECTOR('',#5809,0.14882939453811);
#1784=VECTOR('',#5810,2.27979888125776);
#1785=VECTOR('',#5813,0.14882939453811);
#1786=VECTOR('',#5814,0.757694023816161);
#1787=VECTOR('',#5817,0.14882939453811);
#1788=VECTOR('',#5818,0.276874799532595);
#1789=VECTOR('',#5819,0.14882939453811);
#1790=VECTOR('',#5822,0.14882939453811);
#1791=VECTOR('',#5823,0.689241522240717);
#1792=VECTOR('',#5826,0.14882939453811);
#1793=VECTOR('',#5827,1.02703057134456);
#1794=VECTOR('',#5830,0.14882939453811);
#1795=VECTOR('',#5831,0.972007274954858);
#1796=VECTOR('',#5834,0.14882939453811);
#1797=VECTOR('',#5835,0.245658609284146);
#1798=VECTOR('',#5838,0.14882939453811);
#1799=VECTOR('',#5839,0.972007274954858);
#1800=VECTOR('',#5842,1.15725923168796);
#1801=VECTOR('',#5849,1.);
#1802=VECTOR('',#5858,1.);
#1803=VECTOR('',#5863,1.);
#1804=VECTOR('',#5864,1.);
#1805=VECTOR('',#5869,1.);
#1806=VECTOR('',#5872,1.);
#1807=VECTOR('',#5881,1.58084992370605);
#1808=VECTOR('',#5884,10.);
#1809=VECTOR('',#5885,1.);
#1810=VECTOR('',#5902,1.);
#1811=VECTOR('',#5919,1.);
#1812=VECTOR('',#5924,1.);
#1813=VECTOR('',#5925,0.15);
#1814=VECTOR('',#5926,0.899999999999863);
#1815=VECTOR('',#5927,0.15);
#1816=VECTOR('',#5930,1.);
#1817=VECTOR('',#5931,0.278);
#1818=VECTOR('',#5932,0.15);
#1819=VECTOR('',#5935,0.15);
#1820=VECTOR('',#5940,0.899999999999863);
#1821=VECTOR('',#5947,0.278);
#1822=VECTOR('',#5952,0.278);
#1823=VECTOR('',#5963,1.);
#1824=VECTOR('',#5966,1.);
#1825=VECTOR('',#5967,0.15);
#1826=VECTOR('',#5968,0.278);
#1827=VECTOR('',#5971,1.);
#1828=VECTOR('',#5972,3.3);
#1829=VECTOR('',#5973,1.);
#1830=VECTOR('',#5974,3.3);
#1831=VECTOR('',#5987,3.);
#1832=VECTOR('',#5990,3.);
#1833=VECTOR('',#5993,1.);
#1834=VECTOR('',#6006,3.3);
#1835=VECTOR('',#6009,3.3);
#1836=VECTOR('',#6010,3.3);
#1837=VECTOR('',#6013,1.);
#1838=VECTOR('',#6014,1.);
#1839=VECTOR('',#6023,2.70085);
#1840=VECTOR('',#6026,3.);
#1841=VECTOR('',#6027,3.);
#1842=VECTOR('',#6030,1.);
#1843=VECTOR('',#6031,1.);
#1844=VECTOR('',#6032,1.);
#1845=VECTOR('',#6035,0.15);
#1846=VECTOR('',#6038,1.);
#1847=VECTOR('',#6039,1.);
#1848=VECTOR('',#6040,1.);
#1849=VECTOR('',#6045,1.);
#1850=VECTOR('',#6048,1.);
#1851=VECTOR('',#6051,1.);
#1852=VECTOR('',#6052,1.);
#1853=VECTOR('',#6055,1.);
#1854=VECTOR('',#6056,1.);
#1855=VECTOR('',#6057,1.);
#1856=VECTOR('',#6060,1.);
#1857=VECTOR('',#6063,1.);
#1858=VECTOR('',#6068,2.10085);
#1859=VECTOR('',#6069,3.15084999999999);
#1860=VECTOR('',#6070,1.);
#1861=VECTOR('',#6073,1.);
#1862=VECTOR('',#6076,1.);
#1863=VECTOR('',#6077,1.);
#1864=VECTOR('',#6082,1.);
#1865=VECTOR('',#6083,1.);
#1866=VECTOR('',#6088,1.);
#1867=VECTOR('',#6089,1.);
#1868=VECTOR('',#6090,1.);
#1869=VECTOR('',#6093,1.);
#1870=VECTOR('',#6096,3.15084999999999);
#1871=VECTOR('',#6107,1.);
#1872=VECTOR('',#6116,1.);
#1873=VECTOR('',#6117,1.);
#1874=VECTOR('',#6120,1.);
#1875=VECTOR('',#6123,1.);
#1876=VECTOR('',#6128,1.);
#1877=VECTOR('',#6131,1.);
#1878=VECTOR('',#6134,1.);
#1879=VECTOR('',#6135,1.);
#1880=VECTOR('',#6144,1.);
#1881=VECTOR('',#6145,1.);
#1882=VECTOR('',#6146,1.);
#1883=VECTOR('',#6147,1.);
#1884=VECTOR('',#6152,1.);
#1885=VECTOR('',#6153,1.);
#1886=VECTOR('',#6154,1.);
#1887=VECTOR('',#6161,1.);
#1888=CIRCLE('',#4819,2.);
#1889=CIRCLE('',#4820,2.);
#1890=CIRCLE('',#4823,2.);
#1891=CIRCLE('',#4824,2.);
#1892=CIRCLE('',#4826,1.5085);
#1893=CIRCLE('',#4827,2.);
#1894=CIRCLE('',#4849,2.4512094463754);
#1895=CIRCLE('',#4851,2.5);
#1896=CIRCLE('',#4852,1.5085);
#1897=CIRCLE('',#4854,2.);
#1898=CIRCLE('',#4857,2.);
#1899=CIRCLE('',#4859,2.);
#1900=CIRCLE('',#4860,2.);
#1901=CIRCLE('',#4862,2.);
#1902=CIRCLE('',#4864,2.);
#1903=CIRCLE('',#4866,2.);
#1904=CIRCLE('',#4868,1.5085);
#1905=CIRCLE('',#4870,2.);
#1906=CIRCLE('',#4873,2.);
#1907=CIRCLE('',#4875,2.5);
#1908=CIRCLE('',#4877,2.);
#1909=CIRCLE('',#4879,2.);
#1910=CIRCLE('',#4882,2.);
#1911=CIRCLE('',#4883,2.);
#1912=CIRCLE('',#4886,2.);
#1913=CIRCLE('',#4889,1.5085);
#1914=CIRCLE('',#4989,2.5085);
#1915=CIRCLE('',#4991,2.5085);
#1916=CIRCLE('',#4993,1.5085);
#1917=CIRCLE('',#4994,1.5085);
#1918=CIRCLE('',#4996,4.5085);
#1919=CIRCLE('',#4998,4.5085);
#1920=CIRCLE('',#5001,2.5);
#1921=CIRCLE('',#5004,2.5);
#1922=CIRCLE('',#5005,2.5);
#1923=CIRCLE('',#5006,2.5);
#1924=CIRCLE('',#5008,5.5);
#1925=CIRCLE('',#5009,4.125);
#1926=CIRCLE('',#5012,5.5);
#1927=CIRCLE('',#5013,5.5);
#1928=CIRCLE('',#5018,1.5);
#1929=CIRCLE('',#5030,1.5);
#1930=CIRCLE('',#5031,2.);
#1931=CIRCLE('',#5032,2.);
#1932=CIRCLE('',#5062,2.50850000000002);
#1933=CIRCLE('',#5064,2.50850000000002);
#1934=CIRCLE('',#5073,2.50850000000002);
#1935=CIRCLE('',#5074,2.50850000000002);
#1936=CIRCLE('',#5083,2.5085);
#1937=CIRCLE('',#5085,2.5085);
#1938=CIRCLE('',#5087,1.5085);
#1939=CIRCLE('',#5088,1.5085);
#1940=CIRCLE('',#5090,4.5085);
#1941=CIRCLE('',#5091,4.5085);
#1942=CIRCLE('',#5094,5.5);
#1943=CIRCLE('',#5096,2.4512094463754);
#1944=CIRCLE('',#5100,2.5);
#1945=CIRCLE('',#5102,2.5);
#1946=CIRCLE('',#5103,2.5);
#1947=CIRCLE('',#5105,5.5);
#1948=CIRCLE('',#5106,5.5);
#1949=CIRCLE('',#5109,4.125);
#1950=CIRCLE('',#5111,2.5);
#1951=VERTEX_POINT('',#6186);
#1952=VERTEX_POINT('',#6187);
#1953=VERTEX_POINT('',#6189);
#1954=VERTEX_POINT('',#6191);
#1955=VERTEX_POINT('',#6195);
#1956=VERTEX_POINT('',#6197);
#1957=VERTEX_POINT('',#6201);
#1958=VERTEX_POINT('',#6202);
#1959=VERTEX_POINT('',#6204);
#1960=VERTEX_POINT('',#6206);
#1961=VERTEX_POINT('',#6210);
#1962=VERTEX_POINT('',#6212);
#1963=VERTEX_POINT('',#6214);
#1964=VERTEX_POINT('',#6216);
#1965=VERTEX_POINT('',#6218);
#1966=VERTEX_POINT('',#6220);
#1967=VERTEX_POINT('',#6224);
#1968=VERTEX_POINT('',#6227);
#1969=VERTEX_POINT('',#6229);
#1970=VERTEX_POINT('',#6231);
#1971=VERTEX_POINT('',#6233);
#1972=VERTEX_POINT('',#6235);
#1973=VERTEX_POINT('',#6237);
#1974=VERTEX_POINT('',#6239);
#1975=VERTEX_POINT('',#6241);
#1976=VERTEX_POINT('',#6243);
#1977=VERTEX_POINT('',#6245);
#1978=VERTEX_POINT('',#6247);
#1979=VERTEX_POINT('',#6251);
#1980=VERTEX_POINT('',#6252);
#1981=VERTEX_POINT('',#6254);
#1982=VERTEX_POINT('',#6256);
#1983=VERTEX_POINT('',#6275);
#1984=VERTEX_POINT('',#6277);
#1985=VERTEX_POINT('',#6279);
#1986=VERTEX_POINT('',#6281);
#1987=VERTEX_POINT('',#6283);
#1988=VERTEX_POINT('',#6285);
#1989=VERTEX_POINT('',#6287);
#1990=VERTEX_POINT('',#6289);
#1991=VERTEX_POINT('',#6291);
#1992=VERTEX_POINT('',#6293);
#1993=VERTEX_POINT('',#6295);
#1994=VERTEX_POINT('',#6297);
#1995=VERTEX_POINT('',#6299);
#1996=VERTEX_POINT('',#6312);
#1997=VERTEX_POINT('',#6314);
#1998=VERTEX_POINT('',#6316);
#1999=VERTEX_POINT('',#6333);
#2000=VERTEX_POINT('',#6335);
#2001=VERTEX_POINT('',#6337);
#2002=VERTEX_POINT('',#6339);
#2003=VERTEX_POINT('',#6341);
#2004=VERTEX_POINT('',#6343);
#2005=VERTEX_POINT('',#6358);
#2006=VERTEX_POINT('',#6360);
#2007=VERTEX_POINT('',#6362);
#2008=VERTEX_POINT('',#6375);
#2009=VERTEX_POINT('',#6380);
#2010=VERTEX_POINT('',#6382);
#2011=VERTEX_POINT('',#6384);
#2012=VERTEX_POINT('',#6386);
#2013=VERTEX_POINT('',#6390);
#2014=VERTEX_POINT('',#6409);
#2015=VERTEX_POINT('',#6410);
#2016=VERTEX_POINT('',#6412);
#2017=VERTEX_POINT('',#6414);
#2018=VERTEX_POINT('',#6416);
#2019=VERTEX_POINT('',#6418);
#2020=VERTEX_POINT('',#6420);
#2021=VERTEX_POINT('',#6422);
#2022=VERTEX_POINT('',#6426);
#2023=VERTEX_POINT('',#6428);
#2024=VERTEX_POINT('',#6437);
#2025=VERTEX_POINT('',#6438);
#2026=VERTEX_POINT('',#6443);
#2027=VERTEX_POINT('',#6447);
#2028=VERTEX_POINT('',#6449);
#2029=VERTEX_POINT('',#6453);
#2030=VERTEX_POINT('',#6454);
#2031=VERTEX_POINT('',#6456);
#2032=VERTEX_POINT('',#6463);
#2033=VERTEX_POINT('',#6470);
#2034=VERTEX_POINT('',#6472);
#2035=VERTEX_POINT('',#6489);
#2036=VERTEX_POINT('',#6491);
#2037=VERTEX_POINT('',#6506);
#2038=VERTEX_POINT('',#6508);
#2039=VERTEX_POINT('',#6526);
#2040=VERTEX_POINT('',#6528);
#2041=VERTEX_POINT('',#6532);
#2042=VERTEX_POINT('',#6536);
#2043=VERTEX_POINT('',#6540);
#2044=VERTEX_POINT('',#6544);
#2045=VERTEX_POINT('',#6548);
#2046=VERTEX_POINT('',#6565);
#2047=VERTEX_POINT('',#6571);
#2048=VERTEX_POINT('',#6572);
#2049=VERTEX_POINT('',#6574);
#2050=VERTEX_POINT('',#6576);
#2051=VERTEX_POINT('',#6578);
#2052=VERTEX_POINT('',#6580);
#2053=VERTEX_POINT('',#6582);
#2054=VERTEX_POINT('',#6584);
#2055=VERTEX_POINT('',#6586);
#2056=VERTEX_POINT('',#6597);
#2057=VERTEX_POINT('',#6599);
#2058=VERTEX_POINT('',#6601);
#2059=VERTEX_POINT('',#6603);
#2060=VERTEX_POINT('',#6605);
#2061=VERTEX_POINT('',#6607);
#2062=VERTEX_POINT('',#6615);
#2063=VERTEX_POINT('',#6623);
#2064=VERTEX_POINT('',#6625);
#2065=VERTEX_POINT('',#6642);
#2066=VERTEX_POINT('',#6644);
#2067=VERTEX_POINT('',#6646);
#2068=VERTEX_POINT('',#6648);
#2069=VERTEX_POINT('',#6666);
#2070=VERTEX_POINT('',#6667);
#2071=VERTEX_POINT('',#6684);
#2072=VERTEX_POINT('',#6686);
#2073=VERTEX_POINT('',#6688);
#2074=VERTEX_POINT('',#6690);
#2075=VERTEX_POINT('',#6707);
#2076=VERTEX_POINT('',#6709);
#2077=VERTEX_POINT('',#6711);
#2078=VERTEX_POINT('',#6731);
#2079=VERTEX_POINT('',#6733);
#2080=VERTEX_POINT('',#6750);
#2081=VERTEX_POINT('',#6752);
#2082=VERTEX_POINT('',#6775);
#2083=VERTEX_POINT('',#6777);
#2084=VERTEX_POINT('',#6795);
#2085=VERTEX_POINT('',#6796);
#2086=VERTEX_POINT('',#6798);
#2087=VERTEX_POINT('',#6800);
#2088=VERTEX_POINT('',#6802);
#2089=VERTEX_POINT('',#6804);
#2090=VERTEX_POINT('',#6806);
#2091=VERTEX_POINT('',#6808);
#2092=VERTEX_POINT('',#6810);
#2093=VERTEX_POINT('',#6821);
#2094=VERTEX_POINT('',#6823);
#2095=VERTEX_POINT('',#6825);
#2096=VERTEX_POINT('',#6827);
#2097=VERTEX_POINT('',#6829);
#2098=VERTEX_POINT('',#6831);
#2099=VERTEX_POINT('',#6839);
#2100=VERTEX_POINT('',#6847);
#2101=VERTEX_POINT('',#6849);
#2102=VERTEX_POINT('',#6866);
#2103=VERTEX_POINT('',#6868);
#2104=VERTEX_POINT('',#6870);
#2105=VERTEX_POINT('',#6872);
#2106=VERTEX_POINT('',#6890);
#2107=VERTEX_POINT('',#6891);
#2108=VERTEX_POINT('',#6893);
#2109=VERTEX_POINT('',#6895);
#2110=VERTEX_POINT('',#6897);
#2111=VERTEX_POINT('',#6899);
#2112=VERTEX_POINT('',#6904);
#2113=VERTEX_POINT('',#6915);
#2114=VERTEX_POINT('',#6917);
#2115=VERTEX_POINT('',#6934);
#2116=VERTEX_POINT('',#6936);
#2117=VERTEX_POINT('',#6938);
#2118=VERTEX_POINT('',#6940);
#2119=VERTEX_POINT('',#6957);
#2120=VERTEX_POINT('',#6959);
#2121=VERTEX_POINT('',#6961);
#2122=VERTEX_POINT('',#6963);
#2123=VERTEX_POINT('',#6971);
#2124=VERTEX_POINT('',#6979);
#2125=VERTEX_POINT('',#6981);
#2126=VERTEX_POINT('',#6983);
#2127=VERTEX_POINT('',#6985);
#2128=VERTEX_POINT('',#6987);
#2129=VERTEX_POINT('',#7004);
#2130=VERTEX_POINT('',#7006);
#2131=VERTEX_POINT('',#7023);
#2132=VERTEX_POINT('',#7025);
#2133=VERTEX_POINT('',#7027);
#2134=VERTEX_POINT('',#7029);
#2135=VERTEX_POINT('',#7046);
#2136=VERTEX_POINT('',#7048);
#2137=VERTEX_POINT('',#7050);
#2138=VERTEX_POINT('',#7068);
#2139=VERTEX_POINT('',#7069);
#2140=VERTEX_POINT('',#7086);
#2141=VERTEX_POINT('',#7088);
#2142=VERTEX_POINT('',#7108);
#2143=VERTEX_POINT('',#7110);
#2144=VERTEX_POINT('',#7112);
#2145=VERTEX_POINT('',#7114);
#2146=VERTEX_POINT('',#7116);
#2147=VERTEX_POINT('',#7118);
#2148=VERTEX_POINT('',#7138);
#2149=VERTEX_POINT('',#7140);
#2150=VERTEX_POINT('',#7157);
#2151=VERTEX_POINT('',#7159);
#2152=VERTEX_POINT('',#7162);
#2153=VERTEX_POINT('',#7163);
#2154=VERTEX_POINT('',#7180);
#2155=VERTEX_POINT('',#7182);
#2156=VERTEX_POINT('',#7208);
#2157=VERTEX_POINT('',#7210);
#2158=VERTEX_POINT('',#7212);
#2159=VERTEX_POINT('',#7214);
#2160=VERTEX_POINT('',#7231);
#2161=VERTEX_POINT('',#7233);
#2162=VERTEX_POINT('',#7235);
#2163=VERTEX_POINT('',#7237);
#2164=VERTEX_POINT('',#7254);
#2165=VERTEX_POINT('',#7256);
#2166=VERTEX_POINT('',#7258);
#2167=VERTEX_POINT('',#7260);
#2168=VERTEX_POINT('',#7270);
#2169=VERTEX_POINT('',#7272);
#2170=VERTEX_POINT('',#7275);
#2171=VERTEX_POINT('',#7279);
#2172=VERTEX_POINT('',#7281);
#2173=VERTEX_POINT('',#7283);
#2174=VERTEX_POINT('',#7287);
#2175=VERTEX_POINT('',#7308);
#2176=VERTEX_POINT('',#7354);
#2177=VERTEX_POINT('',#7355);
#2178=VERTEX_POINT('',#7369);
#2179=VERTEX_POINT('',#7371);
#2180=VERTEX_POINT('',#7387);
#2181=VERTEX_POINT('',#7389);
#2182=VERTEX_POINT('',#7393);
#2183=VERTEX_POINT('',#7395);
#2184=VERTEX_POINT('',#7399);
#2185=VERTEX_POINT('',#7450);
#2186=VERTEX_POINT('',#7469);
#2187=VERTEX_POINT('',#7473);
#2188=VERTEX_POINT('',#7477);
#2189=VERTEX_POINT('',#7481);
#2190=VERTEX_POINT('',#7508);
#2191=VERTEX_POINT('',#7518);
#2192=VERTEX_POINT('',#7520);
#2193=VERTEX_POINT('',#7524);
#2194=VERTEX_POINT('',#7526);
#2195=VERTEX_POINT('',#7643);
#2196=VERTEX_POINT('',#7662);
#2197=VERTEX_POINT('',#7713);
#2198=VERTEX_POINT('',#7732);
#2199=VERTEX_POINT('',#7736);
#2200=VERTEX_POINT('',#7740);
#2201=VERTEX_POINT('',#7815);
#2202=VERTEX_POINT('',#7846);
#2203=VERTEX_POINT('',#7848);
#2204=VERTEX_POINT('',#7907);
#2205=VERTEX_POINT('',#7929);
#2206=VERTEX_POINT('',#7980);
#2207=VERTEX_POINT('',#7999);
#2208=VERTEX_POINT('',#8003);
#2209=VERTEX_POINT('',#8007);
#2210=VERTEX_POINT('',#8058);
#2211=VERTEX_POINT('',#8077);
#2212=VERTEX_POINT('',#8081);
#2213=VERTEX_POINT('',#8085);
#2214=VERTEX_POINT('',#8089);
#2215=VERTEX_POINT('',#8148);
#2216=VERTEX_POINT('',#8196);
#2217=VERTEX_POINT('',#8198);
#2218=VERTEX_POINT('',#8208);
#2219=VERTEX_POINT('',#8212);
#2220=VERTEX_POINT('',#8216);
#2221=VERTEX_POINT('',#8220);
#2222=VERTEX_POINT('',#8271);
#2223=VERTEX_POINT('',#8290);
#2224=VERTEX_POINT('',#8341);
#2225=VERTEX_POINT('',#8360);
#2226=VERTEX_POINT('',#8364);
#2227=VERTEX_POINT('',#8368);
#2228=VERTEX_POINT('',#8419);
#2229=VERTEX_POINT('',#8438);
#2230=VERTEX_POINT('',#8442);
#2231=VERTEX_POINT('',#8446);
#2232=VERTEX_POINT('',#8497);
#2233=VERTEX_POINT('',#8516);
#2234=VERTEX_POINT('',#8543);
#2235=VERTEX_POINT('',#8553);
#2236=VERTEX_POINT('',#8557);
#2237=VERTEX_POINT('',#8561);
#2238=VERTEX_POINT('',#8612);
#2239=VERTEX_POINT('',#8631);
#2240=VERTEX_POINT('',#8635);
#2241=VERTEX_POINT('',#8639);
#2242=VERTEX_POINT('',#8690);
#2243=VERTEX_POINT('',#8709);
#2244=VERTEX_POINT('',#8744);
#2245=VERTEX_POINT('',#8772);
#2246=VERTEX_POINT('',#8779);
#2247=VERTEX_POINT('',#8783);
#2248=VERTEX_POINT('',#8790);
#2249=VERTEX_POINT('',#8792);
#2250=VERTEX_POINT('',#8796);
#2251=VERTEX_POINT('',#8823);
#2252=VERTEX_POINT('',#8856);
#2253=VERTEX_POINT('',#8866);
#2254=VERTEX_POINT('',#8917);
#2255=VERTEX_POINT('',#8936);
#2256=VERTEX_POINT('',#8940);
#2257=VERTEX_POINT('',#8944);
#2258=VERTEX_POINT('',#8948);
#2259=VERTEX_POINT('',#8999);
#2260=VERTEX_POINT('',#9018);
#2261=VERTEX_POINT('',#9022);
#2262=VERTEX_POINT('',#9026);
#2263=VERTEX_POINT('',#9030);
#2264=VERTEX_POINT('',#9065);
#2265=VERTEX_POINT('',#9078);
#2266=VERTEX_POINT('',#9082);
#2267=VERTEX_POINT('',#9086);
#2268=VERTEX_POINT('',#9090);
#2269=VERTEX_POINT('',#9094);
#2270=VERTEX_POINT('',#9101);
#2271=VERTEX_POINT('',#9102);
#2272=VERTEX_POINT('',#9104);
#2273=VERTEX_POINT('',#9106);
#2274=VERTEX_POINT('',#9110);
#2275=VERTEX_POINT('',#9112);
#2276=VERTEX_POINT('',#9163);
#2277=VERTEX_POINT('',#9182);
#2278=VERTEX_POINT('',#9249);
#2279=VERTEX_POINT('',#9274);
#2280=VERTEX_POINT('',#9325);
#2281=VERTEX_POINT('',#9344);
#2282=VERTEX_POINT('',#9545);
#2283=VERTEX_POINT('',#9619);
#2284=VERTEX_POINT('',#9641);
#2285=VERTEX_POINT('',#9645);
#2286=VERTEX_POINT('',#9696);
#2287=VERTEX_POINT('',#9715);
#2288=VERTEX_POINT('',#9719);
#2289=VERTEX_POINT('',#9726);
#2290=VERTEX_POINT('',#9728);
#2291=VERTEX_POINT('',#9732);
#2292=VERTEX_POINT('',#9759);
#2293=VERTEX_POINT('',#9792);
#2294=VERTEX_POINT('',#9802);
#2295=VERTEX_POINT('',#9853);
#2296=VERTEX_POINT('',#9872);
#2297=VERTEX_POINT('',#9876);
#2298=VERTEX_POINT('',#9880);
#2299=VERTEX_POINT('',#9884);
#2300=VERTEX_POINT('',#9935);
#2301=VERTEX_POINT('',#9954);
#2302=VERTEX_POINT('',#9958);
#2303=VERTEX_POINT('',#9962);
#2304=VERTEX_POINT('',#9966);
#2305=VERTEX_POINT('',#10001);
#2306=VERTEX_POINT('',#10014);
#2307=VERTEX_POINT('',#10018);
#2308=VERTEX_POINT('',#10022);
#2309=VERTEX_POINT('',#10026);
#2310=VERTEX_POINT('',#10030);
#2311=VERTEX_POINT('',#10038);
#2312=VERTEX_POINT('',#10039);
#2313=VERTEX_POINT('',#10043);
#2314=VERTEX_POINT('',#10050);
#2315=VERTEX_POINT('',#10059);
#2316=VERTEX_POINT('',#10062);
#2317=VERTEX_POINT('',#10064);
#2318=VERTEX_POINT('',#10066);
#2319=VERTEX_POINT('',#10084);
#2320=VERTEX_POINT('',#10089);
#2321=VERTEX_POINT('',#10093);
#2322=VERTEX_POINT('',#10095);
#2323=VERTEX_POINT('',#10099);
#2324=VERTEX_POINT('',#10105);
#2325=VERTEX_POINT('',#10126);
#2326=VERTEX_POINT('',#10128);
#2327=VERTEX_POINT('',#10132);
#2328=VERTEX_POINT('',#10134);
#2329=VERTEX_POINT('',#10149);
#2330=VERTEX_POINT('',#10161);
#2331=VERTEX_POINT('',#10181);
#2332=VERTEX_POINT('',#10183);
#2333=VERTEX_POINT('',#10187);
#2334=VERTEX_POINT('',#10188);
#2335=VERTEX_POINT('',#10190);
#2336=VERTEX_POINT('',#10192);
#2337=VERTEX_POINT('',#10196);
#2338=VERTEX_POINT('',#10198);
#2339=VERTEX_POINT('',#10207);
#2340=VERTEX_POINT('',#10209);
#2341=VERTEX_POINT('',#10248);
#2342=VERTEX_POINT('',#10250);
#2343=VERTEX_POINT('',#10298);
#2344=VERTEX_POINT('',#10437);
#2345=VERTEX_POINT('',#10439);
#2346=VERTEX_POINT('',#10536);
#2347=VERTEX_POINT('',#10555);
#2348=VERTEX_POINT('',#10559);
#2349=VERTEX_POINT('',#10570);
#2350=VERTEX_POINT('',#10571);
#2351=VERTEX_POINT('',#10573);
#2352=VERTEX_POINT('',#10575);
#2353=VERTEX_POINT('',#10691);
#2354=VERTEX_POINT('',#10692);
#2355=VERTEX_POINT('',#10694);
#2356=VERTEX_POINT('',#10696);
#2357=VERTEX_POINT('',#10705);
#2358=VERTEX_POINT('',#10847);
#2359=VERTEX_POINT('',#10919);
#2360=VERTEX_POINT('',#10993);
#2361=VERTEX_POINT('',#10995);
#2362=VERTEX_POINT('',#11002);
#2363=VERTEX_POINT('',#11004);
#2364=VERTEX_POINT('',#11024);
#2365=VERTEX_POINT('',#11026);
#2366=VERTEX_POINT('',#11059);
#2367=VERTEX_POINT('',#11061);
#2368=VERTEX_POINT('',#11065);
#2369=VERTEX_POINT('',#11066);
#2370=VERTEX_POINT('',#11069);
#2371=VERTEX_POINT('',#11071);
#2372=VERTEX_POINT('',#11073);
#2373=VERTEX_POINT('',#11078);
#2374=VERTEX_POINT('',#11080);
#2375=VERTEX_POINT('',#11086);
#2376=VERTEX_POINT('',#11090);
#2377=VERTEX_POINT('',#11092);
#2378=VERTEX_POINT('',#11098);
#2379=VERTEX_POINT('',#11102);
#2380=VERTEX_POINT('',#11105);
#2381=VERTEX_POINT('',#11109);
#2382=VERTEX_POINT('',#11122);
#2383=VERTEX_POINT('',#11123);
#2384=VERTEX_POINT('',#11127);
#2385=VERTEX_POINT('',#11134);
#2386=VERTEX_POINT('',#11143);
#2387=VERTEX_POINT('',#11145);
#2388=VERTEX_POINT('',#11158);
#2389=VERTEX_POINT('',#11160);
#2390=VERTEX_POINT('',#11162);
#2391=VERTEX_POINT('',#11164);
#2392=VERTEX_POINT('',#11168);
#2393=VERTEX_POINT('',#11170);
#2394=VERTEX_POINT('',#11172);
#2395=VERTEX_POINT('',#11176);
#2396=VERTEX_POINT('',#11180);
#2397=VERTEX_POINT('',#11184);
#2398=VERTEX_POINT('',#11190);
#2399=VERTEX_POINT('',#11191);
#2400=VERTEX_POINT('',#11193);
#2401=VERTEX_POINT('',#11199);
#2402=VERTEX_POINT('',#11204);
#2403=VERTEX_POINT('',#11206);
#2404=VERTEX_POINT('',#11210);
#2405=VERTEX_POINT('',#11216);
#2406=VERTEX_POINT('',#11223);
#2407=VERTEX_POINT('',#11230);
#2408=VERTEX_POINT('',#11245);
#2409=VERTEX_POINT('',#11247);
#2410=VERTEX_POINT('',#11256);
#2411=VERTEX_POINT('',#11266);
#2412=EDGE_CURVE('',#1951,#1952,#1888,.F.);
#2413=EDGE_CURVE('',#1952,#1953,#930,.T.);
#2414=EDGE_CURVE('',#1953,#1954,#1889,.F.);
#2415=EDGE_CURVE('',#1954,#1951,#931,.T.);
#2416=EDGE_CURVE('',#1952,#1955,#932,.T.);
#2417=EDGE_CURVE('',#1956,#1955,#933,.T.);
#2418=EDGE_CURVE('',#1956,#1953,#934,.T.);
#2419=EDGE_CURVE('',#1957,#1958,#1890,.T.);
#2420=EDGE_CURVE('',#1957,#1959,#935,.T.);
#2421=EDGE_CURVE('',#1960,#1959,#1891,.T.);
#2422=EDGE_CURVE('',#1960,#1958,#936,.T.);
#2423=EDGE_CURVE('',#1961,#1958,#937,.T.);
#2424=EDGE_CURVE('',#1962,#1961,#938,.T.);
#2425=EDGE_CURVE('',#1962,#1963,#1892,.T.);
#2426=EDGE_CURVE('',#1964,#1963,#939,.T.);
#2427=EDGE_CURVE('',#1965,#1964,#1893,.T.);
#2428=EDGE_CURVE('',#1966,#1965,#940,.T.);
#2429=EDGE_CURVE('',#1957,#1966,#941,.T.);
#2430=EDGE_CURVE('',#1960,#1967,#942,.T.);
#2431=EDGE_CURVE('',#1961,#1967,#943,.T.);
#2432=EDGE_CURVE('',#1954,#1968,#944,.T.);
#2433=EDGE_CURVE('',#1969,#1968,#222,.T.);
#2434=EDGE_CURVE('',#1969,#1970,#945,.T.);
#2435=EDGE_CURVE('',#1970,#1971,#223,.T.);
#2436=EDGE_CURVE('',#1972,#1971,#946,.T.);
#2437=EDGE_CURVE('',#1973,#1972,#224,.T.);
#2438=EDGE_CURVE('',#1974,#1973,#947,.T.);
#2439=EDGE_CURVE('',#1975,#1974,#225,.T.);
#2440=EDGE_CURVE('',#1976,#1975,#948,.T.);
#2441=EDGE_CURVE('',#1976,#1977,#226,.T.);
#2442=EDGE_CURVE('',#1977,#1978,#949,.T.);
#2443=EDGE_CURVE('',#1978,#1951,#950,.T.);
#2444=EDGE_CURVE('',#1979,#1980,#227,.T.);
#2445=EDGE_CURVE('',#1980,#1981,#951,.T.);
#2446=EDGE_CURVE('',#1981,#1982,#138,.T.);
#2447=EDGE_CURVE('',#1982,#1979,#952,.T.);
#2448=EDGE_CURVE('',#1983,#1979,#953,.T.);
#2449=EDGE_CURVE('',#1984,#1983,#228,.T.);
#2450=EDGE_CURVE('',#1985,#1984,#954,.T.);
#2451=EDGE_CURVE('',#1986,#1985,#229,.T.);
#2452=EDGE_CURVE('',#1986,#1987,#955,.T.);
#2453=EDGE_CURVE('',#1988,#1987,#230,.T.);
#2454=EDGE_CURVE('',#1989,#1988,#956,.T.);
#2455=EDGE_CURVE('',#1990,#1989,#231,.T.);
#2456=EDGE_CURVE('',#1991,#1990,#957,.T.);
#2457=EDGE_CURVE('',#1992,#1991,#232,.T.);
#2458=EDGE_CURVE('',#1993,#1992,#958,.T.);
#2459=EDGE_CURVE('',#1994,#1993,#233,.T.);
#2460=EDGE_CURVE('',#1995,#1994,#139,.T.);
#2461=EDGE_CURVE('',#1996,#1995,#959,.T.);
#2462=EDGE_CURVE('',#1997,#1996,#960,.T.);
#2463=EDGE_CURVE('',#1998,#1997,#140,.T.);
#2464=EDGE_CURVE('',#1999,#1998,#961,.T.);
#2465=EDGE_CURVE('',#1999,#2000,#234,.T.);
#2466=EDGE_CURVE('',#2001,#2000,#962,.T.);
#2467=EDGE_CURVE('',#2001,#2002,#235,.T.);
#2468=EDGE_CURVE('',#2003,#2002,#963,.T.);
#2469=EDGE_CURVE('',#2004,#2003,#141,.T.);
#2470=EDGE_CURVE('',#2005,#2004,#964,.T.);
#2471=EDGE_CURVE('',#2006,#2005,#965,.T.);
#2472=EDGE_CURVE('',#2007,#2006,#142,.T.);
#2473=EDGE_CURVE('',#2008,#2007,#236,.T.);
#2474=EDGE_CURVE('',#1980,#2008,#966,.T.);
#2475=EDGE_CURVE('',#1982,#1962,#967,.T.);
#2476=EDGE_CURVE('',#1967,#2009,#968,.T.);
#2477=EDGE_CURVE('',#2009,#2010,#969,.T.);
#2478=EDGE_CURVE('',#2010,#2011,#970,.T.);
#2479=EDGE_CURVE('',#2012,#2011,#971,.T.);
#2480=EDGE_CURVE('',#1983,#2012,#972,.T.);
#2481=EDGE_CURVE('',#2012,#2013,#143,.F.);
#2482=EDGE_CURVE('',#2013,#1984,#973,.T.);
#2483=EDGE_CURVE('',#2014,#2015,#974,.T.);
#2484=EDGE_CURVE('',#2016,#2014,#975,.T.);
#2485=EDGE_CURVE('',#2016,#2017,#976,.T.);
#2486=EDGE_CURVE('',#2017,#2018,#977,.T.);
#2487=EDGE_CURVE('',#2018,#2019,#978,.T.);
#2488=EDGE_CURVE('',#2019,#2020,#979,.T.);
#2489=EDGE_CURVE('',#2021,#2020,#92,.T.);
#2490=EDGE_CURVE('',#2022,#2021,#980,.T.);
#2491=EDGE_CURVE('',#2023,#2022,#93,.T.);
#2492=EDGE_CURVE('',#2015,#2023,#1894,.T.);
#2493=EDGE_CURVE('',#2011,#2014,#1895,.T.);
#2494=EDGE_CURVE('',#2010,#2016,#1896,.T.);
#2495=EDGE_CURVE('',#2024,#2025,#1897,.T.);
#2496=EDGE_CURVE('',#2025,#1969,#981,.T.);
#2497=EDGE_CURVE('',#1968,#2024,#982,.T.);
#2498=EDGE_CURVE('',#2025,#2026,#983,.T.);
#2499=EDGE_CURVE('',#1970,#2026,#984,.T.);
#2500=EDGE_CURVE('',#1987,#2027,#985,.T.);
#2501=EDGE_CURVE('',#2027,#2028,#1898,.T.);
#2502=EDGE_CURVE('',#2028,#1988,#986,.T.);
#2503=EDGE_CURVE('',#2029,#2030,#1899,.T.);
#2504=EDGE_CURVE('',#2030,#2031,#987,.T.);
#2505=EDGE_CURVE('',#2031,#2027,#1900,.T.);
#2506=EDGE_CURVE('',#2027,#2029,#988,.T.);
#2507=EDGE_CURVE('',#2031,#2028,#1901,.T.);
#2508=EDGE_CURVE('',#1985,#2032,#989,.T.);
#2509=EDGE_CURVE('',#2032,#2029,#1902,.T.);
#2510=EDGE_CURVE('',#2029,#1986,#990,.T.);
#2511=EDGE_CURVE('',#2032,#2030,#1903,.T.);
#2512=EDGE_CURVE('',#2033,#2008,#991,.T.);
#2513=EDGE_CURVE('',#2034,#2033,#144,.T.);
#2514=EDGE_CURVE('',#2035,#2034,#992,.T.);
#2515=EDGE_CURVE('',#2036,#2035,#145,.T.);
#2516=EDGE_CURVE('',#2037,#2036,#993,.T.);
#2517=EDGE_CURVE('',#2038,#2037,#146,.T.);
#2518=EDGE_CURVE('',#1989,#2038,#994,.T.);
#2519=EDGE_CURVE('',#2039,#2028,#995,.T.);
#2520=EDGE_CURVE('',#2040,#2039,#996,.T.);
#2521=EDGE_CURVE('',#2040,#1981,#1904,.T.);
#2522=EDGE_CURVE('',#2031,#2041,#997,.T.);
#2523=EDGE_CURVE('',#2039,#2041,#1905,.T.);
#2524=EDGE_CURVE('',#2042,#2030,#998,.T.);
#2525=EDGE_CURVE('',#2041,#2042,#999,.T.);
#2526=EDGE_CURVE('',#2032,#2043,#1000,.T.);
#2527=EDGE_CURVE('',#2043,#2042,#1906,.T.);
#2528=EDGE_CURVE('',#2044,#2013,#1907,.T.);
#2529=EDGE_CURVE('',#2043,#2044,#1001,.T.);
#2530=EDGE_CURVE('',#2045,#2044,#147,.T.);
#2531=EDGE_CURVE('',#2045,#2046,#1002,.T.);
#2532=EDGE_CURVE('',#2046,#2043,#1908,.T.);
#2533=EDGE_CURVE('',#2046,#2042,#1909,.T.);
#2534=EDGE_CURVE('',#2047,#2048,#1003,.T.);
#2535=EDGE_CURVE('',#2048,#2049,#1004,.T.);
#2536=EDGE_CURVE('',#2049,#2050,#1005,.T.);
#2537=EDGE_CURVE('',#2050,#2051,#1006,.T.);
#2538=EDGE_CURVE('',#2051,#2052,#1007,.T.);
#2539=EDGE_CURVE('',#2052,#2053,#1008,.T.);
#2540=EDGE_CURVE('',#2053,#2054,#1009,.T.);
#2541=EDGE_CURVE('',#2054,#2055,#148,.T.);
#2542=EDGE_CURVE('',#2055,#2056,#1010,.T.);
#2543=EDGE_CURVE('',#2056,#2057,#1011,.T.);
#2544=EDGE_CURVE('',#2057,#2058,#1012,.T.);
#2545=EDGE_CURVE('',#2058,#2059,#1013,.T.);
#2546=EDGE_CURVE('',#2059,#2060,#1014,.T.);
#2547=EDGE_CURVE('',#2060,#2061,#149,.T.);
#2548=EDGE_CURVE('',#2061,#2062,#150,.T.);
#2549=EDGE_CURVE('',#2062,#2063,#1015,.T.);
#2550=EDGE_CURVE('',#2063,#2064,#151,.T.);
#2551=EDGE_CURVE('',#2064,#2065,#1016,.T.);
#2552=EDGE_CURVE('',#2065,#2066,#1017,.T.);
#2553=EDGE_CURVE('',#2066,#2067,#1018,.T.);
#2554=EDGE_CURVE('',#2067,#2068,#1019,.T.);
#2555=EDGE_CURVE('',#2068,#2047,#152,.T.);
#2556=EDGE_CURVE('',#2069,#2070,#153,.T.);
#2557=EDGE_CURVE('',#2070,#2071,#1020,.T.);
#2558=EDGE_CURVE('',#2071,#2072,#1021,.T.);
#2559=EDGE_CURVE('',#2072,#2073,#1022,.T.);
#2560=EDGE_CURVE('',#2073,#2074,#154,.T.);
#2561=EDGE_CURVE('',#2074,#2075,#1023,.T.);
#2562=EDGE_CURVE('',#2075,#2076,#1024,.T.);
#2563=EDGE_CURVE('',#2076,#2077,#155,.T.);
#2564=EDGE_CURVE('',#2077,#2078,#1025,.T.);
#2565=EDGE_CURVE('',#2078,#2079,#156,.T.);
#2566=EDGE_CURVE('',#2079,#2080,#1026,.T.);
#2567=EDGE_CURVE('',#2080,#2081,#157,.T.);
#2568=EDGE_CURVE('',#2081,#2082,#1027,.T.);
#2569=EDGE_CURVE('',#2082,#2083,#158,.T.);
#2570=EDGE_CURVE('',#2083,#2069,#1028,.T.);
#2571=EDGE_CURVE('',#2084,#2085,#1029,.T.);
#2572=EDGE_CURVE('',#2085,#2086,#1030,.T.);
#2573=EDGE_CURVE('',#2086,#2087,#1031,.T.);
#2574=EDGE_CURVE('',#2087,#2088,#1032,.T.);
#2575=EDGE_CURVE('',#2088,#2089,#1033,.T.);
#2576=EDGE_CURVE('',#2089,#2090,#1034,.T.);
#2577=EDGE_CURVE('',#2090,#2091,#1035,.T.);
#2578=EDGE_CURVE('',#2091,#2092,#159,.T.);
#2579=EDGE_CURVE('',#2092,#2093,#1036,.T.);
#2580=EDGE_CURVE('',#2093,#2094,#1037,.T.);
#2581=EDGE_CURVE('',#2094,#2095,#1038,.T.);
#2582=EDGE_CURVE('',#2095,#2096,#1039,.T.);
#2583=EDGE_CURVE('',#2096,#2097,#1040,.T.);
#2584=EDGE_CURVE('',#2097,#2098,#160,.T.);
#2585=EDGE_CURVE('',#2098,#2099,#161,.T.);
#2586=EDGE_CURVE('',#2099,#2100,#1041,.T.);
#2587=EDGE_CURVE('',#2100,#2101,#162,.T.);
#2588=EDGE_CURVE('',#2101,#2102,#1042,.T.);
#2589=EDGE_CURVE('',#2102,#2103,#1043,.T.);
#2590=EDGE_CURVE('',#2103,#2104,#1044,.T.);
#2591=EDGE_CURVE('',#2104,#2105,#1045,.T.);
#2592=EDGE_CURVE('',#2105,#2084,#163,.T.);
#2593=EDGE_CURVE('',#2106,#2107,#1046,.T.);
#2594=EDGE_CURVE('',#2107,#2108,#1047,.T.);
#2595=EDGE_CURVE('',#2108,#2109,#1048,.T.);
#2596=EDGE_CURVE('',#2109,#2110,#1049,.T.);
#2597=EDGE_CURVE('',#2110,#2111,#164,.T.);
#2598=EDGE_CURVE('',#2111,#2112,#165,.T.);
#2599=EDGE_CURVE('',#2112,#2113,#1050,.T.);
#2600=EDGE_CURVE('',#2113,#2114,#166,.T.);
#2601=EDGE_CURVE('',#2114,#2115,#1051,.T.);
#2602=EDGE_CURVE('',#2115,#2116,#1052,.T.);
#2603=EDGE_CURVE('',#2116,#2117,#1053,.T.);
#2604=EDGE_CURVE('',#2117,#2118,#167,.T.);
#2605=EDGE_CURVE('',#2118,#2119,#1054,.T.);
#2606=EDGE_CURVE('',#2119,#2120,#1055,.T.);
#2607=EDGE_CURVE('',#2120,#2121,#1056,.T.);
#2608=EDGE_CURVE('',#2121,#2122,#168,.T.);
#2609=EDGE_CURVE('',#2122,#2123,#169,.T.);
#2610=EDGE_CURVE('',#2123,#2124,#1057,.T.);
#2611=EDGE_CURVE('',#2124,#2125,#1058,.T.);
#2612=EDGE_CURVE('',#2125,#2126,#1059,.T.);
#2613=EDGE_CURVE('',#2126,#2127,#1060,.T.);
#2614=EDGE_CURVE('',#2127,#2128,#170,.T.);
#2615=EDGE_CURVE('',#2128,#2129,#1061,.T.);
#2616=EDGE_CURVE('',#2129,#2130,#171,.T.);
#2617=EDGE_CURVE('',#2130,#2131,#1062,.T.);
#2618=EDGE_CURVE('',#2131,#2132,#1063,.T.);
#2619=EDGE_CURVE('',#2132,#2133,#1064,.T.);
#2620=EDGE_CURVE('',#2133,#2134,#172,.T.);
#2621=EDGE_CURVE('',#2134,#2135,#1065,.T.);
#2622=EDGE_CURVE('',#2135,#2136,#1066,.T.);
#2623=EDGE_CURVE('',#2136,#2137,#1067,.T.);
#2624=EDGE_CURVE('',#2137,#2106,#173,.T.);
#2625=EDGE_CURVE('',#2138,#2139,#174,.T.);
#2626=EDGE_CURVE('',#2139,#2140,#1068,.T.);
#2627=EDGE_CURVE('',#2140,#2141,#175,.T.);
#2628=EDGE_CURVE('',#2141,#2142,#1069,.T.);
#2629=EDGE_CURVE('',#2142,#2143,#1070,.T.);
#2630=EDGE_CURVE('',#2143,#2144,#1071,.T.);
#2631=EDGE_CURVE('',#2144,#2145,#1072,.T.);
#2632=EDGE_CURVE('',#2145,#2146,#1073,.T.);
#2633=EDGE_CURVE('',#2146,#2147,#176,.T.);
#2634=EDGE_CURVE('',#2147,#2148,#1074,.T.);
#2635=EDGE_CURVE('',#2148,#2149,#177,.T.);
#2636=EDGE_CURVE('',#2149,#2150,#1075,.T.);
#2637=EDGE_CURVE('',#2150,#2151,#1076,.T.);
#2638=EDGE_CURVE('',#2151,#2138,#1077,.T.);
#2639=EDGE_CURVE('',#2152,#2153,#178,.T.);
#2640=EDGE_CURVE('',#2153,#2154,#1078,.T.);
#2641=EDGE_CURVE('',#2154,#2155,#179,.T.);
#2642=EDGE_CURVE('',#2155,#2156,#1079,.T.);
#2643=EDGE_CURVE('',#2156,#2157,#1080,.T.);
#2644=EDGE_CURVE('',#2157,#2158,#1081,.T.);
#2645=EDGE_CURVE('',#2158,#2159,#180,.T.);
#2646=EDGE_CURVE('',#2159,#2160,#1082,.T.);
#2647=EDGE_CURVE('',#2160,#2161,#1083,.T.);
#2648=EDGE_CURVE('',#2161,#2162,#1084,.T.);
#2649=EDGE_CURVE('',#2162,#2163,#181,.T.);
#2650=EDGE_CURVE('',#2163,#2164,#1085,.T.);
#2651=EDGE_CURVE('',#2164,#2165,#1086,.T.);
#2652=EDGE_CURVE('',#2165,#2166,#1087,.T.);
#2653=EDGE_CURVE('',#2166,#2167,#1088,.T.);
#2654=EDGE_CURVE('',#2167,#2152,#182,.T.);
#2655=EDGE_CURVE('',#2046,#2168,#1089,.T.);
#2656=EDGE_CURVE('',#2168,#2169,#1910,.T.);
#2657=EDGE_CURVE('',#2169,#1965,#1090,.T.);
#2658=EDGE_CURVE('',#1964,#2170,#1091,.T.);
#2659=EDGE_CURVE('',#2170,#2041,#1911,.T.);
#2660=EDGE_CURVE('',#2171,#2045,#1092,.T.);
#2661=EDGE_CURVE('',#2171,#2172,#1093,.T.);
#2662=EDGE_CURVE('',#2172,#2173,#1094,.T.);
#2663=EDGE_CURVE('',#2173,#2168,#1095,.T.);
#2664=EDGE_CURVE('',#2174,#2040,#183,.T.);
#2665=EDGE_CURVE('',#2039,#2170,#1912,.T.);
#2666=EDGE_CURVE('',#2170,#2174,#1096,.T.);
#2667=EDGE_CURVE('',#2175,#1959,#1097,.T.);
#2668=EDGE_CURVE('',#2169,#2175,#1098,.T.);
#2669=EDGE_CURVE('',#2173,#2009,#1913,.T.);
#2670=EDGE_CURVE('',#1963,#2174,#1099,.T.);
#2671=EDGE_CURVE('',#2176,#2177,#184,.T.);
#2672=EDGE_CURVE('',#2176,#2178,#1100,.T.);
#2673=EDGE_CURVE('',#2178,#2179,#94,.T.);
#2674=EDGE_CURVE('',#2177,#2179,#1101,.T.);
#2675=EDGE_CURVE('',#2177,#2180,#1102,.T.);
#2676=EDGE_CURVE('',#2179,#2181,#1103,.T.);
#2677=EDGE_CURVE('',#2180,#2181,#1104,.T.);
#2678=EDGE_CURVE('',#2160,#2182,#1105,.T.);
#2679=EDGE_CURVE('',#2182,#2183,#1106,.T.);
#2680=EDGE_CURVE('',#2161,#2183,#1107,.T.);
#2681=EDGE_CURVE('',#2183,#2184,#1108,.T.);
#2682=EDGE_CURVE('',#2162,#2184,#1109,.T.);
#2683=EDGE_CURVE('',#2184,#2185,#95,.T.);
#2684=EDGE_CURVE('',#2163,#2185,#1110,.T.);
#2685=EDGE_CURVE('',#2185,#2186,#1111,.T.);
#2686=EDGE_CURVE('',#2164,#2186,#1112,.T.);
#2687=EDGE_CURVE('',#2186,#2187,#1113,.T.);
#2688=EDGE_CURVE('',#2165,#2187,#1114,.T.);
#2689=EDGE_CURVE('',#2187,#2188,#1115,.T.);
#2690=EDGE_CURVE('',#2166,#2188,#1116,.T.);
#2691=EDGE_CURVE('',#2188,#2189,#1117,.T.);
#2692=EDGE_CURVE('',#2167,#2189,#1118,.T.);
#2693=EDGE_CURVE('',#2189,#2190,#96,.T.);
#2694=EDGE_CURVE('',#2152,#2190,#1119,.T.);
#2695=EDGE_CURVE('',#2180,#2191,#1120,.T.);
#2696=EDGE_CURVE('',#2181,#2192,#1121,.T.);
#2697=EDGE_CURVE('',#2191,#2192,#1122,.T.);
#2698=EDGE_CURVE('',#2191,#2193,#1123,.T.);
#2699=EDGE_CURVE('',#2192,#2194,#1124,.T.);
#2700=EDGE_CURVE('',#2193,#2194,#1125,.T.);
#2701=EDGE_CURVE('',#2193,#2176,#185,.T.);
#2702=EDGE_CURVE('',#2194,#2178,#97,.T.);
#2703=EDGE_CURVE('',#2190,#2195,#98,.T.);
#2704=EDGE_CURVE('',#2153,#2195,#1126,.T.);
#2705=EDGE_CURVE('',#2159,#2196,#1127,.T.);
#2706=EDGE_CURVE('',#2196,#2182,#1128,.T.);
#2707=EDGE_CURVE('',#2158,#2197,#1129,.T.);
#2708=EDGE_CURVE('',#2197,#2196,#99,.T.);
#2709=EDGE_CURVE('',#2157,#2198,#1130,.T.);
#2710=EDGE_CURVE('',#2198,#2197,#1131,.T.);
#2711=EDGE_CURVE('',#2156,#2199,#1132,.T.);
#2712=EDGE_CURVE('',#2199,#2198,#1133,.T.);
#2713=EDGE_CURVE('',#2155,#2200,#1134,.T.);
#2714=EDGE_CURVE('',#2200,#2199,#1135,.T.);
#2715=EDGE_CURVE('',#2154,#2201,#1136,.T.);
#2716=EDGE_CURVE('',#2201,#2200,#100,.T.);
#2717=EDGE_CURVE('',#2195,#2201,#1137,.T.);
#2718=EDGE_CURVE('',#2145,#2202,#1138,.T.);
#2719=EDGE_CURVE('',#2202,#2203,#1139,.T.);
#2720=EDGE_CURVE('',#2146,#2203,#1140,.T.);
#2721=EDGE_CURVE('',#2203,#2204,#101,.T.);
#2722=EDGE_CURVE('',#2147,#2204,#1141,.T.);
#2723=EDGE_CURVE('',#2204,#2205,#1142,.T.);
#2724=EDGE_CURVE('',#2148,#2205,#1143,.T.);
#2725=EDGE_CURVE('',#2205,#2206,#102,.T.);
#2726=EDGE_CURVE('',#2149,#2206,#1144,.T.);
#2727=EDGE_CURVE('',#2206,#2207,#1145,.T.);
#2728=EDGE_CURVE('',#2150,#2207,#1146,.T.);
#2729=EDGE_CURVE('',#2207,#2208,#1147,.T.);
#2730=EDGE_CURVE('',#2151,#2208,#1148,.T.);
#2731=EDGE_CURVE('',#2208,#2209,#1149,.T.);
#2732=EDGE_CURVE('',#2138,#2209,#1150,.T.);
#2733=EDGE_CURVE('',#2209,#2210,#103,.T.);
#2734=EDGE_CURVE('',#2139,#2210,#1151,.T.);
#2735=EDGE_CURVE('',#2144,#2211,#1152,.T.);
#2736=EDGE_CURVE('',#2211,#2202,#1153,.T.);
#2737=EDGE_CURVE('',#2143,#2212,#1154,.T.);
#2738=EDGE_CURVE('',#2212,#2211,#1155,.T.);
#2739=EDGE_CURVE('',#2142,#2213,#1156,.T.);
#2740=EDGE_CURVE('',#2213,#2212,#1157,.T.);
#2741=EDGE_CURVE('',#2141,#2214,#1158,.T.);
#2742=EDGE_CURVE('',#2214,#2213,#1159,.T.);
#2743=EDGE_CURVE('',#2140,#2215,#1160,.T.);
#2744=EDGE_CURVE('',#2215,#2214,#104,.T.);
#2745=EDGE_CURVE('',#2210,#2215,#1161,.T.);
#2746=EDGE_CURVE('',#2122,#2216,#1162,.T.);
#2747=EDGE_CURVE('',#2216,#2217,#105,.T.);
#2748=EDGE_CURVE('',#2123,#2217,#1163,.T.);
#2749=EDGE_CURVE('',#2217,#2218,#1164,.T.);
#2750=EDGE_CURVE('',#2124,#2218,#1165,.T.);
#2751=EDGE_CURVE('',#2218,#2219,#1166,.T.);
#2752=EDGE_CURVE('',#2125,#2219,#1167,.T.);
#2753=EDGE_CURVE('',#2219,#2220,#1168,.T.);
#2754=EDGE_CURVE('',#2126,#2220,#1169,.T.);
#2755=EDGE_CURVE('',#2220,#2221,#1170,.T.);
#2756=EDGE_CURVE('',#2127,#2221,#1171,.T.);
#2757=EDGE_CURVE('',#2221,#2222,#106,.T.);
#2758=EDGE_CURVE('',#2128,#2222,#1172,.T.);
#2759=EDGE_CURVE('',#2222,#2223,#1173,.T.);
#2760=EDGE_CURVE('',#2129,#2223,#1174,.T.);
#2761=EDGE_CURVE('',#2223,#2224,#107,.T.);
#2762=EDGE_CURVE('',#2130,#2224,#1175,.T.);
#2763=EDGE_CURVE('',#2224,#2225,#1176,.T.);
#2764=EDGE_CURVE('',#2131,#2225,#1177,.T.);
#2765=EDGE_CURVE('',#2225,#2226,#1178,.T.);
#2766=EDGE_CURVE('',#2132,#2226,#1179,.T.);
#2767=EDGE_CURVE('',#2226,#2227,#1180,.T.);
#2768=EDGE_CURVE('',#2133,#2227,#1181,.T.);
#2769=EDGE_CURVE('',#2227,#2228,#108,.T.);
#2770=EDGE_CURVE('',#2134,#2228,#1182,.T.);
#2771=EDGE_CURVE('',#2228,#2229,#1183,.T.);
#2772=EDGE_CURVE('',#2135,#2229,#1184,.T.);
#2773=EDGE_CURVE('',#2229,#2230,#1185,.T.);
#2774=EDGE_CURVE('',#2136,#2230,#1186,.T.);
#2775=EDGE_CURVE('',#2230,#2231,#1187,.T.);
#2776=EDGE_CURVE('',#2137,#2231,#1188,.T.);
#2777=EDGE_CURVE('',#2231,#2232,#109,.T.);
#2778=EDGE_CURVE('',#2106,#2232,#1189,.T.);
#2779=EDGE_CURVE('',#2232,#2233,#1190,.T.);
#2780=EDGE_CURVE('',#2107,#2233,#1191,.T.);
#2781=EDGE_CURVE('',#2121,#2234,#1192,.T.);
#2782=EDGE_CURVE('',#2234,#2216,#110,.T.);
#2783=EDGE_CURVE('',#2120,#2235,#1193,.T.);
#2784=EDGE_CURVE('',#2235,#2234,#1194,.T.);
#2785=EDGE_CURVE('',#2119,#2236,#1195,.T.);
#2786=EDGE_CURVE('',#2236,#2235,#1196,.T.);
#2787=EDGE_CURVE('',#2118,#2237,#1197,.T.);
#2788=EDGE_CURVE('',#2237,#2236,#1198,.T.);
#2789=EDGE_CURVE('',#2117,#2238,#1199,.T.);
#2790=EDGE_CURVE('',#2238,#2237,#111,.T.);
#2791=EDGE_CURVE('',#2116,#2239,#1200,.T.);
#2792=EDGE_CURVE('',#2239,#2238,#1201,.T.);
#2793=EDGE_CURVE('',#2115,#2240,#1202,.T.);
#2794=EDGE_CURVE('',#2240,#2239,#1203,.T.);
#2795=EDGE_CURVE('',#2114,#2241,#1204,.T.);
#2796=EDGE_CURVE('',#2241,#2240,#1205,.T.);
#2797=EDGE_CURVE('',#2113,#2242,#1206,.T.);
#2798=EDGE_CURVE('',#2242,#2241,#112,.T.);
#2799=EDGE_CURVE('',#2112,#2243,#1207,.T.);
#2800=EDGE_CURVE('',#2243,#2242,#1208,.T.);
#2801=EDGE_CURVE('',#2111,#2244,#1209,.T.);
#2802=EDGE_CURVE('',#2244,#2243,#113,.T.);
#2803=EDGE_CURVE('',#2110,#2245,#1210,.T.);
#2804=EDGE_CURVE('',#2245,#2244,#114,.T.);
#2805=EDGE_CURVE('',#2109,#2246,#1211,.T.);
#2806=EDGE_CURVE('',#2246,#2245,#1212,.T.);
#2807=EDGE_CURVE('',#2108,#2247,#1213,.T.);
#2808=EDGE_CURVE('',#2247,#2246,#1214,.T.);
#2809=EDGE_CURVE('',#2233,#2247,#1215,.T.);
#2810=EDGE_CURVE('',#2095,#2248,#1216,.T.);
#2811=EDGE_CURVE('',#2248,#2249,#1217,.T.);
#2812=EDGE_CURVE('',#2096,#2249,#1218,.T.);
#2813=EDGE_CURVE('',#2249,#2250,#1219,.T.);
#2814=EDGE_CURVE('',#2097,#2250,#1220,.T.);
#2815=EDGE_CURVE('',#2250,#2251,#115,.T.);
#2816=EDGE_CURVE('',#2098,#2251,#1221,.T.);
#2817=EDGE_CURVE('',#2251,#2252,#116,.T.);
#2818=EDGE_CURVE('',#2099,#2252,#1222,.T.);
#2819=EDGE_CURVE('',#2252,#2253,#1223,.T.);
#2820=EDGE_CURVE('',#2100,#2253,#1224,.T.);
#2821=EDGE_CURVE('',#2253,#2254,#117,.T.);
#2822=EDGE_CURVE('',#2101,#2254,#1225,.T.);
#2823=EDGE_CURVE('',#2254,#2255,#1226,.T.);
#2824=EDGE_CURVE('',#2102,#2255,#1227,.T.);
#2825=EDGE_CURVE('',#2255,#2256,#1228,.T.);
#2826=EDGE_CURVE('',#2103,#2256,#1229,.T.);
#2827=EDGE_CURVE('',#2256,#2257,#1230,.T.);
#2828=EDGE_CURVE('',#2104,#2257,#1231,.T.);
#2829=EDGE_CURVE('',#2257,#2258,#1232,.T.);
#2830=EDGE_CURVE('',#2105,#2258,#1233,.T.);
#2831=EDGE_CURVE('',#2258,#2259,#118,.T.);
#2832=EDGE_CURVE('',#2084,#2259,#1234,.T.);
#2833=EDGE_CURVE('',#2259,#2260,#1235,.T.);
#2834=EDGE_CURVE('',#2085,#2260,#1236,.T.);
#2835=EDGE_CURVE('',#2094,#2261,#1237,.T.);
#2836=EDGE_CURVE('',#2261,#2248,#1238,.T.);
#2837=EDGE_CURVE('',#2093,#2262,#1239,.T.);
#2838=EDGE_CURVE('',#2262,#2261,#1240,.T.);
#2839=EDGE_CURVE('',#2092,#2263,#1241,.T.);
#2840=EDGE_CURVE('',#2263,#2262,#1242,.T.);
#2841=EDGE_CURVE('',#2091,#2264,#1243,.T.);
#2842=EDGE_CURVE('',#2264,#2263,#119,.T.);
#2843=EDGE_CURVE('',#2090,#2265,#1244,.T.);
#2844=EDGE_CURVE('',#2265,#2264,#1245,.T.);
#2845=EDGE_CURVE('',#2089,#2266,#1246,.T.);
#2846=EDGE_CURVE('',#2266,#2265,#1247,.T.);
#2847=EDGE_CURVE('',#2088,#2267,#1248,.T.);
#2848=EDGE_CURVE('',#2267,#2266,#1249,.T.);
#2849=EDGE_CURVE('',#2087,#2268,#1250,.T.);
#2850=EDGE_CURVE('',#2268,#2267,#1251,.T.);
#2851=EDGE_CURVE('',#2086,#2269,#1252,.T.);
#2852=EDGE_CURVE('',#2269,#2268,#1253,.T.);
#2853=EDGE_CURVE('',#2260,#2269,#1254,.T.);
#2854=EDGE_CURVE('',#2270,#2271,#1255,.T.);
#2855=EDGE_CURVE('',#2270,#2272,#1256,.T.);
#2856=EDGE_CURVE('',#2272,#2273,#1257,.T.);
#2857=EDGE_CURVE('',#2271,#2273,#1258,.T.);
#2858=EDGE_CURVE('',#2077,#2274,#1259,.T.);
#2859=EDGE_CURVE('',#2274,#2275,#1260,.T.);
#2860=EDGE_CURVE('',#2078,#2275,#1261,.T.);
#2861=EDGE_CURVE('',#2275,#2276,#120,.T.);
#2862=EDGE_CURVE('',#2079,#2276,#1262,.T.);
#2863=EDGE_CURVE('',#2276,#2277,#1263,.T.);
#2864=EDGE_CURVE('',#2080,#2277,#1264,.T.);
#2865=EDGE_CURVE('',#2277,#2278,#121,.T.);
#2866=EDGE_CURVE('',#2081,#2278,#1265,.T.);
#2867=EDGE_CURVE('',#2278,#2279,#1266,.T.);
#2868=EDGE_CURVE('',#2082,#2279,#1267,.T.);
#2869=EDGE_CURVE('',#2279,#2280,#122,.T.);
#2870=EDGE_CURVE('',#2083,#2280,#1268,.T.);
#2871=EDGE_CURVE('',#2280,#2281,#1269,.T.);
#2872=EDGE_CURVE('',#2069,#2281,#1270,.T.);
#2873=EDGE_CURVE('',#2271,#2270,#186,.T.);
#2874=EDGE_CURVE('',#2273,#2272,#123,.T.);
#2875=EDGE_CURVE('',#2281,#2282,#124,.T.);
#2876=EDGE_CURVE('',#2070,#2282,#1271,.T.);
#2877=EDGE_CURVE('',#2076,#2283,#1272,.T.);
#2878=EDGE_CURVE('',#2283,#2274,#125,.T.);
#2879=EDGE_CURVE('',#2075,#2284,#1273,.T.);
#2880=EDGE_CURVE('',#2284,#2283,#1274,.T.);
#2881=EDGE_CURVE('',#2074,#2285,#1275,.T.);
#2882=EDGE_CURVE('',#2285,#2284,#1276,.T.);
#2883=EDGE_CURVE('',#2073,#2286,#1277,.T.);
#2884=EDGE_CURVE('',#2286,#2285,#126,.T.);
#2885=EDGE_CURVE('',#2072,#2287,#1278,.T.);
#2886=EDGE_CURVE('',#2287,#2286,#1279,.T.);
#2887=EDGE_CURVE('',#2071,#2288,#1280,.T.);
#2888=EDGE_CURVE('',#2288,#2287,#1281,.T.);
#2889=EDGE_CURVE('',#2282,#2288,#1282,.T.);
#2890=EDGE_CURVE('',#2058,#2289,#1283,.T.);
#2891=EDGE_CURVE('',#2289,#2290,#1284,.T.);
#2892=EDGE_CURVE('',#2059,#2290,#1285,.T.);
#2893=EDGE_CURVE('',#2290,#2291,#1286,.T.);
#2894=EDGE_CURVE('',#2060,#2291,#1287,.T.);
#2895=EDGE_CURVE('',#2291,#2292,#127,.T.);
#2896=EDGE_CURVE('',#2061,#2292,#1288,.T.);
#2897=EDGE_CURVE('',#2292,#2293,#128,.T.);
#2898=EDGE_CURVE('',#2062,#2293,#1289,.T.);
#2899=EDGE_CURVE('',#2293,#2294,#1290,.T.);
#2900=EDGE_CURVE('',#2063,#2294,#1291,.T.);
#2901=EDGE_CURVE('',#2294,#2295,#129,.T.);
#2902=EDGE_CURVE('',#2064,#2295,#1292,.T.);
#2903=EDGE_CURVE('',#2295,#2296,#1293,.T.);
#2904=EDGE_CURVE('',#2065,#2296,#1294,.T.);
#2905=EDGE_CURVE('',#2296,#2297,#1295,.T.);
#2906=EDGE_CURVE('',#2066,#2297,#1296,.T.);
#2907=EDGE_CURVE('',#2297,#2298,#1297,.T.);
#2908=EDGE_CURVE('',#2067,#2298,#1298,.T.);
#2909=EDGE_CURVE('',#2298,#2299,#1299,.T.);
#2910=EDGE_CURVE('',#2068,#2299,#1300,.T.);
#2911=EDGE_CURVE('',#2299,#2300,#130,.T.);
#2912=EDGE_CURVE('',#2047,#2300,#1301,.T.);
#2913=EDGE_CURVE('',#2300,#2301,#1302,.T.);
#2914=EDGE_CURVE('',#2048,#2301,#1303,.T.);
#2915=EDGE_CURVE('',#2057,#2302,#1304,.T.);
#2916=EDGE_CURVE('',#2302,#2289,#1305,.T.);
#2917=EDGE_CURVE('',#2056,#2303,#1306,.T.);
#2918=EDGE_CURVE('',#2303,#2302,#1307,.T.);
#2919=EDGE_CURVE('',#2055,#2304,#1308,.T.);
#2920=EDGE_CURVE('',#2304,#2303,#1309,.T.);
#2921=EDGE_CURVE('',#2054,#2305,#1310,.T.);
#2922=EDGE_CURVE('',#2305,#2304,#131,.T.);
#2923=EDGE_CURVE('',#2053,#2306,#1311,.T.);
#2924=EDGE_CURVE('',#2306,#2305,#1312,.T.);
#2925=EDGE_CURVE('',#2052,#2307,#1313,.T.);
#2926=EDGE_CURVE('',#2307,#2306,#1314,.T.);
#2927=EDGE_CURVE('',#2051,#2308,#1315,.T.);
#2928=EDGE_CURVE('',#2308,#2307,#1316,.T.);
#2929=EDGE_CURVE('',#2050,#2309,#1317,.T.);
#2930=EDGE_CURVE('',#2309,#2308,#1318,.T.);
#2931=EDGE_CURVE('',#2049,#2310,#1319,.T.);
#2932=EDGE_CURVE('',#2310,#2309,#1320,.T.);
#2933=EDGE_CURVE('',#2301,#2310,#1321,.T.);
#2934=EDGE_CURVE('',#2311,#2312,#1322,.T.);
#2935=EDGE_CURVE('',#2311,#2312,#1914,.T.);
#2936=EDGE_CURVE('',#2313,#2311,#187,.T.);
#2937=EDGE_CURVE('',#2314,#2313,#1915,.T.);
#2938=EDGE_CURVE('',#2312,#2314,#188,.T.);
#2939=EDGE_CURVE('',#2314,#2315,#1323,.T.);
#2940=EDGE_CURVE('',#2017,#2315,#1916,.T.);
#2941=EDGE_CURVE('',#2316,#2172,#1917,.T.);
#2942=EDGE_CURVE('',#2317,#2316,#1324,.T.);
#2943=EDGE_CURVE('',#2317,#2318,#189,.T.);
#2944=EDGE_CURVE('',#2318,#2313,#1325,.T.);
#2945=EDGE_CURVE('',#2019,#2318,#1918,.T.);
#2946=EDGE_CURVE('',#2315,#2018,#1326,.T.);
#2947=EDGE_CURVE('',#2319,#2317,#1327,.T.);
#2948=EDGE_CURVE('',#2020,#2319,#1919,.T.);
#2949=EDGE_CURVE('',#2320,#2171,#1920,.T.);
#2950=EDGE_CURVE('',#2320,#2316,#1328,.T.);
#2951=EDGE_CURVE('',#2321,#2320,#1329,.T.);
#2952=EDGE_CURVE('',#2322,#2321,#132,.T.);
#2953=EDGE_CURVE('',#2323,#2322,#1330,.T.);
#2954=EDGE_CURVE('',#2319,#2323,#133,.T.);
#2955=EDGE_CURVE('',#2023,#2324,#190,.T.);
#2956=EDGE_CURVE('',#2325,#2324,#1921,.T.);
#2957=EDGE_CURVE('',#2326,#2325,#1922,.T.);
#2958=EDGE_CURVE('',#2015,#2325,#1923,.T.);
#2959=EDGE_CURVE('',#2327,#2022,#1924,.T.);
#2960=EDGE_CURVE('',#2328,#2327,#191,.T.);
#2961=EDGE_CURVE('',#2329,#2328,#1925,.T.);
#2962=EDGE_CURVE('',#2324,#2329,#192,.T.);
#2963=EDGE_CURVE('',#2329,#2328,#1331,.T.);
#2964=EDGE_CURVE('',#2327,#2330,#193,.T.);
#2965=EDGE_CURVE('',#2330,#2321,#194,.T.);
#2966=EDGE_CURVE('',#2322,#2330,#1926,.T.);
#2967=EDGE_CURVE('',#2021,#2323,#1927,.T.);
#2968=EDGE_CURVE('',#2004,#2331,#1928,.T.);
#2969=EDGE_CURVE('',#2331,#2332,#1332,.T.);
#2970=EDGE_CURVE('',#2332,#2005,#237,.T.);
#2971=EDGE_CURVE('',#2333,#2334,#1333,.T.);
#2972=EDGE_CURVE('',#2335,#2334,#1334,.T.);
#2973=EDGE_CURVE('',#2336,#2335,#1335,.T.);
#2974=EDGE_CURVE('',#2333,#2336,#1336,.T.);
#2975=EDGE_CURVE('',#2337,#1976,#1337,.T.);
#2976=EDGE_CURVE('',#2338,#1975,#1338,.T.);
#2977=EDGE_CURVE('',#2337,#2338,#1339,.T.);
#2978=EDGE_CURVE('',#2334,#2339,#238,.T.);
#2979=EDGE_CURVE('',#2339,#2340,#1340,.T.);
#2980=EDGE_CURVE('',#2340,#2337,#195,.T.);
#2981=EDGE_CURVE('',#2338,#2335,#239,.F.);
#2982=EDGE_CURVE('',#2335,#2341,#240,.F.);
#2983=EDGE_CURVE('',#2341,#2342,#1341,.T.);
#2984=EDGE_CURVE('',#2342,#2336,#241,.F.);
#2985=EDGE_CURVE('',#2343,#2342,#242,.F.);
#2986=EDGE_CURVE('',#2336,#2343,#243,.F.);
#2987=EDGE_CURVE('',#1974,#2341,#1342,.T.);
#2988=EDGE_CURVE('',#2341,#2338,#244,.F.);
#2989=EDGE_CURVE('',#2342,#1973,#1343,.T.);
#2990=EDGE_CURVE('',#2344,#1997,#1929,.T.);
#2991=EDGE_CURVE('',#2344,#2345,#196,.T.);
#2992=EDGE_CURVE('',#1998,#2345,#1930,.T.);
#2993=EDGE_CURVE('',#2346,#2003,#1931,.T.);
#2994=EDGE_CURVE('',#2346,#2331,#197,.T.);
#2995=EDGE_CURVE('',#1996,#2347,#245,.T.);
#2996=EDGE_CURVE('',#2347,#2344,#1344,.T.);
#2997=EDGE_CURVE('',#1971,#2348,#1345,.T.);
#2998=EDGE_CURVE('',#2343,#2348,#1346,.T.);
#2999=EDGE_CURVE('',#1972,#2343,#1347,.T.);
#3000=EDGE_CURVE('',#2349,#2350,#1348,.T.);
#3001=EDGE_CURVE('',#2351,#2349,#1349,.T.);
#3002=EDGE_CURVE('',#2352,#2351,#1350,.T.);
#3003=EDGE_CURVE('',#2350,#2352,#1351,.T.);
#3004=EDGE_CURVE('',#2034,#2351,#246,.F.);
#3005=EDGE_CURVE('',#2349,#2035,#247,.F.);
#3006=EDGE_CURVE('',#2036,#2349,#248,.F.);
#3007=EDGE_CURVE('',#2350,#2037,#249,.F.);
#3008=EDGE_CURVE('',#2038,#2350,#250,.F.);
#3009=EDGE_CURVE('',#2353,#2354,#251,.F.);
#3010=EDGE_CURVE('',#2354,#2355,#1352,.T.);
#3011=EDGE_CURVE('',#2355,#2356,#252,.F.);
#3012=EDGE_CURVE('',#2356,#2353,#1353,.T.);
#3013=EDGE_CURVE('',#2007,#2357,#253,.F.);
#3014=EDGE_CURVE('',#2357,#2356,#1354,.T.);
#3015=EDGE_CURVE('',#2356,#2352,#254,.F.);
#3016=EDGE_CURVE('',#2351,#2033,#255,.F.);
#3017=EDGE_CURVE('',#2352,#2355,#256,.F.);
#3018=EDGE_CURVE('',#2357,#2006,#257,.F.);
#3019=EDGE_CURVE('',#2358,#2353,#258,.F.);
#3020=EDGE_CURVE('',#2354,#2358,#259,.F.);
#3021=EDGE_CURVE('',#2355,#1990,#1355,.T.);
#3022=EDGE_CURVE('',#1991,#2354,#1356,.T.);
#3023=EDGE_CURVE('',#2358,#1992,#1357,.T.);
#3024=EDGE_CURVE('',#1993,#2358,#1358,.T.);
#3025=EDGE_CURVE('',#2353,#2359,#1359,.T.);
#3026=EDGE_CURVE('',#2359,#1994,#260,.F.);
#3027=EDGE_CURVE('',#1995,#2359,#261,.F.);
#3028=EDGE_CURVE('',#2175,#1966,#1360,.T.);
#3029=EDGE_CURVE('',#2332,#2357,#1361,.T.);
#3030=EDGE_CURVE('',#2359,#2347,#1362,.T.);
#3031=EDGE_CURVE('',#2000,#1999,#198,.T.);
#3032=EDGE_CURVE('',#2345,#2360,#1363,.T.);
#3033=EDGE_CURVE('',#2360,#2361,#199,.T.);
#3034=EDGE_CURVE('',#2361,#2362,#1364,.T.);
#3035=EDGE_CURVE('',#2362,#2363,#200,.T.);
#3036=EDGE_CURVE('',#2363,#2346,#1365,.T.);
#3037=EDGE_CURVE('',#2002,#2001,#201,.T.);
#3038=EDGE_CURVE('',#2364,#2333,#262,.T.);
#3039=EDGE_CURVE('',#2348,#2365,#202,.T.);
#3040=EDGE_CURVE('',#2365,#2364,#1366,.T.);
#3041=EDGE_CURVE('',#2339,#2366,#1367,.T.);
#3042=EDGE_CURVE('',#2366,#2367,#1368,.T.);
#3043=EDGE_CURVE('',#2367,#2340,#1369,.T.);
#3044=EDGE_CURVE('',#2368,#2369,#1932,.T.);
#3045=EDGE_CURVE('',#2369,#1977,#1370,.T.);
#3046=EDGE_CURVE('',#2370,#2367,#263,.T.);
#3047=EDGE_CURVE('',#2370,#2371,#1371,.T.);
#3048=EDGE_CURVE('',#2371,#2372,#1933,.T.);
#3049=EDGE_CURVE('',#2361,#2372,#1372,.T.);
#3050=EDGE_CURVE('',#2368,#2360,#1373,.T.);
#3051=EDGE_CURVE('',#2373,#2364,#1374,.T.);
#3052=EDGE_CURVE('',#2365,#2374,#1375,.T.);
#3053=EDGE_CURVE('',#2374,#2373,#1376,.T.);
#3054=EDGE_CURVE('',#2366,#2370,#1377,.T.);
#3055=EDGE_CURVE('',#2375,#2373,#1378,.T.);
#3056=EDGE_CURVE('',#2374,#2375,#264,.T.);
#3057=EDGE_CURVE('',#2376,#1978,#1379,.T.);
#3058=EDGE_CURVE('',#2377,#2376,#1380,.T.);
#3059=EDGE_CURVE('',#1955,#2377,#1381,.T.);
#3060=EDGE_CURVE('',#2369,#2376,#1382,.T.);
#3061=EDGE_CURVE('',#2378,#2371,#1383,.T.);
#3062=EDGE_CURVE('',#2378,#2375,#1384,.T.);
#3063=EDGE_CURVE('',#2026,#2379,#1934,.T.);
#3064=EDGE_CURVE('',#2363,#2379,#1385,.T.);
#3065=EDGE_CURVE('',#2380,#2362,#1386,.T.);
#3066=EDGE_CURVE('',#2380,#2378,#1935,.T.);
#3067=EDGE_CURVE('',#2379,#2381,#1387,.T.);
#3068=EDGE_CURVE('',#2381,#1956,#1388,.T.);
#3069=EDGE_CURVE('',#2377,#2368,#1389,.T.);
#3070=EDGE_CURVE('',#2372,#2380,#1390,.T.);
#3071=EDGE_CURVE('',#2024,#2381,#1391,.T.);
#3072=EDGE_CURVE('',#2382,#2383,#1392,.T.);
#3073=EDGE_CURVE('',#2383,#2382,#1936,.T.);
#3074=EDGE_CURVE('',#2384,#2382,#203,.T.);
#3075=EDGE_CURVE('',#2385,#2384,#1937,.T.);
#3076=EDGE_CURVE('',#2383,#2385,#204,.T.);
#3077=EDGE_CURVE('',#2385,#2386,#1393,.T.);
#3078=EDGE_CURVE('',#2386,#2387,#205,.T.);
#3079=EDGE_CURVE('',#2388,#2387,#1394,.T.);
#3080=EDGE_CURVE('',#2389,#2388,#1938,.T.);
#3081=EDGE_CURVE('',#2390,#2389,#1395,.T.);
#3082=EDGE_CURVE('',#2390,#2391,#1939,.T.);
#3083=EDGE_CURVE('',#2391,#2384,#1396,.T.);
#3084=EDGE_CURVE('',#2392,#2386,#1940,.T.);
#3085=EDGE_CURVE('',#2393,#2392,#1397,.T.);
#3086=EDGE_CURVE('',#2394,#2393,#1941,.T.);
#3087=EDGE_CURVE('',#2387,#2394,#1398,.T.);
#3088=EDGE_CURVE('',#2395,#2391,#1399,.T.);
#3089=EDGE_CURVE('',#2392,#2395,#1400,.T.);
#3090=EDGE_CURVE('',#2393,#2396,#134,.T.);
#3091=EDGE_CURVE('',#2396,#2397,#1942,.T.);
#3092=EDGE_CURVE('',#2397,#2394,#135,.T.);
#3093=EDGE_CURVE('',#2398,#2399,#1943,.T.);
#3094=EDGE_CURVE('',#2400,#2398,#136,.T.);
#3095=EDGE_CURVE('',#2396,#2400,#1401,.T.);
#3096=EDGE_CURVE('',#2395,#2390,#1402,.T.);
#3097=EDGE_CURVE('',#2401,#2389,#1403,.T.);
#3098=EDGE_CURVE('',#2399,#2401,#1404,.T.);
#3099=EDGE_CURVE('',#2402,#2397,#1405,.T.);
#3100=EDGE_CURVE('',#2403,#2402,#137,.T.);
#3101=EDGE_CURVE('',#2404,#2403,#1406,.T.);
#3102=EDGE_CURVE('',#2388,#2404,#1407,.T.);
#3103=EDGE_CURVE('',#2401,#2404,#1944,.T.);
#3104=EDGE_CURVE('',#2403,#2405,#206,.T.);
#3105=EDGE_CURVE('',#2405,#2406,#207,.T.);
#3106=EDGE_CURVE('',#2406,#2407,#208,.T.);
#3107=EDGE_CURVE('',#2407,#2408,#1408,.T.);
#3108=EDGE_CURVE('',#2408,#2409,#209,.T.);
#3109=EDGE_CURVE('',#2409,#2410,#1945,.T.);
#3110=EDGE_CURVE('',#2399,#2410,#1946,.T.);
#3111=EDGE_CURVE('',#2406,#2400,#1947,.T.);
#3112=EDGE_CURVE('',#2402,#2405,#1948,.T.);
#3113=EDGE_CURVE('',#2408,#2407,#1949,.T.);
#3114=EDGE_CURVE('',#2411,#2410,#1950,.T.);
#3115=EDGE_CURVE('',#2409,#2398,#210,.T.);
#3116=ORIENTED_EDGE('',*,*,#2412,.T.);
#3117=ORIENTED_EDGE('',*,*,#2413,.T.);
#3118=ORIENTED_EDGE('',*,*,#2414,.T.);
#3119=ORIENTED_EDGE('',*,*,#2415,.T.);
#3120=ORIENTED_EDGE('',*,*,#2413,.F.);
#3121=ORIENTED_EDGE('',*,*,#2416,.T.);
#3122=ORIENTED_EDGE('',*,*,#2417,.F.);
#3123=ORIENTED_EDGE('',*,*,#2418,.T.);
#3124=ORIENTED_EDGE('',*,*,#2419,.F.);
#3125=ORIENTED_EDGE('',*,*,#2420,.T.);
#3126=ORIENTED_EDGE('',*,*,#2421,.F.);
#3127=ORIENTED_EDGE('',*,*,#2422,.T.);
#3128=ORIENTED_EDGE('',*,*,#2419,.T.);
#3129=ORIENTED_EDGE('',*,*,#2423,.F.);
#3130=ORIENTED_EDGE('',*,*,#2424,.F.);
#3131=ORIENTED_EDGE('',*,*,#2425,.T.);
#3132=ORIENTED_EDGE('',*,*,#2426,.F.);
#3133=ORIENTED_EDGE('',*,*,#2427,.F.);
#3134=ORIENTED_EDGE('',*,*,#2428,.F.);
#3135=ORIENTED_EDGE('',*,*,#2429,.F.);
#3136=ORIENTED_EDGE('',*,*,#2422,.F.);
#3137=ORIENTED_EDGE('',*,*,#2430,.T.);
#3138=ORIENTED_EDGE('',*,*,#2431,.F.);
#3139=ORIENTED_EDGE('',*,*,#2423,.T.);
#3140=ORIENTED_EDGE('',*,*,#2432,.T.);
#3141=ORIENTED_EDGE('',*,*,#2433,.F.);
#3142=ORIENTED_EDGE('',*,*,#2434,.T.);
#3143=ORIENTED_EDGE('',*,*,#2435,.T.);
#3144=ORIENTED_EDGE('',*,*,#2436,.F.);
#3145=ORIENTED_EDGE('',*,*,#2437,.F.);
#3146=ORIENTED_EDGE('',*,*,#2438,.F.);
#3147=ORIENTED_EDGE('',*,*,#2439,.F.);
#3148=ORIENTED_EDGE('',*,*,#2440,.F.);
#3149=ORIENTED_EDGE('',*,*,#2441,.T.);
#3150=ORIENTED_EDGE('',*,*,#2442,.T.);
#3151=ORIENTED_EDGE('',*,*,#2443,.T.);
#3152=ORIENTED_EDGE('',*,*,#2415,.F.);
#3153=ORIENTED_EDGE('',*,*,#2444,.T.);
#3154=ORIENTED_EDGE('',*,*,#2445,.T.);
#3155=ORIENTED_EDGE('',*,*,#2446,.T.);
#3156=ORIENTED_EDGE('',*,*,#2447,.T.);
#3157=ORIENTED_EDGE('',*,*,#2444,.F.);
#3158=ORIENTED_EDGE('',*,*,#2448,.F.);
#3159=ORIENTED_EDGE('',*,*,#2449,.F.);
#3160=ORIENTED_EDGE('',*,*,#2450,.F.);
#3161=ORIENTED_EDGE('',*,*,#2451,.F.);
#3162=ORIENTED_EDGE('',*,*,#2452,.T.);
#3163=ORIENTED_EDGE('',*,*,#2453,.F.);
#3164=ORIENTED_EDGE('',*,*,#2454,.F.);
#3165=ORIENTED_EDGE('',*,*,#2455,.F.);
#3166=ORIENTED_EDGE('',*,*,#2456,.F.);
#3167=ORIENTED_EDGE('',*,*,#2457,.F.);
#3168=ORIENTED_EDGE('',*,*,#2458,.F.);
#3169=ORIENTED_EDGE('',*,*,#2459,.F.);
#3170=ORIENTED_EDGE('',*,*,#2460,.F.);
#3171=ORIENTED_EDGE('',*,*,#2461,.F.);
#3172=ORIENTED_EDGE('',*,*,#2462,.F.);
#3173=ORIENTED_EDGE('',*,*,#2463,.F.);
#3174=ORIENTED_EDGE('',*,*,#2464,.F.);
#3175=ORIENTED_EDGE('',*,*,#2465,.T.);
#3176=ORIENTED_EDGE('',*,*,#2466,.F.);
#3177=ORIENTED_EDGE('',*,*,#2467,.T.);
#3178=ORIENTED_EDGE('',*,*,#2468,.F.);
#3179=ORIENTED_EDGE('',*,*,#2469,.F.);
#3180=ORIENTED_EDGE('',*,*,#2470,.F.);
#3181=ORIENTED_EDGE('',*,*,#2471,.F.);
#3182=ORIENTED_EDGE('',*,*,#2472,.F.);
#3183=ORIENTED_EDGE('',*,*,#2473,.F.);
#3184=ORIENTED_EDGE('',*,*,#2474,.F.);
#3185=ORIENTED_EDGE('',*,*,#2447,.F.);
#3186=ORIENTED_EDGE('',*,*,#2475,.T.);
#3187=ORIENTED_EDGE('',*,*,#2424,.T.);
#3188=ORIENTED_EDGE('',*,*,#2431,.T.);
#3189=ORIENTED_EDGE('',*,*,#2476,.T.);
#3190=ORIENTED_EDGE('',*,*,#2477,.T.);
#3191=ORIENTED_EDGE('',*,*,#2478,.T.);
#3192=ORIENTED_EDGE('',*,*,#2479,.F.);
#3193=ORIENTED_EDGE('',*,*,#2480,.F.);
#3194=ORIENTED_EDGE('',*,*,#2448,.T.);
#3195=ORIENTED_EDGE('',*,*,#2449,.T.);
#3196=ORIENTED_EDGE('',*,*,#2480,.T.);
#3197=ORIENTED_EDGE('',*,*,#2481,.T.);
#3198=ORIENTED_EDGE('',*,*,#2482,.T.);
#3199=ORIENTED_EDGE('',*,*,#2483,.F.);
#3200=ORIENTED_EDGE('',*,*,#2484,.F.);
#3201=ORIENTED_EDGE('',*,*,#2485,.T.);
#3202=ORIENTED_EDGE('',*,*,#2486,.T.);
#3203=ORIENTED_EDGE('',*,*,#2487,.T.);
#3204=ORIENTED_EDGE('',*,*,#2488,.T.);
#3205=ORIENTED_EDGE('',*,*,#2489,.F.);
#3206=ORIENTED_EDGE('',*,*,#2490,.F.);
#3207=ORIENTED_EDGE('',*,*,#2491,.F.);
#3208=ORIENTED_EDGE('',*,*,#2492,.F.);
#3209=ORIENTED_EDGE('',*,*,#2493,.F.);
#3210=ORIENTED_EDGE('',*,*,#2478,.F.);
#3211=ORIENTED_EDGE('',*,*,#2494,.T.);
#3212=ORIENTED_EDGE('',*,*,#2484,.T.);
#3213=ORIENTED_EDGE('',*,*,#2495,.T.);
#3214=ORIENTED_EDGE('',*,*,#2496,.T.);
#3215=ORIENTED_EDGE('',*,*,#2433,.T.);
#3216=ORIENTED_EDGE('',*,*,#2497,.T.);
#3217=ORIENTED_EDGE('',*,*,#2496,.F.);
#3218=ORIENTED_EDGE('',*,*,#2498,.T.);
#3219=ORIENTED_EDGE('',*,*,#2499,.F.);
#3220=ORIENTED_EDGE('',*,*,#2434,.F.);
#3221=ORIENTED_EDGE('',*,*,#2453,.T.);
#3222=ORIENTED_EDGE('',*,*,#2500,.T.);
#3223=ORIENTED_EDGE('',*,*,#2501,.T.);
#3224=ORIENTED_EDGE('',*,*,#2502,.T.);
#3225=ORIENTED_EDGE('',*,*,#2503,.T.);
#3226=ORIENTED_EDGE('',*,*,#2504,.T.);
#3227=ORIENTED_EDGE('',*,*,#2505,.T.);
#3228=ORIENTED_EDGE('',*,*,#2506,.T.);
#3229=ORIENTED_EDGE('',*,*,#2505,.F.);
#3230=ORIENTED_EDGE('',*,*,#2507,.T.);
#3231=ORIENTED_EDGE('',*,*,#2501,.F.);
#3232=ORIENTED_EDGE('',*,*,#2451,.T.);
#3233=ORIENTED_EDGE('',*,*,#2508,.T.);
#3234=ORIENTED_EDGE('',*,*,#2509,.T.);
#3235=ORIENTED_EDGE('',*,*,#2510,.T.);
#3236=ORIENTED_EDGE('',*,*,#2509,.F.);
#3237=ORIENTED_EDGE('',*,*,#2511,.T.);
#3238=ORIENTED_EDGE('',*,*,#2503,.F.);
#3239=ORIENTED_EDGE('',*,*,#2445,.F.);
#3240=ORIENTED_EDGE('',*,*,#2474,.T.);
#3241=ORIENTED_EDGE('',*,*,#2512,.F.);
#3242=ORIENTED_EDGE('',*,*,#2513,.F.);
#3243=ORIENTED_EDGE('',*,*,#2514,.F.);
#3244=ORIENTED_EDGE('',*,*,#2515,.F.);
#3245=ORIENTED_EDGE('',*,*,#2516,.F.);
#3246=ORIENTED_EDGE('',*,*,#2517,.F.);
#3247=ORIENTED_EDGE('',*,*,#2518,.F.);
#3248=ORIENTED_EDGE('',*,*,#2454,.T.);
#3249=ORIENTED_EDGE('',*,*,#2502,.F.);
#3250=ORIENTED_EDGE('',*,*,#2519,.F.);
#3251=ORIENTED_EDGE('',*,*,#2520,.F.);
#3252=ORIENTED_EDGE('',*,*,#2521,.T.);
#3253=ORIENTED_EDGE('',*,*,#2507,.F.);
#3254=ORIENTED_EDGE('',*,*,#2522,.T.);
#3255=ORIENTED_EDGE('',*,*,#2523,.F.);
#3256=ORIENTED_EDGE('',*,*,#2519,.T.);
#3257=ORIENTED_EDGE('',*,*,#2504,.F.);
#3258=ORIENTED_EDGE('',*,*,#2524,.F.);
#3259=ORIENTED_EDGE('',*,*,#2525,.F.);
#3260=ORIENTED_EDGE('',*,*,#2522,.F.);
#3261=ORIENTED_EDGE('',*,*,#2511,.F.);
#3262=ORIENTED_EDGE('',*,*,#2526,.T.);
#3263=ORIENTED_EDGE('',*,*,#2527,.T.);
#3264=ORIENTED_EDGE('',*,*,#2524,.T.);
#3265=ORIENTED_EDGE('',*,*,#2482,.F.);
#3266=ORIENTED_EDGE('',*,*,#2528,.F.);
#3267=ORIENTED_EDGE('',*,*,#2529,.F.);
#3268=ORIENTED_EDGE('',*,*,#2526,.F.);
#3269=ORIENTED_EDGE('',*,*,#2508,.F.);
#3270=ORIENTED_EDGE('',*,*,#2450,.T.);
#3271=ORIENTED_EDGE('',*,*,#2530,.F.);
#3272=ORIENTED_EDGE('',*,*,#2531,.T.);
#3273=ORIENTED_EDGE('',*,*,#2532,.T.);
#3274=ORIENTED_EDGE('',*,*,#2529,.T.);
#3275=ORIENTED_EDGE('',*,*,#2532,.F.);
#3276=ORIENTED_EDGE('',*,*,#2533,.T.);
#3277=ORIENTED_EDGE('',*,*,#2527,.F.);
#3278=ORIENTED_EDGE('',*,*,#2500,.F.);
#3279=ORIENTED_EDGE('',*,*,#2452,.F.);
#3280=ORIENTED_EDGE('',*,*,#2510,.F.);
#3281=ORIENTED_EDGE('',*,*,#2506,.F.);
#3282=ORIENTED_EDGE('',*,*,#2534,.T.);
#3283=ORIENTED_EDGE('',*,*,#2535,.T.);
#3284=ORIENTED_EDGE('',*,*,#2536,.T.);
#3285=ORIENTED_EDGE('',*,*,#2537,.T.);
#3286=ORIENTED_EDGE('',*,*,#2538,.T.);
#3287=ORIENTED_EDGE('',*,*,#2539,.T.);
#3288=ORIENTED_EDGE('',*,*,#2540,.T.);
#3289=ORIENTED_EDGE('',*,*,#2541,.T.);
#3290=ORIENTED_EDGE('',*,*,#2542,.T.);
#3291=ORIENTED_EDGE('',*,*,#2543,.T.);
#3292=ORIENTED_EDGE('',*,*,#2544,.T.);
#3293=ORIENTED_EDGE('',*,*,#2545,.T.);
#3294=ORIENTED_EDGE('',*,*,#2546,.T.);
#3295=ORIENTED_EDGE('',*,*,#2547,.T.);
#3296=ORIENTED_EDGE('',*,*,#2548,.T.);
#3297=ORIENTED_EDGE('',*,*,#2549,.T.);
#3298=ORIENTED_EDGE('',*,*,#2550,.T.);
#3299=ORIENTED_EDGE('',*,*,#2551,.T.);
#3300=ORIENTED_EDGE('',*,*,#2552,.T.);
#3301=ORIENTED_EDGE('',*,*,#2553,.T.);
#3302=ORIENTED_EDGE('',*,*,#2554,.T.);
#3303=ORIENTED_EDGE('',*,*,#2555,.T.);
#3304=ORIENTED_EDGE('',*,*,#2556,.T.);
#3305=ORIENTED_EDGE('',*,*,#2557,.T.);
#3306=ORIENTED_EDGE('',*,*,#2558,.T.);
#3307=ORIENTED_EDGE('',*,*,#2559,.T.);
#3308=ORIENTED_EDGE('',*,*,#2560,.T.);
#3309=ORIENTED_EDGE('',*,*,#2561,.T.);
#3310=ORIENTED_EDGE('',*,*,#2562,.T.);
#3311=ORIENTED_EDGE('',*,*,#2563,.T.);
#3312=ORIENTED_EDGE('',*,*,#2564,.T.);
#3313=ORIENTED_EDGE('',*,*,#2565,.T.);
#3314=ORIENTED_EDGE('',*,*,#2566,.T.);
#3315=ORIENTED_EDGE('',*,*,#2567,.T.);
#3316=ORIENTED_EDGE('',*,*,#2568,.T.);
#3317=ORIENTED_EDGE('',*,*,#2569,.T.);
#3318=ORIENTED_EDGE('',*,*,#2570,.T.);
#3319=ORIENTED_EDGE('',*,*,#2571,.T.);
#3320=ORIENTED_EDGE('',*,*,#2572,.T.);
#3321=ORIENTED_EDGE('',*,*,#2573,.T.);
#3322=ORIENTED_EDGE('',*,*,#2574,.T.);
#3323=ORIENTED_EDGE('',*,*,#2575,.T.);
#3324=ORIENTED_EDGE('',*,*,#2576,.T.);
#3325=ORIENTED_EDGE('',*,*,#2577,.T.);
#3326=ORIENTED_EDGE('',*,*,#2578,.T.);
#3327=ORIENTED_EDGE('',*,*,#2579,.T.);
#3328=ORIENTED_EDGE('',*,*,#2580,.T.);
#3329=ORIENTED_EDGE('',*,*,#2581,.T.);
#3330=ORIENTED_EDGE('',*,*,#2582,.T.);
#3331=ORIENTED_EDGE('',*,*,#2583,.T.);
#3332=ORIENTED_EDGE('',*,*,#2584,.T.);
#3333=ORIENTED_EDGE('',*,*,#2585,.T.);
#3334=ORIENTED_EDGE('',*,*,#2586,.T.);
#3335=ORIENTED_EDGE('',*,*,#2587,.T.);
#3336=ORIENTED_EDGE('',*,*,#2588,.T.);
#3337=ORIENTED_EDGE('',*,*,#2589,.T.);
#3338=ORIENTED_EDGE('',*,*,#2590,.T.);
#3339=ORIENTED_EDGE('',*,*,#2591,.T.);
#3340=ORIENTED_EDGE('',*,*,#2592,.T.);
#3341=ORIENTED_EDGE('',*,*,#2593,.T.);
#3342=ORIENTED_EDGE('',*,*,#2594,.T.);
#3343=ORIENTED_EDGE('',*,*,#2595,.T.);
#3344=ORIENTED_EDGE('',*,*,#2596,.T.);
#3345=ORIENTED_EDGE('',*,*,#2597,.T.);
#3346=ORIENTED_EDGE('',*,*,#2598,.T.);
#3347=ORIENTED_EDGE('',*,*,#2599,.T.);
#3348=ORIENTED_EDGE('',*,*,#2600,.T.);
#3349=ORIENTED_EDGE('',*,*,#2601,.T.);
#3350=ORIENTED_EDGE('',*,*,#2602,.T.);
#3351=ORIENTED_EDGE('',*,*,#2603,.T.);
#3352=ORIENTED_EDGE('',*,*,#2604,.T.);
#3353=ORIENTED_EDGE('',*,*,#2605,.T.);
#3354=ORIENTED_EDGE('',*,*,#2606,.T.);
#3355=ORIENTED_EDGE('',*,*,#2607,.T.);
#3356=ORIENTED_EDGE('',*,*,#2608,.T.);
#3357=ORIENTED_EDGE('',*,*,#2609,.T.);
#3358=ORIENTED_EDGE('',*,*,#2610,.T.);
#3359=ORIENTED_EDGE('',*,*,#2611,.T.);
#3360=ORIENTED_EDGE('',*,*,#2612,.T.);
#3361=ORIENTED_EDGE('',*,*,#2613,.T.);
#3362=ORIENTED_EDGE('',*,*,#2614,.T.);
#3363=ORIENTED_EDGE('',*,*,#2615,.T.);
#3364=ORIENTED_EDGE('',*,*,#2616,.T.);
#3365=ORIENTED_EDGE('',*,*,#2617,.T.);
#3366=ORIENTED_EDGE('',*,*,#2618,.T.);
#3367=ORIENTED_EDGE('',*,*,#2619,.T.);
#3368=ORIENTED_EDGE('',*,*,#2620,.T.);
#3369=ORIENTED_EDGE('',*,*,#2621,.T.);
#3370=ORIENTED_EDGE('',*,*,#2622,.T.);
#3371=ORIENTED_EDGE('',*,*,#2623,.T.);
#3372=ORIENTED_EDGE('',*,*,#2624,.T.);
#3373=ORIENTED_EDGE('',*,*,#2625,.T.);
#3374=ORIENTED_EDGE('',*,*,#2626,.T.);
#3375=ORIENTED_EDGE('',*,*,#2627,.T.);
#3376=ORIENTED_EDGE('',*,*,#2628,.T.);
#3377=ORIENTED_EDGE('',*,*,#2629,.T.);
#3378=ORIENTED_EDGE('',*,*,#2630,.T.);
#3379=ORIENTED_EDGE('',*,*,#2631,.T.);
#3380=ORIENTED_EDGE('',*,*,#2632,.T.);
#3381=ORIENTED_EDGE('',*,*,#2633,.T.);
#3382=ORIENTED_EDGE('',*,*,#2634,.T.);
#3383=ORIENTED_EDGE('',*,*,#2635,.T.);
#3384=ORIENTED_EDGE('',*,*,#2636,.T.);
#3385=ORIENTED_EDGE('',*,*,#2637,.T.);
#3386=ORIENTED_EDGE('',*,*,#2638,.T.);
#3387=ORIENTED_EDGE('',*,*,#2639,.T.);
#3388=ORIENTED_EDGE('',*,*,#2640,.T.);
#3389=ORIENTED_EDGE('',*,*,#2641,.T.);
#3390=ORIENTED_EDGE('',*,*,#2642,.T.);
#3391=ORIENTED_EDGE('',*,*,#2643,.T.);
#3392=ORIENTED_EDGE('',*,*,#2644,.T.);
#3393=ORIENTED_EDGE('',*,*,#2645,.T.);
#3394=ORIENTED_EDGE('',*,*,#2646,.T.);
#3395=ORIENTED_EDGE('',*,*,#2647,.T.);
#3396=ORIENTED_EDGE('',*,*,#2648,.T.);
#3397=ORIENTED_EDGE('',*,*,#2649,.T.);
#3398=ORIENTED_EDGE('',*,*,#2650,.T.);
#3399=ORIENTED_EDGE('',*,*,#2651,.T.);
#3400=ORIENTED_EDGE('',*,*,#2652,.T.);
#3401=ORIENTED_EDGE('',*,*,#2653,.T.);
#3402=ORIENTED_EDGE('',*,*,#2654,.T.);
#3403=ORIENTED_EDGE('',*,*,#2533,.F.);
#3404=ORIENTED_EDGE('',*,*,#2655,.T.);
#3405=ORIENTED_EDGE('',*,*,#2656,.T.);
#3406=ORIENTED_EDGE('',*,*,#2657,.T.);
#3407=ORIENTED_EDGE('',*,*,#2427,.T.);
#3408=ORIENTED_EDGE('',*,*,#2658,.T.);
#3409=ORIENTED_EDGE('',*,*,#2659,.T.);
#3410=ORIENTED_EDGE('',*,*,#2525,.T.);
#3411=ORIENTED_EDGE('',*,*,#2531,.F.);
#3412=ORIENTED_EDGE('',*,*,#2660,.F.);
#3413=ORIENTED_EDGE('',*,*,#2661,.T.);
#3414=ORIENTED_EDGE('',*,*,#2662,.T.);
#3415=ORIENTED_EDGE('',*,*,#2663,.T.);
#3416=ORIENTED_EDGE('',*,*,#2655,.F.);
#3417=ORIENTED_EDGE('',*,*,#2664,.T.);
#3418=ORIENTED_EDGE('',*,*,#2520,.T.);
#3419=ORIENTED_EDGE('',*,*,#2665,.T.);
#3420=ORIENTED_EDGE('',*,*,#2666,.T.);
#3421=ORIENTED_EDGE('',*,*,#2665,.F.);
#3422=ORIENTED_EDGE('',*,*,#2523,.T.);
#3423=ORIENTED_EDGE('',*,*,#2659,.F.);
#3424=ORIENTED_EDGE('',*,*,#2421,.T.);
#3425=ORIENTED_EDGE('',*,*,#2667,.F.);
#3426=ORIENTED_EDGE('',*,*,#2668,.F.);
#3427=ORIENTED_EDGE('',*,*,#2656,.F.);
#3428=ORIENTED_EDGE('',*,*,#2663,.F.);
#3429=ORIENTED_EDGE('',*,*,#2669,.T.);
#3430=ORIENTED_EDGE('',*,*,#2476,.F.);
#3431=ORIENTED_EDGE('',*,*,#2430,.F.);
#3432=ORIENTED_EDGE('',*,*,#2658,.F.);
#3433=ORIENTED_EDGE('',*,*,#2426,.T.);
#3434=ORIENTED_EDGE('',*,*,#2670,.T.);
#3435=ORIENTED_EDGE('',*,*,#2666,.F.);
#3436=ORIENTED_EDGE('',*,*,#2671,.F.);
#3437=ORIENTED_EDGE('',*,*,#2672,.T.);
#3438=ORIENTED_EDGE('',*,*,#2673,.T.);
#3439=ORIENTED_EDGE('',*,*,#2674,.F.);
#3440=ORIENTED_EDGE('',*,*,#2675,.F.);
#3441=ORIENTED_EDGE('',*,*,#2674,.T.);
#3442=ORIENTED_EDGE('',*,*,#2676,.T.);
#3443=ORIENTED_EDGE('',*,*,#2677,.F.);
#3444=ORIENTED_EDGE('',*,*,#2647,.F.);
#3445=ORIENTED_EDGE('',*,*,#2678,.T.);
#3446=ORIENTED_EDGE('',*,*,#2679,.T.);
#3447=ORIENTED_EDGE('',*,*,#2680,.F.);
#3448=ORIENTED_EDGE('',*,*,#2648,.F.);
#3449=ORIENTED_EDGE('',*,*,#2680,.T.);
#3450=ORIENTED_EDGE('',*,*,#2681,.T.);
#3451=ORIENTED_EDGE('',*,*,#2682,.F.);
#3452=ORIENTED_EDGE('',*,*,#2649,.F.);
#3453=ORIENTED_EDGE('',*,*,#2682,.T.);
#3454=ORIENTED_EDGE('',*,*,#2683,.T.);
#3455=ORIENTED_EDGE('',*,*,#2684,.F.);
#3456=ORIENTED_EDGE('',*,*,#2650,.F.);
#3457=ORIENTED_EDGE('',*,*,#2684,.T.);
#3458=ORIENTED_EDGE('',*,*,#2685,.T.);
#3459=ORIENTED_EDGE('',*,*,#2686,.F.);
#3460=ORIENTED_EDGE('',*,*,#2651,.F.);
#3461=ORIENTED_EDGE('',*,*,#2686,.T.);
#3462=ORIENTED_EDGE('',*,*,#2687,.T.);
#3463=ORIENTED_EDGE('',*,*,#2688,.F.);
#3464=ORIENTED_EDGE('',*,*,#2652,.F.);
#3465=ORIENTED_EDGE('',*,*,#2688,.T.);
#3466=ORIENTED_EDGE('',*,*,#2689,.T.);
#3467=ORIENTED_EDGE('',*,*,#2690,.F.);
#3468=ORIENTED_EDGE('',*,*,#2653,.F.);
#3469=ORIENTED_EDGE('',*,*,#2690,.T.);
#3470=ORIENTED_EDGE('',*,*,#2691,.T.);
#3471=ORIENTED_EDGE('',*,*,#2692,.F.);
#3472=ORIENTED_EDGE('',*,*,#2654,.F.);
#3473=ORIENTED_EDGE('',*,*,#2692,.T.);
#3474=ORIENTED_EDGE('',*,*,#2693,.T.);
#3475=ORIENTED_EDGE('',*,*,#2694,.F.);
#3476=ORIENTED_EDGE('',*,*,#2695,.F.);
#3477=ORIENTED_EDGE('',*,*,#2677,.T.);
#3478=ORIENTED_EDGE('',*,*,#2696,.T.);
#3479=ORIENTED_EDGE('',*,*,#2697,.F.);
#3480=ORIENTED_EDGE('',*,*,#2698,.F.);
#3481=ORIENTED_EDGE('',*,*,#2697,.T.);
#3482=ORIENTED_EDGE('',*,*,#2699,.T.);
#3483=ORIENTED_EDGE('',*,*,#2700,.F.);
#3484=ORIENTED_EDGE('',*,*,#2701,.F.);
#3485=ORIENTED_EDGE('',*,*,#2700,.T.);
#3486=ORIENTED_EDGE('',*,*,#2702,.T.);
#3487=ORIENTED_EDGE('',*,*,#2672,.F.);
#3488=ORIENTED_EDGE('',*,*,#2639,.F.);
#3489=ORIENTED_EDGE('',*,*,#2694,.T.);
#3490=ORIENTED_EDGE('',*,*,#2703,.T.);
#3491=ORIENTED_EDGE('',*,*,#2704,.F.);
#3492=ORIENTED_EDGE('',*,*,#2646,.F.);
#3493=ORIENTED_EDGE('',*,*,#2705,.T.);
#3494=ORIENTED_EDGE('',*,*,#2706,.T.);
#3495=ORIENTED_EDGE('',*,*,#2678,.F.);
#3496=ORIENTED_EDGE('',*,*,#2645,.F.);
#3497=ORIENTED_EDGE('',*,*,#2707,.T.);
#3498=ORIENTED_EDGE('',*,*,#2708,.T.);
#3499=ORIENTED_EDGE('',*,*,#2705,.F.);
#3500=ORIENTED_EDGE('',*,*,#2644,.F.);
#3501=ORIENTED_EDGE('',*,*,#2709,.T.);
#3502=ORIENTED_EDGE('',*,*,#2710,.T.);
#3503=ORIENTED_EDGE('',*,*,#2707,.F.);
#3504=ORIENTED_EDGE('',*,*,#2643,.F.);
#3505=ORIENTED_EDGE('',*,*,#2711,.T.);
#3506=ORIENTED_EDGE('',*,*,#2712,.T.);
#3507=ORIENTED_EDGE('',*,*,#2709,.F.);
#3508=ORIENTED_EDGE('',*,*,#2642,.F.);
#3509=ORIENTED_EDGE('',*,*,#2713,.T.);
#3510=ORIENTED_EDGE('',*,*,#2714,.T.);
#3511=ORIENTED_EDGE('',*,*,#2711,.F.);
#3512=ORIENTED_EDGE('',*,*,#2641,.F.);
#3513=ORIENTED_EDGE('',*,*,#2715,.T.);
#3514=ORIENTED_EDGE('',*,*,#2716,.T.);
#3515=ORIENTED_EDGE('',*,*,#2713,.F.);
#3516=ORIENTED_EDGE('',*,*,#2640,.F.);
#3517=ORIENTED_EDGE('',*,*,#2704,.T.);
#3518=ORIENTED_EDGE('',*,*,#2717,.T.);
#3519=ORIENTED_EDGE('',*,*,#2715,.F.);
#3520=ORIENTED_EDGE('',*,*,#2717,.F.);
#3521=ORIENTED_EDGE('',*,*,#2703,.F.);
#3522=ORIENTED_EDGE('',*,*,#2693,.F.);
#3523=ORIENTED_EDGE('',*,*,#2691,.F.);
#3524=ORIENTED_EDGE('',*,*,#2689,.F.);
#3525=ORIENTED_EDGE('',*,*,#2687,.F.);
#3526=ORIENTED_EDGE('',*,*,#2685,.F.);
#3527=ORIENTED_EDGE('',*,*,#2683,.F.);
#3528=ORIENTED_EDGE('',*,*,#2681,.F.);
#3529=ORIENTED_EDGE('',*,*,#2679,.F.);
#3530=ORIENTED_EDGE('',*,*,#2706,.F.);
#3531=ORIENTED_EDGE('',*,*,#2708,.F.);
#3532=ORIENTED_EDGE('',*,*,#2710,.F.);
#3533=ORIENTED_EDGE('',*,*,#2712,.F.);
#3534=ORIENTED_EDGE('',*,*,#2714,.F.);
#3535=ORIENTED_EDGE('',*,*,#2716,.F.);
#3536=ORIENTED_EDGE('',*,*,#2696,.F.);
#3537=ORIENTED_EDGE('',*,*,#2676,.F.);
#3538=ORIENTED_EDGE('',*,*,#2673,.F.);
#3539=ORIENTED_EDGE('',*,*,#2702,.F.);
#3540=ORIENTED_EDGE('',*,*,#2699,.F.);
#3541=ORIENTED_EDGE('',*,*,#2632,.F.);
#3542=ORIENTED_EDGE('',*,*,#2718,.T.);
#3543=ORIENTED_EDGE('',*,*,#2719,.T.);
#3544=ORIENTED_EDGE('',*,*,#2720,.F.);
#3545=ORIENTED_EDGE('',*,*,#2633,.F.);
#3546=ORIENTED_EDGE('',*,*,#2720,.T.);
#3547=ORIENTED_EDGE('',*,*,#2721,.T.);
#3548=ORIENTED_EDGE('',*,*,#2722,.F.);
#3549=ORIENTED_EDGE('',*,*,#2634,.F.);
#3550=ORIENTED_EDGE('',*,*,#2722,.T.);
#3551=ORIENTED_EDGE('',*,*,#2723,.T.);
#3552=ORIENTED_EDGE('',*,*,#2724,.F.);
#3553=ORIENTED_EDGE('',*,*,#2635,.F.);
#3554=ORIENTED_EDGE('',*,*,#2724,.T.);
#3555=ORIENTED_EDGE('',*,*,#2725,.T.);
#3556=ORIENTED_EDGE('',*,*,#2726,.F.);
#3557=ORIENTED_EDGE('',*,*,#2636,.F.);
#3558=ORIENTED_EDGE('',*,*,#2726,.T.);
#3559=ORIENTED_EDGE('',*,*,#2727,.T.);
#3560=ORIENTED_EDGE('',*,*,#2728,.F.);
#3561=ORIENTED_EDGE('',*,*,#2637,.F.);
#3562=ORIENTED_EDGE('',*,*,#2728,.T.);
#3563=ORIENTED_EDGE('',*,*,#2729,.T.);
#3564=ORIENTED_EDGE('',*,*,#2730,.F.);
#3565=ORIENTED_EDGE('',*,*,#2638,.F.);
#3566=ORIENTED_EDGE('',*,*,#2730,.T.);
#3567=ORIENTED_EDGE('',*,*,#2731,.T.);
#3568=ORIENTED_EDGE('',*,*,#2732,.F.);
#3569=ORIENTED_EDGE('',*,*,#2625,.F.);
#3570=ORIENTED_EDGE('',*,*,#2732,.T.);
#3571=ORIENTED_EDGE('',*,*,#2733,.T.);
#3572=ORIENTED_EDGE('',*,*,#2734,.F.);
#3573=ORIENTED_EDGE('',*,*,#2631,.F.);
#3574=ORIENTED_EDGE('',*,*,#2735,.T.);
#3575=ORIENTED_EDGE('',*,*,#2736,.T.);
#3576=ORIENTED_EDGE('',*,*,#2718,.F.);
#3577=ORIENTED_EDGE('',*,*,#2630,.F.);
#3578=ORIENTED_EDGE('',*,*,#2737,.T.);
#3579=ORIENTED_EDGE('',*,*,#2738,.T.);
#3580=ORIENTED_EDGE('',*,*,#2735,.F.);
#3581=ORIENTED_EDGE('',*,*,#2629,.F.);
#3582=ORIENTED_EDGE('',*,*,#2739,.T.);
#3583=ORIENTED_EDGE('',*,*,#2740,.T.);
#3584=ORIENTED_EDGE('',*,*,#2737,.F.);
#3585=ORIENTED_EDGE('',*,*,#2628,.F.);
#3586=ORIENTED_EDGE('',*,*,#2741,.T.);
#3587=ORIENTED_EDGE('',*,*,#2742,.T.);
#3588=ORIENTED_EDGE('',*,*,#2739,.F.);
#3589=ORIENTED_EDGE('',*,*,#2627,.F.);
#3590=ORIENTED_EDGE('',*,*,#2743,.T.);
#3591=ORIENTED_EDGE('',*,*,#2744,.T.);
#3592=ORIENTED_EDGE('',*,*,#2741,.F.);
#3593=ORIENTED_EDGE('',*,*,#2626,.F.);
#3594=ORIENTED_EDGE('',*,*,#2734,.T.);
#3595=ORIENTED_EDGE('',*,*,#2745,.T.);
#3596=ORIENTED_EDGE('',*,*,#2743,.F.);
#3597=ORIENTED_EDGE('',*,*,#2745,.F.);
#3598=ORIENTED_EDGE('',*,*,#2733,.F.);
#3599=ORIENTED_EDGE('',*,*,#2731,.F.);
#3600=ORIENTED_EDGE('',*,*,#2729,.F.);
#3601=ORIENTED_EDGE('',*,*,#2727,.F.);
#3602=ORIENTED_EDGE('',*,*,#2725,.F.);
#3603=ORIENTED_EDGE('',*,*,#2723,.F.);
#3604=ORIENTED_EDGE('',*,*,#2721,.F.);
#3605=ORIENTED_EDGE('',*,*,#2719,.F.);
#3606=ORIENTED_EDGE('',*,*,#2736,.F.);
#3607=ORIENTED_EDGE('',*,*,#2738,.F.);
#3608=ORIENTED_EDGE('',*,*,#2740,.F.);
#3609=ORIENTED_EDGE('',*,*,#2742,.F.);
#3610=ORIENTED_EDGE('',*,*,#2744,.F.);
#3611=ORIENTED_EDGE('',*,*,#2609,.F.);
#3612=ORIENTED_EDGE('',*,*,#2746,.T.);
#3613=ORIENTED_EDGE('',*,*,#2747,.T.);
#3614=ORIENTED_EDGE('',*,*,#2748,.F.);
#3615=ORIENTED_EDGE('',*,*,#2610,.F.);
#3616=ORIENTED_EDGE('',*,*,#2748,.T.);
#3617=ORIENTED_EDGE('',*,*,#2749,.T.);
#3618=ORIENTED_EDGE('',*,*,#2750,.F.);
#3619=ORIENTED_EDGE('',*,*,#2611,.F.);
#3620=ORIENTED_EDGE('',*,*,#2750,.T.);
#3621=ORIENTED_EDGE('',*,*,#2751,.T.);
#3622=ORIENTED_EDGE('',*,*,#2752,.F.);
#3623=ORIENTED_EDGE('',*,*,#2612,.F.);
#3624=ORIENTED_EDGE('',*,*,#2752,.T.);
#3625=ORIENTED_EDGE('',*,*,#2753,.T.);
#3626=ORIENTED_EDGE('',*,*,#2754,.F.);
#3627=ORIENTED_EDGE('',*,*,#2613,.F.);
#3628=ORIENTED_EDGE('',*,*,#2754,.T.);
#3629=ORIENTED_EDGE('',*,*,#2755,.T.);
#3630=ORIENTED_EDGE('',*,*,#2756,.F.);
#3631=ORIENTED_EDGE('',*,*,#2614,.F.);
#3632=ORIENTED_EDGE('',*,*,#2756,.T.);
#3633=ORIENTED_EDGE('',*,*,#2757,.T.);
#3634=ORIENTED_EDGE('',*,*,#2758,.F.);
#3635=ORIENTED_EDGE('',*,*,#2615,.F.);
#3636=ORIENTED_EDGE('',*,*,#2758,.T.);
#3637=ORIENTED_EDGE('',*,*,#2759,.T.);
#3638=ORIENTED_EDGE('',*,*,#2760,.F.);
#3639=ORIENTED_EDGE('',*,*,#2616,.F.);
#3640=ORIENTED_EDGE('',*,*,#2760,.T.);
#3641=ORIENTED_EDGE('',*,*,#2761,.T.);
#3642=ORIENTED_EDGE('',*,*,#2762,.F.);
#3643=ORIENTED_EDGE('',*,*,#2617,.F.);
#3644=ORIENTED_EDGE('',*,*,#2762,.T.);
#3645=ORIENTED_EDGE('',*,*,#2763,.T.);
#3646=ORIENTED_EDGE('',*,*,#2764,.F.);
#3647=ORIENTED_EDGE('',*,*,#2618,.F.);
#3648=ORIENTED_EDGE('',*,*,#2764,.T.);
#3649=ORIENTED_EDGE('',*,*,#2765,.T.);
#3650=ORIENTED_EDGE('',*,*,#2766,.F.);
#3651=ORIENTED_EDGE('',*,*,#2619,.F.);
#3652=ORIENTED_EDGE('',*,*,#2766,.T.);
#3653=ORIENTED_EDGE('',*,*,#2767,.T.);
#3654=ORIENTED_EDGE('',*,*,#2768,.F.);
#3655=ORIENTED_EDGE('',*,*,#2620,.F.);
#3656=ORIENTED_EDGE('',*,*,#2768,.T.);
#3657=ORIENTED_EDGE('',*,*,#2769,.T.);
#3658=ORIENTED_EDGE('',*,*,#2770,.F.);
#3659=ORIENTED_EDGE('',*,*,#2621,.F.);
#3660=ORIENTED_EDGE('',*,*,#2770,.T.);
#3661=ORIENTED_EDGE('',*,*,#2771,.T.);
#3662=ORIENTED_EDGE('',*,*,#2772,.F.);
#3663=ORIENTED_EDGE('',*,*,#2622,.F.);
#3664=ORIENTED_EDGE('',*,*,#2772,.T.);
#3665=ORIENTED_EDGE('',*,*,#2773,.T.);
#3666=ORIENTED_EDGE('',*,*,#2774,.F.);
#3667=ORIENTED_EDGE('',*,*,#2623,.F.);
#3668=ORIENTED_EDGE('',*,*,#2774,.T.);
#3669=ORIENTED_EDGE('',*,*,#2775,.T.);
#3670=ORIENTED_EDGE('',*,*,#2776,.F.);
#3671=ORIENTED_EDGE('',*,*,#2624,.F.);
#3672=ORIENTED_EDGE('',*,*,#2776,.T.);
#3673=ORIENTED_EDGE('',*,*,#2777,.T.);
#3674=ORIENTED_EDGE('',*,*,#2778,.F.);
#3675=ORIENTED_EDGE('',*,*,#2593,.F.);
#3676=ORIENTED_EDGE('',*,*,#2778,.T.);
#3677=ORIENTED_EDGE('',*,*,#2779,.T.);
#3678=ORIENTED_EDGE('',*,*,#2780,.F.);
#3679=ORIENTED_EDGE('',*,*,#2608,.F.);
#3680=ORIENTED_EDGE('',*,*,#2781,.T.);
#3681=ORIENTED_EDGE('',*,*,#2782,.T.);
#3682=ORIENTED_EDGE('',*,*,#2746,.F.);
#3683=ORIENTED_EDGE('',*,*,#2607,.F.);
#3684=ORIENTED_EDGE('',*,*,#2783,.T.);
#3685=ORIENTED_EDGE('',*,*,#2784,.T.);
#3686=ORIENTED_EDGE('',*,*,#2781,.F.);
#3687=ORIENTED_EDGE('',*,*,#2606,.F.);
#3688=ORIENTED_EDGE('',*,*,#2785,.T.);
#3689=ORIENTED_EDGE('',*,*,#2786,.T.);
#3690=ORIENTED_EDGE('',*,*,#2783,.F.);
#3691=ORIENTED_EDGE('',*,*,#2605,.F.);
#3692=ORIENTED_EDGE('',*,*,#2787,.T.);
#3693=ORIENTED_EDGE('',*,*,#2788,.T.);
#3694=ORIENTED_EDGE('',*,*,#2785,.F.);
#3695=ORIENTED_EDGE('',*,*,#2604,.F.);
#3696=ORIENTED_EDGE('',*,*,#2789,.T.);
#3697=ORIENTED_EDGE('',*,*,#2790,.T.);
#3698=ORIENTED_EDGE('',*,*,#2787,.F.);
#3699=ORIENTED_EDGE('',*,*,#2603,.F.);
#3700=ORIENTED_EDGE('',*,*,#2791,.T.);
#3701=ORIENTED_EDGE('',*,*,#2792,.T.);
#3702=ORIENTED_EDGE('',*,*,#2789,.F.);
#3703=ORIENTED_EDGE('',*,*,#2602,.F.);
#3704=ORIENTED_EDGE('',*,*,#2793,.T.);
#3705=ORIENTED_EDGE('',*,*,#2794,.T.);
#3706=ORIENTED_EDGE('',*,*,#2791,.F.);
#3707=ORIENTED_EDGE('',*,*,#2601,.F.);
#3708=ORIENTED_EDGE('',*,*,#2795,.T.);
#3709=ORIENTED_EDGE('',*,*,#2796,.T.);
#3710=ORIENTED_EDGE('',*,*,#2793,.F.);
#3711=ORIENTED_EDGE('',*,*,#2600,.F.);
#3712=ORIENTED_EDGE('',*,*,#2797,.T.);
#3713=ORIENTED_EDGE('',*,*,#2798,.T.);
#3714=ORIENTED_EDGE('',*,*,#2795,.F.);
#3715=ORIENTED_EDGE('',*,*,#2599,.F.);
#3716=ORIENTED_EDGE('',*,*,#2799,.T.);
#3717=ORIENTED_EDGE('',*,*,#2800,.T.);
#3718=ORIENTED_EDGE('',*,*,#2797,.F.);
#3719=ORIENTED_EDGE('',*,*,#2598,.F.);
#3720=ORIENTED_EDGE('',*,*,#2801,.T.);
#3721=ORIENTED_EDGE('',*,*,#2802,.T.);
#3722=ORIENTED_EDGE('',*,*,#2799,.F.);
#3723=ORIENTED_EDGE('',*,*,#2597,.F.);
#3724=ORIENTED_EDGE('',*,*,#2803,.T.);
#3725=ORIENTED_EDGE('',*,*,#2804,.T.);
#3726=ORIENTED_EDGE('',*,*,#2801,.F.);
#3727=ORIENTED_EDGE('',*,*,#2596,.F.);
#3728=ORIENTED_EDGE('',*,*,#2805,.T.);
#3729=ORIENTED_EDGE('',*,*,#2806,.T.);
#3730=ORIENTED_EDGE('',*,*,#2803,.F.);
#3731=ORIENTED_EDGE('',*,*,#2595,.F.);
#3732=ORIENTED_EDGE('',*,*,#2807,.T.);
#3733=ORIENTED_EDGE('',*,*,#2808,.T.);
#3734=ORIENTED_EDGE('',*,*,#2805,.F.);
#3735=ORIENTED_EDGE('',*,*,#2594,.F.);
#3736=ORIENTED_EDGE('',*,*,#2780,.T.);
#3737=ORIENTED_EDGE('',*,*,#2809,.T.);
#3738=ORIENTED_EDGE('',*,*,#2807,.F.);
#3739=ORIENTED_EDGE('',*,*,#2809,.F.);
#3740=ORIENTED_EDGE('',*,*,#2779,.F.);
#3741=ORIENTED_EDGE('',*,*,#2777,.F.);
#3742=ORIENTED_EDGE('',*,*,#2775,.F.);
#3743=ORIENTED_EDGE('',*,*,#2773,.F.);
#3744=ORIENTED_EDGE('',*,*,#2771,.F.);
#3745=ORIENTED_EDGE('',*,*,#2769,.F.);
#3746=ORIENTED_EDGE('',*,*,#2767,.F.);
#3747=ORIENTED_EDGE('',*,*,#2765,.F.);
#3748=ORIENTED_EDGE('',*,*,#2763,.F.);
#3749=ORIENTED_EDGE('',*,*,#2761,.F.);
#3750=ORIENTED_EDGE('',*,*,#2759,.F.);
#3751=ORIENTED_EDGE('',*,*,#2757,.F.);
#3752=ORIENTED_EDGE('',*,*,#2755,.F.);
#3753=ORIENTED_EDGE('',*,*,#2753,.F.);
#3754=ORIENTED_EDGE('',*,*,#2751,.F.);
#3755=ORIENTED_EDGE('',*,*,#2749,.F.);
#3756=ORIENTED_EDGE('',*,*,#2747,.F.);
#3757=ORIENTED_EDGE('',*,*,#2782,.F.);
#3758=ORIENTED_EDGE('',*,*,#2784,.F.);
#3759=ORIENTED_EDGE('',*,*,#2786,.F.);
#3760=ORIENTED_EDGE('',*,*,#2788,.F.);
#3761=ORIENTED_EDGE('',*,*,#2790,.F.);
#3762=ORIENTED_EDGE('',*,*,#2792,.F.);
#3763=ORIENTED_EDGE('',*,*,#2794,.F.);
#3764=ORIENTED_EDGE('',*,*,#2796,.F.);
#3765=ORIENTED_EDGE('',*,*,#2798,.F.);
#3766=ORIENTED_EDGE('',*,*,#2800,.F.);
#3767=ORIENTED_EDGE('',*,*,#2802,.F.);
#3768=ORIENTED_EDGE('',*,*,#2804,.F.);
#3769=ORIENTED_EDGE('',*,*,#2806,.F.);
#3770=ORIENTED_EDGE('',*,*,#2808,.F.);
#3771=ORIENTED_EDGE('',*,*,#2582,.F.);
#3772=ORIENTED_EDGE('',*,*,#2810,.T.);
#3773=ORIENTED_EDGE('',*,*,#2811,.T.);
#3774=ORIENTED_EDGE('',*,*,#2812,.F.);
#3775=ORIENTED_EDGE('',*,*,#2583,.F.);
#3776=ORIENTED_EDGE('',*,*,#2812,.T.);
#3777=ORIENTED_EDGE('',*,*,#2813,.T.);
#3778=ORIENTED_EDGE('',*,*,#2814,.F.);
#3779=ORIENTED_EDGE('',*,*,#2584,.F.);
#3780=ORIENTED_EDGE('',*,*,#2814,.T.);
#3781=ORIENTED_EDGE('',*,*,#2815,.T.);
#3782=ORIENTED_EDGE('',*,*,#2816,.F.);
#3783=ORIENTED_EDGE('',*,*,#2585,.F.);
#3784=ORIENTED_EDGE('',*,*,#2816,.T.);
#3785=ORIENTED_EDGE('',*,*,#2817,.T.);
#3786=ORIENTED_EDGE('',*,*,#2818,.F.);
#3787=ORIENTED_EDGE('',*,*,#2586,.F.);
#3788=ORIENTED_EDGE('',*,*,#2818,.T.);
#3789=ORIENTED_EDGE('',*,*,#2819,.T.);
#3790=ORIENTED_EDGE('',*,*,#2820,.F.);
#3791=ORIENTED_EDGE('',*,*,#2587,.F.);
#3792=ORIENTED_EDGE('',*,*,#2820,.T.);
#3793=ORIENTED_EDGE('',*,*,#2821,.T.);
#3794=ORIENTED_EDGE('',*,*,#2822,.F.);
#3795=ORIENTED_EDGE('',*,*,#2588,.F.);
#3796=ORIENTED_EDGE('',*,*,#2822,.T.);
#3797=ORIENTED_EDGE('',*,*,#2823,.T.);
#3798=ORIENTED_EDGE('',*,*,#2824,.F.);
#3799=ORIENTED_EDGE('',*,*,#2589,.F.);
#3800=ORIENTED_EDGE('',*,*,#2824,.T.);
#3801=ORIENTED_EDGE('',*,*,#2825,.T.);
#3802=ORIENTED_EDGE('',*,*,#2826,.F.);
#3803=ORIENTED_EDGE('',*,*,#2590,.F.);
#3804=ORIENTED_EDGE('',*,*,#2826,.T.);
#3805=ORIENTED_EDGE('',*,*,#2827,.T.);
#3806=ORIENTED_EDGE('',*,*,#2828,.F.);
#3807=ORIENTED_EDGE('',*,*,#2591,.F.);
#3808=ORIENTED_EDGE('',*,*,#2828,.T.);
#3809=ORIENTED_EDGE('',*,*,#2829,.T.);
#3810=ORIENTED_EDGE('',*,*,#2830,.F.);
#3811=ORIENTED_EDGE('',*,*,#2592,.F.);
#3812=ORIENTED_EDGE('',*,*,#2830,.T.);
#3813=ORIENTED_EDGE('',*,*,#2831,.T.);
#3814=ORIENTED_EDGE('',*,*,#2832,.F.);
#3815=ORIENTED_EDGE('',*,*,#2571,.F.);
#3816=ORIENTED_EDGE('',*,*,#2832,.T.);
#3817=ORIENTED_EDGE('',*,*,#2833,.T.);
#3818=ORIENTED_EDGE('',*,*,#2834,.F.);
#3819=ORIENTED_EDGE('',*,*,#2581,.F.);
#3820=ORIENTED_EDGE('',*,*,#2835,.T.);
#3821=ORIENTED_EDGE('',*,*,#2836,.T.);
#3822=ORIENTED_EDGE('',*,*,#2810,.F.);
#3823=ORIENTED_EDGE('',*,*,#2580,.F.);
#3824=ORIENTED_EDGE('',*,*,#2837,.T.);
#3825=ORIENTED_EDGE('',*,*,#2838,.T.);
#3826=ORIENTED_EDGE('',*,*,#2835,.F.);
#3827=ORIENTED_EDGE('',*,*,#2579,.F.);
#3828=ORIENTED_EDGE('',*,*,#2839,.T.);
#3829=ORIENTED_EDGE('',*,*,#2840,.T.);
#3830=ORIENTED_EDGE('',*,*,#2837,.F.);
#3831=ORIENTED_EDGE('',*,*,#2578,.F.);
#3832=ORIENTED_EDGE('',*,*,#2841,.T.);
#3833=ORIENTED_EDGE('',*,*,#2842,.T.);
#3834=ORIENTED_EDGE('',*,*,#2839,.F.);
#3835=ORIENTED_EDGE('',*,*,#2577,.F.);
#3836=ORIENTED_EDGE('',*,*,#2843,.T.);
#3837=ORIENTED_EDGE('',*,*,#2844,.T.);
#3838=ORIENTED_EDGE('',*,*,#2841,.F.);
#3839=ORIENTED_EDGE('',*,*,#2576,.F.);
#3840=ORIENTED_EDGE('',*,*,#2845,.T.);
#3841=ORIENTED_EDGE('',*,*,#2846,.T.);
#3842=ORIENTED_EDGE('',*,*,#2843,.F.);
#3843=ORIENTED_EDGE('',*,*,#2575,.F.);
#3844=ORIENTED_EDGE('',*,*,#2847,.T.);
#3845=ORIENTED_EDGE('',*,*,#2848,.T.);
#3846=ORIENTED_EDGE('',*,*,#2845,.F.);
#3847=ORIENTED_EDGE('',*,*,#2574,.F.);
#3848=ORIENTED_EDGE('',*,*,#2849,.T.);
#3849=ORIENTED_EDGE('',*,*,#2850,.T.);
#3850=ORIENTED_EDGE('',*,*,#2847,.F.);
#3851=ORIENTED_EDGE('',*,*,#2573,.F.);
#3852=ORIENTED_EDGE('',*,*,#2851,.T.);
#3853=ORIENTED_EDGE('',*,*,#2852,.T.);
#3854=ORIENTED_EDGE('',*,*,#2849,.F.);
#3855=ORIENTED_EDGE('',*,*,#2572,.F.);
#3856=ORIENTED_EDGE('',*,*,#2834,.T.);
#3857=ORIENTED_EDGE('',*,*,#2853,.T.);
#3858=ORIENTED_EDGE('',*,*,#2851,.F.);
#3859=ORIENTED_EDGE('',*,*,#2853,.F.);
#3860=ORIENTED_EDGE('',*,*,#2833,.F.);
#3861=ORIENTED_EDGE('',*,*,#2831,.F.);
#3862=ORIENTED_EDGE('',*,*,#2829,.F.);
#3863=ORIENTED_EDGE('',*,*,#2827,.F.);
#3864=ORIENTED_EDGE('',*,*,#2825,.F.);
#3865=ORIENTED_EDGE('',*,*,#2823,.F.);
#3866=ORIENTED_EDGE('',*,*,#2821,.F.);
#3867=ORIENTED_EDGE('',*,*,#2819,.F.);
#3868=ORIENTED_EDGE('',*,*,#2817,.F.);
#3869=ORIENTED_EDGE('',*,*,#2815,.F.);
#3870=ORIENTED_EDGE('',*,*,#2813,.F.);
#3871=ORIENTED_EDGE('',*,*,#2811,.F.);
#3872=ORIENTED_EDGE('',*,*,#2836,.F.);
#3873=ORIENTED_EDGE('',*,*,#2838,.F.);
#3874=ORIENTED_EDGE('',*,*,#2840,.F.);
#3875=ORIENTED_EDGE('',*,*,#2842,.F.);
#3876=ORIENTED_EDGE('',*,*,#2844,.F.);
#3877=ORIENTED_EDGE('',*,*,#2846,.F.);
#3878=ORIENTED_EDGE('',*,*,#2848,.F.);
#3879=ORIENTED_EDGE('',*,*,#2850,.F.);
#3880=ORIENTED_EDGE('',*,*,#2852,.F.);
#3881=ORIENTED_EDGE('',*,*,#2854,.F.);
#3882=ORIENTED_EDGE('',*,*,#2855,.T.);
#3883=ORIENTED_EDGE('',*,*,#2856,.T.);
#3884=ORIENTED_EDGE('',*,*,#2857,.F.);
#3885=ORIENTED_EDGE('',*,*,#2564,.F.);
#3886=ORIENTED_EDGE('',*,*,#2858,.T.);
#3887=ORIENTED_EDGE('',*,*,#2859,.T.);
#3888=ORIENTED_EDGE('',*,*,#2860,.F.);
#3889=ORIENTED_EDGE('',*,*,#2565,.F.);
#3890=ORIENTED_EDGE('',*,*,#2860,.T.);
#3891=ORIENTED_EDGE('',*,*,#2861,.T.);
#3892=ORIENTED_EDGE('',*,*,#2862,.F.);
#3893=ORIENTED_EDGE('',*,*,#2566,.F.);
#3894=ORIENTED_EDGE('',*,*,#2862,.T.);
#3895=ORIENTED_EDGE('',*,*,#2863,.T.);
#3896=ORIENTED_EDGE('',*,*,#2864,.F.);
#3897=ORIENTED_EDGE('',*,*,#2567,.F.);
#3898=ORIENTED_EDGE('',*,*,#2864,.T.);
#3899=ORIENTED_EDGE('',*,*,#2865,.T.);
#3900=ORIENTED_EDGE('',*,*,#2866,.F.);
#3901=ORIENTED_EDGE('',*,*,#2568,.F.);
#3902=ORIENTED_EDGE('',*,*,#2866,.T.);
#3903=ORIENTED_EDGE('',*,*,#2867,.T.);
#3904=ORIENTED_EDGE('',*,*,#2868,.F.);
#3905=ORIENTED_EDGE('',*,*,#2569,.F.);
#3906=ORIENTED_EDGE('',*,*,#2868,.T.);
#3907=ORIENTED_EDGE('',*,*,#2869,.T.);
#3908=ORIENTED_EDGE('',*,*,#2870,.F.);
#3909=ORIENTED_EDGE('',*,*,#2570,.F.);
#3910=ORIENTED_EDGE('',*,*,#2870,.T.);
#3911=ORIENTED_EDGE('',*,*,#2871,.T.);
#3912=ORIENTED_EDGE('',*,*,#2872,.F.);
#3913=ORIENTED_EDGE('',*,*,#2873,.F.);
#3914=ORIENTED_EDGE('',*,*,#2857,.T.);
#3915=ORIENTED_EDGE('',*,*,#2874,.T.);
#3916=ORIENTED_EDGE('',*,*,#2855,.F.);
#3917=ORIENTED_EDGE('',*,*,#2556,.F.);
#3918=ORIENTED_EDGE('',*,*,#2872,.T.);
#3919=ORIENTED_EDGE('',*,*,#2875,.T.);
#3920=ORIENTED_EDGE('',*,*,#2876,.F.);
#3921=ORIENTED_EDGE('',*,*,#2563,.F.);
#3922=ORIENTED_EDGE('',*,*,#2877,.T.);
#3923=ORIENTED_EDGE('',*,*,#2878,.T.);
#3924=ORIENTED_EDGE('',*,*,#2858,.F.);
#3925=ORIENTED_EDGE('',*,*,#2562,.F.);
#3926=ORIENTED_EDGE('',*,*,#2879,.T.);
#3927=ORIENTED_EDGE('',*,*,#2880,.T.);
#3928=ORIENTED_EDGE('',*,*,#2877,.F.);
#3929=ORIENTED_EDGE('',*,*,#2561,.F.);
#3930=ORIENTED_EDGE('',*,*,#2881,.T.);
#3931=ORIENTED_EDGE('',*,*,#2882,.T.);
#3932=ORIENTED_EDGE('',*,*,#2879,.F.);
#3933=ORIENTED_EDGE('',*,*,#2560,.F.);
#3934=ORIENTED_EDGE('',*,*,#2883,.T.);
#3935=ORIENTED_EDGE('',*,*,#2884,.T.);
#3936=ORIENTED_EDGE('',*,*,#2881,.F.);
#3937=ORIENTED_EDGE('',*,*,#2559,.F.);
#3938=ORIENTED_EDGE('',*,*,#2885,.T.);
#3939=ORIENTED_EDGE('',*,*,#2886,.T.);
#3940=ORIENTED_EDGE('',*,*,#2883,.F.);
#3941=ORIENTED_EDGE('',*,*,#2558,.F.);
#3942=ORIENTED_EDGE('',*,*,#2887,.T.);
#3943=ORIENTED_EDGE('',*,*,#2888,.T.);
#3944=ORIENTED_EDGE('',*,*,#2885,.F.);
#3945=ORIENTED_EDGE('',*,*,#2557,.F.);
#3946=ORIENTED_EDGE('',*,*,#2876,.T.);
#3947=ORIENTED_EDGE('',*,*,#2889,.T.);
#3948=ORIENTED_EDGE('',*,*,#2887,.F.);
#3949=ORIENTED_EDGE('',*,*,#2889,.F.);
#3950=ORIENTED_EDGE('',*,*,#2875,.F.);
#3951=ORIENTED_EDGE('',*,*,#2871,.F.);
#3952=ORIENTED_EDGE('',*,*,#2869,.F.);
#3953=ORIENTED_EDGE('',*,*,#2867,.F.);
#3954=ORIENTED_EDGE('',*,*,#2865,.F.);
#3955=ORIENTED_EDGE('',*,*,#2863,.F.);
#3956=ORIENTED_EDGE('',*,*,#2861,.F.);
#3957=ORIENTED_EDGE('',*,*,#2859,.F.);
#3958=ORIENTED_EDGE('',*,*,#2878,.F.);
#3959=ORIENTED_EDGE('',*,*,#2880,.F.);
#3960=ORIENTED_EDGE('',*,*,#2882,.F.);
#3961=ORIENTED_EDGE('',*,*,#2884,.F.);
#3962=ORIENTED_EDGE('',*,*,#2886,.F.);
#3963=ORIENTED_EDGE('',*,*,#2888,.F.);
#3964=ORIENTED_EDGE('',*,*,#2874,.F.);
#3965=ORIENTED_EDGE('',*,*,#2856,.F.);
#3966=ORIENTED_EDGE('',*,*,#2545,.F.);
#3967=ORIENTED_EDGE('',*,*,#2890,.T.);
#3968=ORIENTED_EDGE('',*,*,#2891,.T.);
#3969=ORIENTED_EDGE('',*,*,#2892,.F.);
#3970=ORIENTED_EDGE('',*,*,#2546,.F.);
#3971=ORIENTED_EDGE('',*,*,#2892,.T.);
#3972=ORIENTED_EDGE('',*,*,#2893,.T.);
#3973=ORIENTED_EDGE('',*,*,#2894,.F.);
#3974=ORIENTED_EDGE('',*,*,#2547,.F.);
#3975=ORIENTED_EDGE('',*,*,#2894,.T.);
#3976=ORIENTED_EDGE('',*,*,#2895,.T.);
#3977=ORIENTED_EDGE('',*,*,#2896,.F.);
#3978=ORIENTED_EDGE('',*,*,#2548,.F.);
#3979=ORIENTED_EDGE('',*,*,#2896,.T.);
#3980=ORIENTED_EDGE('',*,*,#2897,.T.);
#3981=ORIENTED_EDGE('',*,*,#2898,.F.);
#3982=ORIENTED_EDGE('',*,*,#2549,.F.);
#3983=ORIENTED_EDGE('',*,*,#2898,.T.);
#3984=ORIENTED_EDGE('',*,*,#2899,.T.);
#3985=ORIENTED_EDGE('',*,*,#2900,.F.);
#3986=ORIENTED_EDGE('',*,*,#2550,.F.);
#3987=ORIENTED_EDGE('',*,*,#2900,.T.);
#3988=ORIENTED_EDGE('',*,*,#2901,.T.);
#3989=ORIENTED_EDGE('',*,*,#2902,.F.);
#3990=ORIENTED_EDGE('',*,*,#2551,.F.);
#3991=ORIENTED_EDGE('',*,*,#2902,.T.);
#3992=ORIENTED_EDGE('',*,*,#2903,.T.);
#3993=ORIENTED_EDGE('',*,*,#2904,.F.);
#3994=ORIENTED_EDGE('',*,*,#2552,.F.);
#3995=ORIENTED_EDGE('',*,*,#2904,.T.);
#3996=ORIENTED_EDGE('',*,*,#2905,.T.);
#3997=ORIENTED_EDGE('',*,*,#2906,.F.);
#3998=ORIENTED_EDGE('',*,*,#2553,.F.);
#3999=ORIENTED_EDGE('',*,*,#2906,.T.);
#4000=ORIENTED_EDGE('',*,*,#2907,.T.);
#4001=ORIENTED_EDGE('',*,*,#2908,.F.);
#4002=ORIENTED_EDGE('',*,*,#2554,.F.);
#4003=ORIENTED_EDGE('',*,*,#2908,.T.);
#4004=ORIENTED_EDGE('',*,*,#2909,.T.);
#4005=ORIENTED_EDGE('',*,*,#2910,.F.);
#4006=ORIENTED_EDGE('',*,*,#2555,.F.);
#4007=ORIENTED_EDGE('',*,*,#2910,.T.);
#4008=ORIENTED_EDGE('',*,*,#2911,.T.);
#4009=ORIENTED_EDGE('',*,*,#2912,.F.);
#4010=ORIENTED_EDGE('',*,*,#2534,.F.);
#4011=ORIENTED_EDGE('',*,*,#2912,.T.);
#4012=ORIENTED_EDGE('',*,*,#2913,.T.);
#4013=ORIENTED_EDGE('',*,*,#2914,.F.);
#4014=ORIENTED_EDGE('',*,*,#2544,.F.);
#4015=ORIENTED_EDGE('',*,*,#2915,.T.);
#4016=ORIENTED_EDGE('',*,*,#2916,.T.);
#4017=ORIENTED_EDGE('',*,*,#2890,.F.);
#4018=ORIENTED_EDGE('',*,*,#2543,.F.);
#4019=ORIENTED_EDGE('',*,*,#2917,.T.);
#4020=ORIENTED_EDGE('',*,*,#2918,.T.);
#4021=ORIENTED_EDGE('',*,*,#2915,.F.);
#4022=ORIENTED_EDGE('',*,*,#2542,.F.);
#4023=ORIENTED_EDGE('',*,*,#2919,.T.);
#4024=ORIENTED_EDGE('',*,*,#2920,.T.);
#4025=ORIENTED_EDGE('',*,*,#2917,.F.);
#4026=ORIENTED_EDGE('',*,*,#2541,.F.);
#4027=ORIENTED_EDGE('',*,*,#2921,.T.);
#4028=ORIENTED_EDGE('',*,*,#2922,.T.);
#4029=ORIENTED_EDGE('',*,*,#2919,.F.);
#4030=ORIENTED_EDGE('',*,*,#2540,.F.);
#4031=ORIENTED_EDGE('',*,*,#2923,.T.);
#4032=ORIENTED_EDGE('',*,*,#2924,.T.);
#4033=ORIENTED_EDGE('',*,*,#2921,.F.);
#4034=ORIENTED_EDGE('',*,*,#2539,.F.);
#4035=ORIENTED_EDGE('',*,*,#2925,.T.);
#4036=ORIENTED_EDGE('',*,*,#2926,.T.);
#4037=ORIENTED_EDGE('',*,*,#2923,.F.);
#4038=ORIENTED_EDGE('',*,*,#2538,.F.);
#4039=ORIENTED_EDGE('',*,*,#2927,.T.);
#4040=ORIENTED_EDGE('',*,*,#2928,.T.);
#4041=ORIENTED_EDGE('',*,*,#2925,.F.);
#4042=ORIENTED_EDGE('',*,*,#2537,.F.);
#4043=ORIENTED_EDGE('',*,*,#2929,.T.);
#4044=ORIENTED_EDGE('',*,*,#2930,.T.);
#4045=ORIENTED_EDGE('',*,*,#2927,.F.);
#4046=ORIENTED_EDGE('',*,*,#2536,.F.);
#4047=ORIENTED_EDGE('',*,*,#2931,.T.);
#4048=ORIENTED_EDGE('',*,*,#2932,.T.);
#4049=ORIENTED_EDGE('',*,*,#2929,.F.);
#4050=ORIENTED_EDGE('',*,*,#2535,.F.);
#4051=ORIENTED_EDGE('',*,*,#2914,.T.);
#4052=ORIENTED_EDGE('',*,*,#2933,.T.);
#4053=ORIENTED_EDGE('',*,*,#2931,.F.);
#4054=ORIENTED_EDGE('',*,*,#2933,.F.);
#4055=ORIENTED_EDGE('',*,*,#2913,.F.);
#4056=ORIENTED_EDGE('',*,*,#2911,.F.);
#4057=ORIENTED_EDGE('',*,*,#2909,.F.);
#4058=ORIENTED_EDGE('',*,*,#2907,.F.);
#4059=ORIENTED_EDGE('',*,*,#2905,.F.);
#4060=ORIENTED_EDGE('',*,*,#2903,.F.);
#4061=ORIENTED_EDGE('',*,*,#2901,.F.);
#4062=ORIENTED_EDGE('',*,*,#2899,.F.);
#4063=ORIENTED_EDGE('',*,*,#2897,.F.);
#4064=ORIENTED_EDGE('',*,*,#2895,.F.);
#4065=ORIENTED_EDGE('',*,*,#2893,.F.);
#4066=ORIENTED_EDGE('',*,*,#2891,.F.);
#4067=ORIENTED_EDGE('',*,*,#2916,.F.);
#4068=ORIENTED_EDGE('',*,*,#2918,.F.);
#4069=ORIENTED_EDGE('',*,*,#2920,.F.);
#4070=ORIENTED_EDGE('',*,*,#2922,.F.);
#4071=ORIENTED_EDGE('',*,*,#2924,.F.);
#4072=ORIENTED_EDGE('',*,*,#2926,.F.);
#4073=ORIENTED_EDGE('',*,*,#2928,.F.);
#4074=ORIENTED_EDGE('',*,*,#2930,.F.);
#4075=ORIENTED_EDGE('',*,*,#2932,.F.);
#4076=ORIENTED_EDGE('',*,*,#2873,.T.);
#4077=ORIENTED_EDGE('',*,*,#2854,.T.);
#4078=ORIENTED_EDGE('',*,*,#2934,.F.);
#4079=ORIENTED_EDGE('',*,*,#2935,.T.);
#4080=ORIENTED_EDGE('',*,*,#2936,.F.);
#4081=ORIENTED_EDGE('',*,*,#2937,.F.);
#4082=ORIENTED_EDGE('',*,*,#2938,.F.);
#4083=ORIENTED_EDGE('',*,*,#2935,.F.);
#4084=ORIENTED_EDGE('',*,*,#2936,.T.);
#4085=ORIENTED_EDGE('',*,*,#2934,.T.);
#4086=ORIENTED_EDGE('',*,*,#2938,.T.);
#4087=ORIENTED_EDGE('',*,*,#2939,.T.);
#4088=ORIENTED_EDGE('',*,*,#2940,.F.);
#4089=ORIENTED_EDGE('',*,*,#2485,.F.);
#4090=ORIENTED_EDGE('',*,*,#2494,.F.);
#4091=ORIENTED_EDGE('',*,*,#2477,.F.);
#4092=ORIENTED_EDGE('',*,*,#2669,.F.);
#4093=ORIENTED_EDGE('',*,*,#2662,.F.);
#4094=ORIENTED_EDGE('',*,*,#2941,.F.);
#4095=ORIENTED_EDGE('',*,*,#2942,.F.);
#4096=ORIENTED_EDGE('',*,*,#2943,.T.);
#4097=ORIENTED_EDGE('',*,*,#2944,.T.);
#4098=ORIENTED_EDGE('',*,*,#2937,.T.);
#4099=ORIENTED_EDGE('',*,*,#2944,.F.);
#4100=ORIENTED_EDGE('',*,*,#2945,.F.);
#4101=ORIENTED_EDGE('',*,*,#2487,.F.);
#4102=ORIENTED_EDGE('',*,*,#2946,.F.);
#4103=ORIENTED_EDGE('',*,*,#2939,.F.);
#4104=ORIENTED_EDGE('',*,*,#2943,.F.);
#4105=ORIENTED_EDGE('',*,*,#2947,.F.);
#4106=ORIENTED_EDGE('',*,*,#2948,.F.);
#4107=ORIENTED_EDGE('',*,*,#2488,.F.);
#4108=ORIENTED_EDGE('',*,*,#2945,.T.);
#4109=ORIENTED_EDGE('',*,*,#2946,.T.);
#4110=ORIENTED_EDGE('',*,*,#2486,.F.);
#4111=ORIENTED_EDGE('',*,*,#2940,.T.);
#4112=ORIENTED_EDGE('',*,*,#2949,.F.);
#4113=ORIENTED_EDGE('',*,*,#2950,.T.);
#4114=ORIENTED_EDGE('',*,*,#2941,.T.);
#4115=ORIENTED_EDGE('',*,*,#2661,.F.);
#4116=ORIENTED_EDGE('',*,*,#2951,.F.);
#4117=ORIENTED_EDGE('',*,*,#2952,.F.);
#4118=ORIENTED_EDGE('',*,*,#2953,.F.);
#4119=ORIENTED_EDGE('',*,*,#2954,.F.);
#4120=ORIENTED_EDGE('',*,*,#2947,.T.);
#4121=ORIENTED_EDGE('',*,*,#2942,.T.);
#4122=ORIENTED_EDGE('',*,*,#2950,.F.);
#4123=ORIENTED_EDGE('',*,*,#2492,.T.);
#4124=ORIENTED_EDGE('',*,*,#2955,.T.);
#4125=ORIENTED_EDGE('',*,*,#2956,.F.);
#4126=ORIENTED_EDGE('',*,*,#2957,.F.);
#4127=ORIENTED_EDGE('',*,*,#2957,.T.);
#4128=ORIENTED_EDGE('',*,*,#2958,.F.);
#4129=ORIENTED_EDGE('',*,*,#2491,.T.);
#4130=ORIENTED_EDGE('',*,*,#2959,.F.);
#4131=ORIENTED_EDGE('',*,*,#2960,.F.);
#4132=ORIENTED_EDGE('',*,*,#2961,.F.);
#4133=ORIENTED_EDGE('',*,*,#2962,.F.);
#4134=ORIENTED_EDGE('',*,*,#2955,.F.);
#4135=ORIENTED_EDGE('',*,*,#2951,.T.);
#4136=ORIENTED_EDGE('',*,*,#2949,.T.);
#4137=ORIENTED_EDGE('',*,*,#2660,.T.);
#4138=ORIENTED_EDGE('',*,*,#2530,.T.);
#4139=ORIENTED_EDGE('',*,*,#2528,.T.);
#4140=ORIENTED_EDGE('',*,*,#2481,.F.);
#4141=ORIENTED_EDGE('',*,*,#2479,.T.);
#4142=ORIENTED_EDGE('',*,*,#2493,.T.);
#4143=ORIENTED_EDGE('',*,*,#2483,.T.);
#4144=ORIENTED_EDGE('',*,*,#2958,.T.);
#4145=ORIENTED_EDGE('',*,*,#2956,.T.);
#4146=ORIENTED_EDGE('',*,*,#2962,.T.);
#4147=ORIENTED_EDGE('',*,*,#2963,.T.);
#4148=ORIENTED_EDGE('',*,*,#2960,.T.);
#4149=ORIENTED_EDGE('',*,*,#2964,.T.);
#4150=ORIENTED_EDGE('',*,*,#2965,.T.);
#4151=ORIENTED_EDGE('',*,*,#2953,.T.);
#4152=ORIENTED_EDGE('',*,*,#2966,.T.);
#4153=ORIENTED_EDGE('',*,*,#2964,.F.);
#4154=ORIENTED_EDGE('',*,*,#2959,.T.);
#4155=ORIENTED_EDGE('',*,*,#2490,.T.);
#4156=ORIENTED_EDGE('',*,*,#2967,.T.);
#4157=ORIENTED_EDGE('',*,*,#2948,.T.);
#4158=ORIENTED_EDGE('',*,*,#2954,.T.);
#4159=ORIENTED_EDGE('',*,*,#2967,.F.);
#4160=ORIENTED_EDGE('',*,*,#2489,.T.);
#4161=ORIENTED_EDGE('',*,*,#2952,.T.);
#4162=ORIENTED_EDGE('',*,*,#2965,.F.);
#4163=ORIENTED_EDGE('',*,*,#2966,.F.);
#4164=ORIENTED_EDGE('',*,*,#2963,.F.);
#4165=ORIENTED_EDGE('',*,*,#2961,.T.);
#4166=ORIENTED_EDGE('',*,*,#2470,.T.);
#4167=ORIENTED_EDGE('',*,*,#2968,.T.);
#4168=ORIENTED_EDGE('',*,*,#2969,.T.);
#4169=ORIENTED_EDGE('',*,*,#2970,.T.);
#4170=ORIENTED_EDGE('',*,*,#2971,.T.);
#4171=ORIENTED_EDGE('',*,*,#2972,.F.);
#4172=ORIENTED_EDGE('',*,*,#2973,.F.);
#4173=ORIENTED_EDGE('',*,*,#2974,.F.);
#4174=ORIENTED_EDGE('',*,*,#2975,.T.);
#4175=ORIENTED_EDGE('',*,*,#2440,.T.);
#4176=ORIENTED_EDGE('',*,*,#2976,.F.);
#4177=ORIENTED_EDGE('',*,*,#2977,.F.);
#4178=ORIENTED_EDGE('',*,*,#2978,.T.);
#4179=ORIENTED_EDGE('',*,*,#2979,.T.);
#4180=ORIENTED_EDGE('',*,*,#2980,.T.);
#4181=ORIENTED_EDGE('',*,*,#2977,.T.);
#4182=ORIENTED_EDGE('',*,*,#2981,.T.);
#4183=ORIENTED_EDGE('',*,*,#2972,.T.);
#4184=ORIENTED_EDGE('',*,*,#2982,.T.);
#4185=ORIENTED_EDGE('',*,*,#2983,.T.);
#4186=ORIENTED_EDGE('',*,*,#2984,.T.);
#4187=ORIENTED_EDGE('',*,*,#2973,.T.);
#4188=ORIENTED_EDGE('',*,*,#2985,.F.);
#4189=ORIENTED_EDGE('',*,*,#2986,.F.);
#4190=ORIENTED_EDGE('',*,*,#2984,.F.);
#4191=ORIENTED_EDGE('',*,*,#2439,.T.);
#4192=ORIENTED_EDGE('',*,*,#2987,.T.);
#4193=ORIENTED_EDGE('',*,*,#2988,.T.);
#4194=ORIENTED_EDGE('',*,*,#2976,.T.);
#4195=ORIENTED_EDGE('',*,*,#2982,.F.);
#4196=ORIENTED_EDGE('',*,*,#2981,.F.);
#4197=ORIENTED_EDGE('',*,*,#2988,.F.);
#4198=ORIENTED_EDGE('',*,*,#2438,.T.);
#4199=ORIENTED_EDGE('',*,*,#2989,.F.);
#4200=ORIENTED_EDGE('',*,*,#2983,.F.);
#4201=ORIENTED_EDGE('',*,*,#2987,.F.);
#4202=ORIENTED_EDGE('',*,*,#2463,.T.);
#4203=ORIENTED_EDGE('',*,*,#2990,.F.);
#4204=ORIENTED_EDGE('',*,*,#2991,.T.);
#4205=ORIENTED_EDGE('',*,*,#2992,.F.);
#4206=ORIENTED_EDGE('',*,*,#2469,.T.);
#4207=ORIENTED_EDGE('',*,*,#2993,.F.);
#4208=ORIENTED_EDGE('',*,*,#2994,.T.);
#4209=ORIENTED_EDGE('',*,*,#2968,.F.);
#4210=ORIENTED_EDGE('',*,*,#2462,.T.);
#4211=ORIENTED_EDGE('',*,*,#2995,.T.);
#4212=ORIENTED_EDGE('',*,*,#2996,.T.);
#4213=ORIENTED_EDGE('',*,*,#2990,.T.);
#4214=ORIENTED_EDGE('',*,*,#2997,.T.);
#4215=ORIENTED_EDGE('',*,*,#2998,.F.);
#4216=ORIENTED_EDGE('',*,*,#2999,.F.);
#4217=ORIENTED_EDGE('',*,*,#2436,.T.);
#4218=ORIENTED_EDGE('',*,*,#2437,.T.);
#4219=ORIENTED_EDGE('',*,*,#2999,.T.);
#4220=ORIENTED_EDGE('',*,*,#2985,.T.);
#4221=ORIENTED_EDGE('',*,*,#2989,.T.);
#4222=ORIENTED_EDGE('',*,*,#3000,.F.);
#4223=ORIENTED_EDGE('',*,*,#3001,.F.);
#4224=ORIENTED_EDGE('',*,*,#3002,.F.);
#4225=ORIENTED_EDGE('',*,*,#3003,.F.);
#4226=ORIENTED_EDGE('',*,*,#2514,.T.);
#4227=ORIENTED_EDGE('',*,*,#3004,.T.);
#4228=ORIENTED_EDGE('',*,*,#3001,.T.);
#4229=ORIENTED_EDGE('',*,*,#3005,.T.);
#4230=ORIENTED_EDGE('',*,*,#2516,.T.);
#4231=ORIENTED_EDGE('',*,*,#3006,.T.);
#4232=ORIENTED_EDGE('',*,*,#3000,.T.);
#4233=ORIENTED_EDGE('',*,*,#3007,.T.);
#4234=ORIENTED_EDGE('',*,*,#2517,.T.);
#4235=ORIENTED_EDGE('',*,*,#3007,.F.);
#4236=ORIENTED_EDGE('',*,*,#3008,.F.);
#4237=ORIENTED_EDGE('',*,*,#2515,.T.);
#4238=ORIENTED_EDGE('',*,*,#3005,.F.);
#4239=ORIENTED_EDGE('',*,*,#3006,.F.);
#4240=ORIENTED_EDGE('',*,*,#3009,.T.);
#4241=ORIENTED_EDGE('',*,*,#3010,.T.);
#4242=ORIENTED_EDGE('',*,*,#3011,.T.);
#4243=ORIENTED_EDGE('',*,*,#3012,.T.);
#4244=ORIENTED_EDGE('',*,*,#2473,.T.);
#4245=ORIENTED_EDGE('',*,*,#3013,.T.);
#4246=ORIENTED_EDGE('',*,*,#3014,.T.);
#4247=ORIENTED_EDGE('',*,*,#3015,.T.);
#4248=ORIENTED_EDGE('',*,*,#3002,.T.);
#4249=ORIENTED_EDGE('',*,*,#3016,.T.);
#4250=ORIENTED_EDGE('',*,*,#2512,.T.);
#4251=ORIENTED_EDGE('',*,*,#3017,.F.);
#4252=ORIENTED_EDGE('',*,*,#3015,.F.);
#4253=ORIENTED_EDGE('',*,*,#3011,.F.);
#4254=ORIENTED_EDGE('',*,*,#2472,.T.);
#4255=ORIENTED_EDGE('',*,*,#3018,.F.);
#4256=ORIENTED_EDGE('',*,*,#3013,.F.);
#4257=ORIENTED_EDGE('',*,*,#3009,.F.);
#4258=ORIENTED_EDGE('',*,*,#3019,.F.);
#4259=ORIENTED_EDGE('',*,*,#3020,.F.);
#4260=ORIENTED_EDGE('',*,*,#2455,.T.);
#4261=ORIENTED_EDGE('',*,*,#2518,.T.);
#4262=ORIENTED_EDGE('',*,*,#3008,.T.);
#4263=ORIENTED_EDGE('',*,*,#3003,.T.);
#4264=ORIENTED_EDGE('',*,*,#3017,.T.);
#4265=ORIENTED_EDGE('',*,*,#3021,.T.);
#4266=ORIENTED_EDGE('',*,*,#2456,.T.);
#4267=ORIENTED_EDGE('',*,*,#3021,.F.);
#4268=ORIENTED_EDGE('',*,*,#3010,.F.);
#4269=ORIENTED_EDGE('',*,*,#3022,.F.);
#4270=ORIENTED_EDGE('',*,*,#2457,.T.);
#4271=ORIENTED_EDGE('',*,*,#3022,.T.);
#4272=ORIENTED_EDGE('',*,*,#3020,.T.);
#4273=ORIENTED_EDGE('',*,*,#3023,.T.);
#4274=ORIENTED_EDGE('',*,*,#2513,.T.);
#4275=ORIENTED_EDGE('',*,*,#3016,.F.);
#4276=ORIENTED_EDGE('',*,*,#3004,.F.);
#4277=ORIENTED_EDGE('',*,*,#2458,.T.);
#4278=ORIENTED_EDGE('',*,*,#3023,.F.);
#4279=ORIENTED_EDGE('',*,*,#3024,.F.);
#4280=ORIENTED_EDGE('',*,*,#2459,.T.);
#4281=ORIENTED_EDGE('',*,*,#3024,.T.);
#4282=ORIENTED_EDGE('',*,*,#3019,.T.);
#4283=ORIENTED_EDGE('',*,*,#3025,.T.);
#4284=ORIENTED_EDGE('',*,*,#3026,.T.);
#4285=ORIENTED_EDGE('',*,*,#2460,.T.);
#4286=ORIENTED_EDGE('',*,*,#3026,.F.);
#4287=ORIENTED_EDGE('',*,*,#3027,.F.);
#4288=ORIENTED_EDGE('',*,*,#2695,.T.);
#4289=ORIENTED_EDGE('',*,*,#2698,.T.);
#4290=ORIENTED_EDGE('',*,*,#2701,.T.);
#4291=ORIENTED_EDGE('',*,*,#2671,.T.);
#4292=ORIENTED_EDGE('',*,*,#2675,.T.);
#4293=ORIENTED_EDGE('',*,*,#2420,.F.);
#4294=ORIENTED_EDGE('',*,*,#2429,.T.);
#4295=ORIENTED_EDGE('',*,*,#3028,.F.);
#4296=ORIENTED_EDGE('',*,*,#2667,.T.);
#4297=ORIENTED_EDGE('',*,*,#2657,.F.);
#4298=ORIENTED_EDGE('',*,*,#2668,.T.);
#4299=ORIENTED_EDGE('',*,*,#3028,.T.);
#4300=ORIENTED_EDGE('',*,*,#2428,.T.);
#4301=ORIENTED_EDGE('',*,*,#2970,.F.);
#4302=ORIENTED_EDGE('',*,*,#3029,.T.);
#4303=ORIENTED_EDGE('',*,*,#3018,.T.);
#4304=ORIENTED_EDGE('',*,*,#2471,.T.);
#4305=ORIENTED_EDGE('',*,*,#2995,.F.);
#4306=ORIENTED_EDGE('',*,*,#2461,.T.);
#4307=ORIENTED_EDGE('',*,*,#3027,.T.);
#4308=ORIENTED_EDGE('',*,*,#3030,.T.);
#4309=ORIENTED_EDGE('',*,*,#3031,.T.);
#4310=ORIENTED_EDGE('',*,*,#2464,.T.);
#4311=ORIENTED_EDGE('',*,*,#2992,.T.);
#4312=ORIENTED_EDGE('',*,*,#3032,.T.);
#4313=ORIENTED_EDGE('',*,*,#3033,.T.);
#4314=ORIENTED_EDGE('',*,*,#3034,.T.);
#4315=ORIENTED_EDGE('',*,*,#3035,.T.);
#4316=ORIENTED_EDGE('',*,*,#3036,.T.);
#4317=ORIENTED_EDGE('',*,*,#2993,.T.);
#4318=ORIENTED_EDGE('',*,*,#2468,.T.);
#4319=ORIENTED_EDGE('',*,*,#3037,.T.);
#4320=ORIENTED_EDGE('',*,*,#2466,.T.);
#4321=ORIENTED_EDGE('',*,*,#3038,.T.);
#4322=ORIENTED_EDGE('',*,*,#2974,.T.);
#4323=ORIENTED_EDGE('',*,*,#2986,.T.);
#4324=ORIENTED_EDGE('',*,*,#2998,.T.);
#4325=ORIENTED_EDGE('',*,*,#3039,.T.);
#4326=ORIENTED_EDGE('',*,*,#3040,.T.);
#4327=ORIENTED_EDGE('',*,*,#3041,.T.);
#4328=ORIENTED_EDGE('',*,*,#3042,.T.);
#4329=ORIENTED_EDGE('',*,*,#3043,.T.);
#4330=ORIENTED_EDGE('',*,*,#2979,.F.);
#4331=ORIENTED_EDGE('',*,*,#3044,.T.);
#4332=ORIENTED_EDGE('',*,*,#3045,.T.);
#4333=ORIENTED_EDGE('',*,*,#2441,.F.);
#4334=ORIENTED_EDGE('',*,*,#2975,.F.);
#4335=ORIENTED_EDGE('',*,*,#2980,.F.);
#4336=ORIENTED_EDGE('',*,*,#3043,.F.);
#4337=ORIENTED_EDGE('',*,*,#3046,.F.);
#4338=ORIENTED_EDGE('',*,*,#3047,.T.);
#4339=ORIENTED_EDGE('',*,*,#3048,.T.);
#4340=ORIENTED_EDGE('',*,*,#3049,.F.);
#4341=ORIENTED_EDGE('',*,*,#3033,.F.);
#4342=ORIENTED_EDGE('',*,*,#3050,.F.);
#4343=ORIENTED_EDGE('',*,*,#3031,.F.);
#4344=ORIENTED_EDGE('',*,*,#2465,.F.);
#4345=ORIENTED_EDGE('',*,*,#3051,.T.);
#4346=ORIENTED_EDGE('',*,*,#3040,.F.);
#4347=ORIENTED_EDGE('',*,*,#3052,.T.);
#4348=ORIENTED_EDGE('',*,*,#3053,.T.);
#4349=ORIENTED_EDGE('',*,*,#3054,.T.);
#4350=ORIENTED_EDGE('',*,*,#3046,.T.);
#4351=ORIENTED_EDGE('',*,*,#3042,.F.);
#4352=ORIENTED_EDGE('',*,*,#3055,.T.);
#4353=ORIENTED_EDGE('',*,*,#3053,.F.);
#4354=ORIENTED_EDGE('',*,*,#3056,.T.);
#4355=ORIENTED_EDGE('',*,*,#2443,.F.);
#4356=ORIENTED_EDGE('',*,*,#3057,.F.);
#4357=ORIENTED_EDGE('',*,*,#3058,.F.);
#4358=ORIENTED_EDGE('',*,*,#3059,.F.);
#4359=ORIENTED_EDGE('',*,*,#2416,.F.);
#4360=ORIENTED_EDGE('',*,*,#2412,.F.);
#4361=ORIENTED_EDGE('',*,*,#3060,.T.);
#4362=ORIENTED_EDGE('',*,*,#3057,.T.);
#4363=ORIENTED_EDGE('',*,*,#2442,.F.);
#4364=ORIENTED_EDGE('',*,*,#3045,.F.);
#4365=ORIENTED_EDGE('',*,*,#3061,.T.);
#4366=ORIENTED_EDGE('',*,*,#3047,.F.);
#4367=ORIENTED_EDGE('',*,*,#3054,.F.);
#4368=ORIENTED_EDGE('',*,*,#3041,.F.);
#4369=ORIENTED_EDGE('',*,*,#2978,.F.);
#4370=ORIENTED_EDGE('',*,*,#2971,.F.);
#4371=ORIENTED_EDGE('',*,*,#3038,.F.);
#4372=ORIENTED_EDGE('',*,*,#3051,.F.);
#4373=ORIENTED_EDGE('',*,*,#3055,.F.);
#4374=ORIENTED_EDGE('',*,*,#3062,.F.);
#4375=ORIENTED_EDGE('',*,*,#3063,.T.);
#4376=ORIENTED_EDGE('',*,*,#3064,.F.);
#4377=ORIENTED_EDGE('',*,*,#3035,.F.);
#4378=ORIENTED_EDGE('',*,*,#3065,.F.);
#4379=ORIENTED_EDGE('',*,*,#3066,.T.);
#4380=ORIENTED_EDGE('',*,*,#3062,.T.);
#4381=ORIENTED_EDGE('',*,*,#3056,.F.);
#4382=ORIENTED_EDGE('',*,*,#3052,.F.);
#4383=ORIENTED_EDGE('',*,*,#3039,.F.);
#4384=ORIENTED_EDGE('',*,*,#2997,.F.);
#4385=ORIENTED_EDGE('',*,*,#2435,.F.);
#4386=ORIENTED_EDGE('',*,*,#2499,.T.);
#4387=ORIENTED_EDGE('',*,*,#2467,.F.);
#4388=ORIENTED_EDGE('',*,*,#3037,.F.);
#4389=ORIENTED_EDGE('',*,*,#3067,.T.);
#4390=ORIENTED_EDGE('',*,*,#3068,.T.);
#4391=ORIENTED_EDGE('',*,*,#2417,.T.);
#4392=ORIENTED_EDGE('',*,*,#3059,.T.);
#4393=ORIENTED_EDGE('',*,*,#3069,.T.);
#4394=ORIENTED_EDGE('',*,*,#3050,.T.);
#4395=ORIENTED_EDGE('',*,*,#3032,.F.);
#4396=ORIENTED_EDGE('',*,*,#2991,.F.);
#4397=ORIENTED_EDGE('',*,*,#2996,.F.);
#4398=ORIENTED_EDGE('',*,*,#3030,.F.);
#4399=ORIENTED_EDGE('',*,*,#3025,.F.);
#4400=ORIENTED_EDGE('',*,*,#3012,.F.);
#4401=ORIENTED_EDGE('',*,*,#3014,.F.);
#4402=ORIENTED_EDGE('',*,*,#3029,.F.);
#4403=ORIENTED_EDGE('',*,*,#2969,.F.);
#4404=ORIENTED_EDGE('',*,*,#2994,.F.);
#4405=ORIENTED_EDGE('',*,*,#3036,.F.);
#4406=ORIENTED_EDGE('',*,*,#3064,.T.);
#4407=ORIENTED_EDGE('',*,*,#3070,.T.);
#4408=ORIENTED_EDGE('',*,*,#3065,.T.);
#4409=ORIENTED_EDGE('',*,*,#3034,.F.);
#4410=ORIENTED_EDGE('',*,*,#3049,.T.);
#4411=ORIENTED_EDGE('',*,*,#2497,.F.);
#4412=ORIENTED_EDGE('',*,*,#2432,.F.);
#4413=ORIENTED_EDGE('',*,*,#2414,.F.);
#4414=ORIENTED_EDGE('',*,*,#2418,.F.);
#4415=ORIENTED_EDGE('',*,*,#3068,.F.);
#4416=ORIENTED_EDGE('',*,*,#3071,.F.);
#4417=ORIENTED_EDGE('',*,*,#3061,.F.);
#4418=ORIENTED_EDGE('',*,*,#3066,.F.);
#4419=ORIENTED_EDGE('',*,*,#3070,.F.);
#4420=ORIENTED_EDGE('',*,*,#3048,.F.);
#4421=ORIENTED_EDGE('',*,*,#3071,.T.);
#4422=ORIENTED_EDGE('',*,*,#3067,.F.);
#4423=ORIENTED_EDGE('',*,*,#3063,.F.);
#4424=ORIENTED_EDGE('',*,*,#2498,.F.);
#4425=ORIENTED_EDGE('',*,*,#2495,.F.);
#4426=ORIENTED_EDGE('',*,*,#3060,.F.);
#4427=ORIENTED_EDGE('',*,*,#3044,.F.);
#4428=ORIENTED_EDGE('',*,*,#3069,.F.);
#4429=ORIENTED_EDGE('',*,*,#3058,.T.);
#4430=ORIENTED_EDGE('',*,*,#2446,.F.);
#4431=ORIENTED_EDGE('',*,*,#2521,.F.);
#4432=ORIENTED_EDGE('',*,*,#2664,.F.);
#4433=ORIENTED_EDGE('',*,*,#2670,.F.);
#4434=ORIENTED_EDGE('',*,*,#2425,.F.);
#4435=ORIENTED_EDGE('',*,*,#2475,.F.);
#4436=ORIENTED_EDGE('',*,*,#3072,.F.);
#4437=ORIENTED_EDGE('',*,*,#3073,.F.);
#4438=ORIENTED_EDGE('',*,*,#3074,.F.);
#4439=ORIENTED_EDGE('',*,*,#3075,.F.);
#4440=ORIENTED_EDGE('',*,*,#3076,.F.);
#4441=ORIENTED_EDGE('',*,*,#3073,.T.);
#4442=ORIENTED_EDGE('',*,*,#3074,.T.);
#4443=ORIENTED_EDGE('',*,*,#3072,.T.);
#4444=ORIENTED_EDGE('',*,*,#3076,.T.);
#4445=ORIENTED_EDGE('',*,*,#3077,.T.);
#4446=ORIENTED_EDGE('',*,*,#3078,.T.);
#4447=ORIENTED_EDGE('',*,*,#3079,.F.);
#4448=ORIENTED_EDGE('',*,*,#3080,.F.);
#4449=ORIENTED_EDGE('',*,*,#3081,.F.);
#4450=ORIENTED_EDGE('',*,*,#3082,.T.);
#4451=ORIENTED_EDGE('',*,*,#3083,.T.);
#4452=ORIENTED_EDGE('',*,*,#3078,.F.);
#4453=ORIENTED_EDGE('',*,*,#3084,.F.);
#4454=ORIENTED_EDGE('',*,*,#3085,.F.);
#4455=ORIENTED_EDGE('',*,*,#3086,.F.);
#4456=ORIENTED_EDGE('',*,*,#3087,.F.);
#4457=ORIENTED_EDGE('',*,*,#3075,.T.);
#4458=ORIENTED_EDGE('',*,*,#3083,.F.);
#4459=ORIENTED_EDGE('',*,*,#3088,.F.);
#4460=ORIENTED_EDGE('',*,*,#3089,.F.);
#4461=ORIENTED_EDGE('',*,*,#3084,.T.);
#4462=ORIENTED_EDGE('',*,*,#3077,.F.);
#4463=ORIENTED_EDGE('',*,*,#3086,.T.);
#4464=ORIENTED_EDGE('',*,*,#3090,.T.);
#4465=ORIENTED_EDGE('',*,*,#3091,.T.);
#4466=ORIENTED_EDGE('',*,*,#3092,.T.);
#4467=ORIENTED_EDGE('',*,*,#3093,.F.);
#4468=ORIENTED_EDGE('',*,*,#3094,.F.);
#4469=ORIENTED_EDGE('',*,*,#3095,.F.);
#4470=ORIENTED_EDGE('',*,*,#3090,.F.);
#4471=ORIENTED_EDGE('',*,*,#3085,.T.);
#4472=ORIENTED_EDGE('',*,*,#3089,.T.);
#4473=ORIENTED_EDGE('',*,*,#3096,.T.);
#4474=ORIENTED_EDGE('',*,*,#3081,.T.);
#4475=ORIENTED_EDGE('',*,*,#3097,.F.);
#4476=ORIENTED_EDGE('',*,*,#3098,.F.);
#4477=ORIENTED_EDGE('',*,*,#3088,.T.);
#4478=ORIENTED_EDGE('',*,*,#3082,.F.);
#4479=ORIENTED_EDGE('',*,*,#3096,.F.);
#4480=ORIENTED_EDGE('',*,*,#3087,.T.);
#4481=ORIENTED_EDGE('',*,*,#3092,.F.);
#4482=ORIENTED_EDGE('',*,*,#3099,.F.);
#4483=ORIENTED_EDGE('',*,*,#3100,.F.);
#4484=ORIENTED_EDGE('',*,*,#3101,.F.);
#4485=ORIENTED_EDGE('',*,*,#3102,.F.);
#4486=ORIENTED_EDGE('',*,*,#3079,.T.);
#4487=ORIENTED_EDGE('',*,*,#3080,.T.);
#4488=ORIENTED_EDGE('',*,*,#3102,.T.);
#4489=ORIENTED_EDGE('',*,*,#3103,.F.);
#4490=ORIENTED_EDGE('',*,*,#3097,.T.);
#4491=ORIENTED_EDGE('',*,*,#3101,.T.);
#4492=ORIENTED_EDGE('',*,*,#3104,.T.);
#4493=ORIENTED_EDGE('',*,*,#3105,.T.);
#4494=ORIENTED_EDGE('',*,*,#3106,.T.);
#4495=ORIENTED_EDGE('',*,*,#3107,.T.);
#4496=ORIENTED_EDGE('',*,*,#3108,.T.);
#4497=ORIENTED_EDGE('',*,*,#3109,.T.);
#4498=ORIENTED_EDGE('',*,*,#3110,.F.);
#4499=ORIENTED_EDGE('',*,*,#3098,.T.);
#4500=ORIENTED_EDGE('',*,*,#3103,.T.);
#4501=ORIENTED_EDGE('',*,*,#3099,.T.);
#4502=ORIENTED_EDGE('',*,*,#3091,.F.);
#4503=ORIENTED_EDGE('',*,*,#3095,.T.);
#4504=ORIENTED_EDGE('',*,*,#3111,.F.);
#4505=ORIENTED_EDGE('',*,*,#3105,.F.);
#4506=ORIENTED_EDGE('',*,*,#3112,.F.);
#4507=ORIENTED_EDGE('',*,*,#3100,.T.);
#4508=ORIENTED_EDGE('',*,*,#3112,.T.);
#4509=ORIENTED_EDGE('',*,*,#3104,.F.);
#4510=ORIENTED_EDGE('',*,*,#3107,.F.);
#4511=ORIENTED_EDGE('',*,*,#3113,.F.);
#4512=ORIENTED_EDGE('',*,*,#3093,.T.);
#4513=ORIENTED_EDGE('',*,*,#3110,.T.);
#4514=ORIENTED_EDGE('',*,*,#3114,.F.);
#4515=ORIENTED_EDGE('',*,*,#3114,.T.);
#4516=ORIENTED_EDGE('',*,*,#3109,.F.);
#4517=ORIENTED_EDGE('',*,*,#3115,.T.);
#4518=ORIENTED_EDGE('',*,*,#3094,.T.);
#4519=ORIENTED_EDGE('',*,*,#3115,.F.);
#4520=ORIENTED_EDGE('',*,*,#3108,.F.);
#4521=ORIENTED_EDGE('',*,*,#3113,.T.);
#4522=ORIENTED_EDGE('',*,*,#3106,.F.);
#4523=ORIENTED_EDGE('',*,*,#3111,.T.);
#4524=CYLINDRICAL_SURFACE('',#4818,2.);
#4525=CYLINDRICAL_SURFACE('',#4822,2.);
#4526=CYLINDRICAL_SURFACE('',#4834,2.);
#4527=CYLINDRICAL_SURFACE('',#4847,2.);
#4528=CYLINDRICAL_SURFACE('',#4853,2.);
#4529=CYLINDRICAL_SURFACE('',#4856,2.);
#4530=CYLINDRICAL_SURFACE('',#4858,2.);
#4531=CYLINDRICAL_SURFACE('',#4863,2.);
#4532=CYLINDRICAL_SURFACE('',#4869,2.);
#4533=CYLINDRICAL_SURFACE('',#4872,2.);
#4534=CYLINDRICAL_SURFACE('',#4876,2.);
#4535=CYLINDRICAL_SURFACE('',#4881,2.);
#4536=CYLINDRICAL_SURFACE('',#4885,2.);
#4537=CYLINDRICAL_SURFACE('',#4990,2.5085);
#4538=CYLINDRICAL_SURFACE('',#4992,1.5085);
#4539=CYLINDRICAL_SURFACE('',#4997,4.5085);
#4540=CYLINDRICAL_SURFACE('',#5010,2.5);
#4541=CYLINDRICAL_SURFACE('',#5011,5.5);
#4542=CYLINDRICAL_SURFACE('',#5058,2.);
#4543=CYLINDRICAL_SURFACE('',#5061,2.50850000000002);
#4544=CYLINDRICAL_SURFACE('',#5072,2.50850000000002);
#4545=CYLINDRICAL_SURFACE('',#5081,1.5085);
#4546=CYLINDRICAL_SURFACE('',#5084,2.5085);
#4547=CYLINDRICAL_SURFACE('',#5086,1.5085);
#4548=CYLINDRICAL_SURFACE('',#5089,4.5085);
#4549=CYLINDRICAL_SURFACE('',#5101,2.5);
#4550=CYLINDRICAL_SURFACE('',#5104,5.5);
#4551=ADVANCED_FACE('',(#415),#4524,.T.);
#4552=ADVANCED_FACE('',(#416),#265,.T.);
#4553=ADVANCED_FACE('',(#417),#4525,.F.);
#4554=ADVANCED_FACE('',(#418),#266,.F.);
#4555=ADVANCED_FACE('',(#419,#211),#267,.F.);
#4556=ADVANCED_FACE('',(#420),#4526,.T.);
#4557=ADVANCED_FACE('',(#421),#268,.T.);
#4558=ADVANCED_FACE('',(#422),#269,.T.);
#4559=ADVANCED_FACE('',(#423),#4527,.T.);
#4560=ADVANCED_FACE('',(#424),#270,.F.);
#4561=ADVANCED_FACE('',(#425),#271,.F.);
#4562=ADVANCED_FACE('',(#426),#4528,.F.);
#4563=ADVANCED_FACE('',(#427),#272,.T.);
#4564=ADVANCED_FACE('',(#428),#4529,.T.);
#4565=ADVANCED_FACE('',(#429),#4530,.T.);
#4566=ADVANCED_FACE('',(#430),#86,.T.);
#4567=ADVANCED_FACE('',(#431),#4531,.T.);
#4568=ADVANCED_FACE('',(#432),#87,.T.);
#4569=ADVANCED_FACE('',(#433),#273,.T.);
#4570=ADVANCED_FACE('',(#434),#4532,.T.);
#4571=ADVANCED_FACE('',(#435),#274,.T.);
#4572=ADVANCED_FACE('',(#436),#4533,.T.);
#4573=ADVANCED_FACE('',(#437),#275,.F.);
#4574=ADVANCED_FACE('',(#438),#4534,.T.);
#4575=ADVANCED_FACE('',(#439),#88,.T.);
#4576=ADVANCED_FACE('',(#440,#212,#213,#214,#215,#216,#217),#276,.T.);
#4577=ADVANCED_FACE('',(#441),#4535,.T.);
#4578=ADVANCED_FACE('',(#442),#277,.T.);
#4579=ADVANCED_FACE('',(#443),#4536,.T.);
#4580=ADVANCED_FACE('',(#444),#89,.T.);
#4581=ADVANCED_FACE('',(#445),#278,.T.);
#4582=ADVANCED_FACE('',(#446),#279,.T.);
#4583=ADVANCED_FACE('',(#447),#48,.T.);
#4584=ADVANCED_FACE('',(#448),#280,.T.);
#4585=ADVANCED_FACE('',(#449),#281,.F.);
#4586=ADVANCED_FACE('',(#450),#282,.F.);
#4587=ADVANCED_FACE('',(#451),#49,.F.);
#4588=ADVANCED_FACE('',(#452),#283,.F.);
#4589=ADVANCED_FACE('',(#453),#284,.F.);
#4590=ADVANCED_FACE('',(#454),#285,.F.);
#4591=ADVANCED_FACE('',(#455),#286,.F.);
#4592=ADVANCED_FACE('',(#456),#50,.F.);
#4593=ADVANCED_FACE('',(#457),#287,.T.);
#4594=ADVANCED_FACE('',(#458),#288,.T.);
#4595=ADVANCED_FACE('',(#459),#51,.T.);
#4596=ADVANCED_FACE('',(#460),#52,.F.);
#4597=ADVANCED_FACE('',(#461),#289,.F.);
#4598=ADVANCED_FACE('',(#462),#53,.F.);
#4599=ADVANCED_FACE('',(#463),#290,.F.);
#4600=ADVANCED_FACE('',(#464),#291,.F.);
#4601=ADVANCED_FACE('',(#465),#292,.F.);
#4602=ADVANCED_FACE('',(#466),#54,.F.);
#4603=ADVANCED_FACE('',(#467),#293,.F.);
#4604=ADVANCED_FACE('',(#468,#218),#294,.F.);
#4605=ADVANCED_FACE('',(#469),#295,.F.);
#4606=ADVANCED_FACE('',(#470),#55,.F.);
#4607=ADVANCED_FACE('',(#471),#296,.F.);
#4608=ADVANCED_FACE('',(#472),#56,.F.);
#4609=ADVANCED_FACE('',(#473),#297,.F.);
#4610=ADVANCED_FACE('',(#474),#298,.F.);
#4611=ADVANCED_FACE('',(#475),#299,.F.);
#4612=ADVANCED_FACE('',(#476),#57,.F.);
#4613=ADVANCED_FACE('',(#477),#300,.F.);
#4614=ADVANCED_FACE('',(#478),#301,.F.);
#4615=ADVANCED_FACE('',(#479),#302,.F.);
#4616=ADVANCED_FACE('',(#480),#303,.F.);
#4617=ADVANCED_FACE('',(#481),#58,.F.);
#4618=ADVANCED_FACE('',(#482),#304,.F.);
#4619=ADVANCED_FACE('',(#483),#305,.F.);
#4620=ADVANCED_FACE('',(#484),#59,.F.);
#4621=ADVANCED_FACE('',(#485),#306,.F.);
#4622=ADVANCED_FACE('',(#486),#307,.F.);
#4623=ADVANCED_FACE('',(#487),#308,.F.);
#4624=ADVANCED_FACE('',(#488),#309,.F.);
#4625=ADVANCED_FACE('',(#489),#60,.F.);
#4626=ADVANCED_FACE('',(#490),#310,.F.);
#4627=ADVANCED_FACE('',(#491),#61,.F.);
#4628=ADVANCED_FACE('',(#492),#311,.F.);
#4629=ADVANCED_FACE('',(#493),#312,.F.);
#4630=ADVANCED_FACE('',(#494),#313,.F.);
#4631=ADVANCED_FACE('',(#495),#62,.F.);
#4632=ADVANCED_FACE('',(#496),#314,.F.);
#4633=ADVANCED_FACE('',(#497),#315,.F.);
#4634=ADVANCED_FACE('',(#498),#316,.F.);
#4635=ADVANCED_FACE('',(#499),#63,.F.);
#4636=ADVANCED_FACE('',(#500),#317,.F.);
#4637=ADVANCED_FACE('',(#501),#64,.F.);
#4638=ADVANCED_FACE('',(#502),#318,.F.);
#4639=ADVANCED_FACE('',(#503),#319,.F.);
#4640=ADVANCED_FACE('',(#504),#320,.F.);
#4641=ADVANCED_FACE('',(#505),#65,.F.);
#4642=ADVANCED_FACE('',(#506),#321,.F.);
#4643=ADVANCED_FACE('',(#507),#322,.F.);
#4644=ADVANCED_FACE('',(#508),#323,.F.);
#4645=ADVANCED_FACE('',(#509),#66,.F.);
#4646=ADVANCED_FACE('',(#510),#324,.F.);
#4647=ADVANCED_FACE('',(#511),#67,.F.);
#4648=ADVANCED_FACE('',(#512),#68,.F.);
#4649=ADVANCED_FACE('',(#513),#325,.F.);
#4650=ADVANCED_FACE('',(#514),#326,.F.);
#4651=ADVANCED_FACE('',(#515),#327,.F.);
#4652=ADVANCED_FACE('',(#516),#328,.F.);
#4653=ADVANCED_FACE('',(#517),#329,.F.);
#4654=ADVANCED_FACE('',(#518),#330,.F.);
#4655=ADVANCED_FACE('',(#519),#69,.F.);
#4656=ADVANCED_FACE('',(#520),#70,.F.);
#4657=ADVANCED_FACE('',(#521),#331,.F.);
#4658=ADVANCED_FACE('',(#522),#71,.F.);
#4659=ADVANCED_FACE('',(#523),#332,.F.);
#4660=ADVANCED_FACE('',(#524),#333,.F.);
#4661=ADVANCED_FACE('',(#525),#334,.F.);
#4662=ADVANCED_FACE('',(#526),#335,.F.);
#4663=ADVANCED_FACE('',(#527),#72,.F.);
#4664=ADVANCED_FACE('',(#528),#336,.F.);
#4665=ADVANCED_FACE('',(#529),#337,.F.);
#4666=ADVANCED_FACE('',(#530),#338,.F.);
#4667=ADVANCED_FACE('',(#531),#339,.F.);
#4668=ADVANCED_FACE('',(#532),#73,.F.);
#4669=ADVANCED_FACE('',(#533),#340,.F.);
#4670=ADVANCED_FACE('',(#534),#341,.F.);
#4671=ADVANCED_FACE('',(#535),#342,.F.);
#4672=ADVANCED_FACE('',(#536),#343,.F.);
#4673=ADVANCED_FACE('',(#537),#344,.F.);
#4674=ADVANCED_FACE('',(#538),#345,.F.);
#4675=ADVANCED_FACE('',(#539),#346,.F.);
#4676=ADVANCED_FACE('',(#540),#347,.T.);
#4677=ADVANCED_FACE('',(#541),#348,.F.);
#4678=ADVANCED_FACE('',(#542),#74,.F.);
#4679=ADVANCED_FACE('',(#543),#349,.F.);
#4680=ADVANCED_FACE('',(#544),#75,.F.);
#4681=ADVANCED_FACE('',(#545),#350,.F.);
#4682=ADVANCED_FACE('',(#546),#76,.F.);
#4683=ADVANCED_FACE('',(#547),#351,.F.);
#4684=ADVANCED_FACE('',(#548),#77,.T.);
#4685=ADVANCED_FACE('',(#549),#78,.F.);
#4686=ADVANCED_FACE('',(#550),#79,.F.);
#4687=ADVANCED_FACE('',(#551),#352,.F.);
#4688=ADVANCED_FACE('',(#552),#353,.F.);
#4689=ADVANCED_FACE('',(#553),#80,.F.);
#4690=ADVANCED_FACE('',(#554),#354,.F.);
#4691=ADVANCED_FACE('',(#555),#355,.F.);
#4692=ADVANCED_FACE('',(#556),#356,.F.);
#4693=ADVANCED_FACE('',(#557,#219),#357,.F.);
#4694=ADVANCED_FACE('',(#558),#358,.F.);
#4695=ADVANCED_FACE('',(#559),#359,.F.);
#4696=ADVANCED_FACE('',(#560),#81,.F.);
#4697=ADVANCED_FACE('',(#561),#82,.F.);
#4698=ADVANCED_FACE('',(#562),#360,.F.);
#4699=ADVANCED_FACE('',(#563),#83,.F.);
#4700=ADVANCED_FACE('',(#564),#361,.F.);
#4701=ADVANCED_FACE('',(#565),#362,.F.);
#4702=ADVANCED_FACE('',(#566),#363,.F.);
#4703=ADVANCED_FACE('',(#567),#364,.F.);
#4704=ADVANCED_FACE('',(#568),#84,.F.);
#4705=ADVANCED_FACE('',(#569),#365,.F.);
#4706=ADVANCED_FACE('',(#570),#366,.F.);
#4707=ADVANCED_FACE('',(#571),#367,.F.);
#4708=ADVANCED_FACE('',(#572),#368,.F.);
#4709=ADVANCED_FACE('',(#573),#85,.F.);
#4710=ADVANCED_FACE('',(#574),#369,.F.);
#4711=ADVANCED_FACE('',(#575),#370,.F.);
#4712=ADVANCED_FACE('',(#576),#371,.F.);
#4713=ADVANCED_FACE('',(#577),#372,.F.);
#4714=ADVANCED_FACE('',(#578),#373,.F.);
#4715=ADVANCED_FACE('',(#579),#374,.F.);
#4716=ADVANCED_FACE('',(#580),#375,.F.);
#4717=ADVANCED_FACE('',(#581),#376,.T.);
#4718=ADVANCED_FACE('',(#582),#377,.T.);
#4719=ADVANCED_FACE('',(#583),#4537,.F.);
#4720=ADVANCED_FACE('',(#584),#4538,.F.);
#4721=ADVANCED_FACE('',(#585),#378,.F.);
#4722=ADVANCED_FACE('',(#586),#4539,.F.);
#4723=ADVANCED_FACE('',(#587),#379,.T.);
#4724=ADVANCED_FACE('',(#588),#380,.F.);
#4725=ADVANCED_FACE('',(#589),#381,.F.);
#4726=ADVANCED_FACE('',(#590),#90,.T.);
#4727=ADVANCED_FACE('',(#591),#42,.T.);
#4728=ADVANCED_FACE('',(#592),#4540,.T.);
#4729=ADVANCED_FACE('',(#593),#4541,.T.);
#4730=ADVANCED_FACE('',(#594),#43,.T.);
#4731=ADVANCED_FACE('',(#595),#44,.T.);
#4732=ADVANCED_FACE('',(#596),#382,.T.);
#4733=ADVANCED_FACE('',(#597),#383,.T.);
#4734=ADVANCED_FACE('',(#598),#384,.F.);
#4735=ADVANCED_FACE('',(#599),#385,.F.);
#4736=ADVANCED_FACE('',(#600),#17,.F.);
#4737=ADVANCED_FACE('',(#601),#18,.F.);
#4738=ADVANCED_FACE('',(#602),#19,.F.);
#4739=ADVANCED_FACE('',(#603),#20,.F.);
#4740=ADVANCED_FACE('',(#604),#21,.F.);
#4741=ADVANCED_FACE('',(#605),#386,.F.);
#4742=ADVANCED_FACE('',(#606),#22,.T.);
#4743=ADVANCED_FACE('',(#607),#23,.T.);
#4744=ADVANCED_FACE('',(#608),#387,.F.);
#4745=ADVANCED_FACE('',(#609),#388,.T.);
#4746=ADVANCED_FACE('',(#610),#24,.F.);
#4747=ADVANCED_FACE('',(#611),#389,.T.);
#4748=ADVANCED_FACE('',(#612),#25,.F.);
#4749=ADVANCED_FACE('',(#613),#26,.F.);
#4750=ADVANCED_FACE('',(#614),#27,.F.);
#4751=ADVANCED_FACE('',(#615),#28,.F.);
#4752=ADVANCED_FACE('',(#616),#29,.F.);
#4753=ADVANCED_FACE('',(#617),#30,.F.);
#4754=ADVANCED_FACE('',(#618),#31,.F.);
#4755=ADVANCED_FACE('',(#619),#32,.F.);
#4756=ADVANCED_FACE('',(#620),#33,.F.);
#4757=ADVANCED_FACE('',(#621),#34,.F.);
#4758=ADVANCED_FACE('',(#622),#390,.F.);
#4759=ADVANCED_FACE('',(#623),#35,.F.);
#4760=ADVANCED_FACE('',(#624),#36,.F.);
#4761=ADVANCED_FACE('',(#625),#391,.F.);
#4762=ADVANCED_FACE('',(#626),#37,.F.);
#4763=ADVANCED_FACE('',(#627),#38,.F.);
#4764=ADVANCED_FACE('',(#628),#392,.T.);
#4765=ADVANCED_FACE('',(#629),#393,.F.);
#4766=ADVANCED_FACE('',(#630),#394,.F.);
#4767=ADVANCED_FACE('',(#631),#39,.F.);
#4768=ADVANCED_FACE('',(#632),#40,.F.);
#4769=ADVANCED_FACE('',(#633),#4542,.T.);
#4770=ADVANCED_FACE('',(#634),#41,.F.);
#4771=ADVANCED_FACE('',(#635),#395,.F.);
#4772=ADVANCED_FACE('',(#636,#220),#4543,.F.);
#4773=ADVANCED_FACE('',(#637),#396,.T.);
#4774=ADVANCED_FACE('',(#638),#397,.F.);
#4775=ADVANCED_FACE('',(#639),#398,.F.);
#4776=ADVANCED_FACE('',(#640),#399,.T.);
#4777=ADVANCED_FACE('',(#641),#400,.T.);
#4778=ADVANCED_FACE('',(#642),#401,.T.);
#4779=ADVANCED_FACE('',(#643,#221),#4544,.F.);
#4780=ADVANCED_FACE('',(#644),#402,.F.);
#4781=ADVANCED_FACE('',(#645),#403,.F.);
#4782=ADVANCED_FACE('',(#646),#404,.F.);
#4783=ADVANCED_FACE('',(#647),#405,.T.);
#4784=ADVANCED_FACE('',(#648),#406,.T.);
#4785=ADVANCED_FACE('',(#649),#407,.T.);
#4786=ADVANCED_FACE('',(#650),#4545,.F.);
#4787=ADVANCED_FACE('',(#651),#408,.F.);
#4788=ADVANCED_FACE('',(#652),#4546,.F.);
#4789=ADVANCED_FACE('',(#653),#4547,.F.);
#4790=ADVANCED_FACE('',(#654),#4548,.F.);
#4791=ADVANCED_FACE('',(#655),#409,.T.);
#4792=ADVANCED_FACE('',(#656),#45,.T.);
#4793=ADVANCED_FACE('',(#657),#410,.T.);
#4794=ADVANCED_FACE('',(#658),#411,.F.);
#4795=ADVANCED_FACE('',(#659),#412,.T.);
#4796=ADVANCED_FACE('',(#660),#413,.F.);
#4797=ADVANCED_FACE('',(#661),#4549,.T.);
#4798=ADVANCED_FACE('',(#662),#4550,.T.);
#4799=ADVANCED_FACE('',(#663),#46,.T.);
#4800=ADVANCED_FACE('',(#664),#414,.F.);
#4801=ADVANCED_FACE('',(#665),#91,.T.);
#4802=ADVANCED_FACE('',(#666),#47,.T.);
#4803=CLOSED_SHELL('',(#4551,#4552,#4553,#4554,#4555,#4556,#4557,#4558,
#4559,#4560,#4561,#4562,#4563,#4564,#4565,#4566,#4567,#4568,#4569,#4570,
#4571,#4572,#4573,#4574,#4575,#4576,#4577,#4578,#4579,#4580,#4581,#4582,
#4583,#4584,#4585,#4586,#4587,#4588,#4589,#4590,#4591,#4592,#4593,#4594,
#4595,#4596,#4597,#4598,#4599,#4600,#4601,#4602,#4603,#4604,#4605,#4606,
#4607,#4608,#4609,#4610,#4611,#4612,#4613,#4614,#4615,#4616,#4617,#4618,
#4619,#4620,#4621,#4622,#4623,#4624,#4625,#4626,#4627,#4628,#4629,#4630,
#4631,#4632,#4633,#4634,#4635,#4636,#4637,#4638,#4639,#4640,#4641,#4642,
#4643,#4644,#4645,#4646,#4647,#4648,#4649,#4650,#4651,#4652,#4653,#4654,
#4655,#4656,#4657,#4658,#4659,#4660,#4661,#4662,#4663,#4664,#4665,#4666,
#4667,#4668,#4669,#4670,#4671,#4672,#4673,#4674,#4675,#4676,#4677,#4678,
#4679,#4680,#4681,#4682,#4683,#4684,#4685,#4686,#4687,#4688,#4689,#4690,
#4691,#4692,#4693,#4694,#4695,#4696,#4697,#4698,#4699,#4700,#4701,#4702,
#4703,#4704,#4705,#4706,#4707,#4708,#4709,#4710,#4711,#4712,#4713,#4714,
#4715,#4716,#4717,#4718,#4719,#4720,#4721,#4722,#4723,#4724,#4725,#4726,
#4727,#4728,#4729,#4730,#4731,#4732,#4733,#4734,#4735,#4736,#4737,#4738,
#4739,#4740,#4741,#4742,#4743,#4744,#4745,#4746,#4747,#4748,#4749,#4750,
#4751,#4752,#4753,#4754,#4755,#4756,#4757,#4758,#4759,#4760,#4761,#4762,
#4763,#4764,#4765,#4766,#4767,#4768,#4769,#4770,#4771,#4772,#4773,#4774,
#4775,#4776,#4777,#4778,#4779,#4780,#4781,#4782,#4783,#4784,#4785,#4786));
#4804=CLOSED_SHELL('',(#4787,#4788,#4789,#4790,#4791,#4792,#4793,#4794,
#4795,#4796,#4797,#4798,#4799,#4800,#4801,#4802));
#4805=DERIVED_UNIT_ELEMENT(#4807,1.);
#4806=DERIVED_UNIT_ELEMENT(#11294,-3.);
#4807=(
MASS_UNIT()
NAMED_UNIT(*)
SI_UNIT(.KILO.,.GRAM.)
);
#4808=DERIVED_UNIT((#4805,#4806));
#4809=MEASURE_REPRESENTATION_ITEM('density measure',
POSITIVE_RATIO_MEASURE(7850.),#4808);
#4810=PROPERTY_DEFINITION_REPRESENTATION(#4815,#4812);
#4811=PROPERTY_DEFINITION_REPRESENTATION(#4816,#4813);
#4812=REPRESENTATION('material name',(#4814),#11291);
#4813=REPRESENTATION('density',(#4809),#11291);
#4814=DESCRIPTIVE_REPRESENTATION_ITEM('Steel','Steel');
#4815=PROPERTY_DEFINITION('material property','material name',#11301);
#4816=PROPERTY_DEFINITION('material property','density of part',#11301);
#4817=AXIS2_PLACEMENT_3D('',#6184,#5113,#5114);
#4818=AXIS2_PLACEMENT_3D('',#6185,#5115,#5116);
#4819=AXIS2_PLACEMENT_3D('',#6188,#5117,#5118);
#4820=AXIS2_PLACEMENT_3D('',#6192,#5120,#5121);
#4821=AXIS2_PLACEMENT_3D('',#6194,#5123,#5124);
#4822=AXIS2_PLACEMENT_3D('',#6200,#5128,#5129);
#4823=AXIS2_PLACEMENT_3D('',#6203,#5130,#5131);
#4824=AXIS2_PLACEMENT_3D('',#6207,#5133,#5134);
#4825=AXIS2_PLACEMENT_3D('',#6209,#5136,#5137);
#4826=AXIS2_PLACEMENT_3D('',#6215,#5140,#5141);
#4827=AXIS2_PLACEMENT_3D('',#6219,#5143,#5144);
#4828=AXIS2_PLACEMENT_3D('',#6223,#5147,#5148);
#4829=AXIS2_PLACEMENT_3D('',#6230,#5152,#5153);
#4830=AXIS2_PLACEMENT_3D('',#6234,#5155,#5156);
#4831=AXIS2_PLACEMENT_3D('',#6238,#5158,#5159);
#4832=AXIS2_PLACEMENT_3D('',#6242,#5161,#5162);
#4833=AXIS2_PLACEMENT_3D('',#6246,#5164,#5165);
#4834=AXIS2_PLACEMENT_3D('',#6250,#5168,#5169);
#4835=AXIS2_PLACEMENT_3D('',#6253,#5170,#5171);
#4836=AXIS2_PLACEMENT_3D('',#6274,#5174,#5175);
#4837=AXIS2_PLACEMENT_3D('',#6278,#5177,#5178);
#4838=AXIS2_PLACEMENT_3D('',#6282,#5180,#5181);
#4839=AXIS2_PLACEMENT_3D('',#6286,#5183,#5184);
#4840=AXIS2_PLACEMENT_3D('',#6290,#5186,#5187);
#4841=AXIS2_PLACEMENT_3D('',#6294,#5189,#5190);
#4842=AXIS2_PLACEMENT_3D('',#6298,#5192,#5193);
#4843=AXIS2_PLACEMENT_3D('',#6336,#5197,#5198);
#4844=AXIS2_PLACEMENT_3D('',#6340,#5200,#5201);
#4845=AXIS2_PLACEMENT_3D('',#6376,#5205,#5206);
#4846=AXIS2_PLACEMENT_3D('',#6378,#5208,#5209);
#4847=AXIS2_PLACEMENT_3D('',#6389,#5216,#5217);
#4848=AXIS2_PLACEMENT_3D('',#6408,#5219,#5220);
#4849=AXIS2_PLACEMENT_3D('',#6432,#5228,#5229);
#4850=AXIS2_PLACEMENT_3D('',#6433,#5230,#5231);
#4851=AXIS2_PLACEMENT_3D('',#6434,#5232,#5233);
#4852=AXIS2_PLACEMENT_3D('',#6435,#5234,#5235);
#4853=AXIS2_PLACEMENT_3D('',#6436,#5236,#5237);
#4854=AXIS2_PLACEMENT_3D('',#6439,#5238,#5239);
#4855=AXIS2_PLACEMENT_3D('',#6442,#5242,#5243);
#4856=AXIS2_PLACEMENT_3D('',#6446,#5246,#5247);
#4857=AXIS2_PLACEMENT_3D('',#6450,#5249,#5250);
#4858=AXIS2_PLACEMENT_3D('',#6452,#5252,#5253);
#4859=AXIS2_PLACEMENT_3D('',#6455,#5254,#5255);
#4860=AXIS2_PLACEMENT_3D('',#6458,#5257,#5258);
#4861=AXIS2_PLACEMENT_3D('',#6460,#5260,#5261);
#4862=AXIS2_PLACEMENT_3D('',#6461,#5262,#5263);
#4863=AXIS2_PLACEMENT_3D('',#6462,#5264,#5265);
#4864=AXIS2_PLACEMENT_3D('',#6465,#5267,#5268);
#4865=AXIS2_PLACEMENT_3D('',#6467,#5270,#5271);
#4866=AXIS2_PLACEMENT_3D('',#6468,#5272,#5273);
#4867=AXIS2_PLACEMENT_3D('',#6469,#5274,#5275);
#4868=AXIS2_PLACEMENT_3D('',#6530,#5282,#5283);
#4869=AXIS2_PLACEMENT_3D('',#6531,#5284,#5285);
#4870=AXIS2_PLACEMENT_3D('',#6534,#5287,#5288);
#4871=AXIS2_PLACEMENT_3D('',#6535,#5289,#5290);
#4872=AXIS2_PLACEMENT_3D('',#6539,#5293,#5294);
#4873=AXIS2_PLACEMENT_3D('',#6542,#5296,#5297);
#4874=AXIS2_PLACEMENT_3D('',#6543,#5298,#5299);
#4875=AXIS2_PLACEMENT_3D('',#6545,#5300,#5301);
#4876=AXIS2_PLACEMENT_3D('',#6547,#5303,#5304);
#4877=AXIS2_PLACEMENT_3D('',#6567,#5306,#5307);
#4878=AXIS2_PLACEMENT_3D('',#6568,#5308,#5309);
#4879=AXIS2_PLACEMENT_3D('',#6569,#5310,#5311);
#4880=AXIS2_PLACEMENT_3D('',#6570,#5312,#5313);
#4881=AXIS2_PLACEMENT_3D('',#7269,#5400,#5401);
#4882=AXIS2_PLACEMENT_3D('',#7273,#5403,#5404);
#4883=AXIS2_PLACEMENT_3D('',#7277,#5407,#5408);
#4884=AXIS2_PLACEMENT_3D('',#7278,#5409,#5410);
#4885=AXIS2_PLACEMENT_3D('',#7286,#5415,#5416);
#4886=AXIS2_PLACEMENT_3D('',#7304,#5417,#5418);
#4887=AXIS2_PLACEMENT_3D('',#7306,#5420,#5421);
#4888=AXIS2_PLACEMENT_3D('',#7307,#5422,#5423);
#4889=AXIS2_PLACEMENT_3D('',#7311,#5426,#5427);
#4890=AXIS2_PLACEMENT_3D('',#7312,#5428,#5429);
#4891=AXIS2_PLACEMENT_3D('',#7386,#5433,#5434);
#4892=AXIS2_PLACEMENT_3D('',#7392,#5438,#5439);
#4893=AXIS2_PLACEMENT_3D('',#7398,#5443,#5444);
#4894=AXIS2_PLACEMENT_3D('',#7468,#5448,#5449);
#4895=AXIS2_PLACEMENT_3D('',#7472,#5452,#5453);
#4896=AXIS2_PLACEMENT_3D('',#7476,#5456,#5457);
#4897=AXIS2_PLACEMENT_3D('',#7480,#5460,#5461);
#4898=AXIS2_PLACEMENT_3D('',#7517,#5465,#5466);
#4899=AXIS2_PLACEMENT_3D('',#7523,#5470,#5471);
#4900=AXIS2_PLACEMENT_3D('',#7661,#5476,#5477);
#4901=AXIS2_PLACEMENT_3D('',#7731,#5481,#5482);
#4902=AXIS2_PLACEMENT_3D('',#7735,#5485,#5486);
#4903=AXIS2_PLACEMENT_3D('',#7739,#5489,#5490);
#4904=AXIS2_PLACEMENT_3D('',#7842,#5494,#5495);
#4905=AXIS2_PLACEMENT_3D('',#7844,#5497,#5498);
#4906=AXIS2_PLACEMENT_3D('',#7845,#5499,#5500);
#4907=AXIS2_PLACEMENT_3D('',#7928,#5505,#5506);
#4908=AXIS2_PLACEMENT_3D('',#7998,#5510,#5511);
#4909=AXIS2_PLACEMENT_3D('',#8002,#5514,#5515);
#4910=AXIS2_PLACEMENT_3D('',#8006,#5518,#5519);
#4911=AXIS2_PLACEMENT_3D('',#8076,#5523,#5524);
#4912=AXIS2_PLACEMENT_3D('',#8080,#5527,#5528);
#4913=AXIS2_PLACEMENT_3D('',#8084,#5531,#5532);
#4914=AXIS2_PLACEMENT_3D('',#8088,#5535,#5536);
#4915=AXIS2_PLACEMENT_3D('',#8169,#5540,#5541);
#4916=AXIS2_PLACEMENT_3D('',#8171,#5543,#5544);
#4917=AXIS2_PLACEMENT_3D('',#8207,#5547,#5548);
#4918=AXIS2_PLACEMENT_3D('',#8211,#5551,#5552);
#4919=AXIS2_PLACEMENT_3D('',#8215,#5555,#5556);
#4920=AXIS2_PLACEMENT_3D('',#8219,#5559,#5560);
#4921=AXIS2_PLACEMENT_3D('',#8289,#5564,#5565);
#4922=AXIS2_PLACEMENT_3D('',#8359,#5569,#5570);
#4923=AXIS2_PLACEMENT_3D('',#8363,#5573,#5574);
#4924=AXIS2_PLACEMENT_3D('',#8367,#5577,#5578);
#4925=AXIS2_PLACEMENT_3D('',#8437,#5582,#5583);
#4926=AXIS2_PLACEMENT_3D('',#8441,#5586,#5587);
#4927=AXIS2_PLACEMENT_3D('',#8445,#5590,#5591);
#4928=AXIS2_PLACEMENT_3D('',#8515,#5595,#5596);
#4929=AXIS2_PLACEMENT_3D('',#8552,#5600,#5601);
#4930=AXIS2_PLACEMENT_3D('',#8556,#5604,#5605);
#4931=AXIS2_PLACEMENT_3D('',#8560,#5608,#5609);
#4932=AXIS2_PLACEMENT_3D('',#8630,#5613,#5614);
#4933=AXIS2_PLACEMENT_3D('',#8634,#5617,#5618);
#4934=AXIS2_PLACEMENT_3D('',#8638,#5621,#5622);
#4935=AXIS2_PLACEMENT_3D('',#8708,#5626,#5627);
#4936=AXIS2_PLACEMENT_3D('',#8778,#5632,#5633);
#4937=AXIS2_PLACEMENT_3D('',#8782,#5636,#5637);
#4938=AXIS2_PLACEMENT_3D('',#8786,#5640,#5641);
#4939=AXIS2_PLACEMENT_3D('',#8788,#5643,#5644);
#4940=AXIS2_PLACEMENT_3D('',#8789,#5645,#5646);
#4941=AXIS2_PLACEMENT_3D('',#8795,#5650,#5651);
#4942=AXIS2_PLACEMENT_3D('',#8865,#5656,#5657);
#4943=AXIS2_PLACEMENT_3D('',#8935,#5661,#5662);
#4944=AXIS2_PLACEMENT_3D('',#8939,#5665,#5666);
#4945=AXIS2_PLACEMENT_3D('',#8943,#5669,#5670);
#4946=AXIS2_PLACEMENT_3D('',#8947,#5673,#5674);
#4947=AXIS2_PLACEMENT_3D('',#9017,#5678,#5679);
#4948=AXIS2_PLACEMENT_3D('',#9021,#5682,#5683);
#4949=AXIS2_PLACEMENT_3D('',#9025,#5686,#5687);
#4950=AXIS2_PLACEMENT_3D('',#9029,#5690,#5691);
#4951=AXIS2_PLACEMENT_3D('',#9077,#5695,#5696);
#4952=AXIS2_PLACEMENT_3D('',#9081,#5699,#5700);
#4953=AXIS2_PLACEMENT_3D('',#9085,#5703,#5704);
#4954=AXIS2_PLACEMENT_3D('',#9089,#5707,#5708);
#4955=AXIS2_PLACEMENT_3D('',#9093,#5711,#5712);
#4956=AXIS2_PLACEMENT_3D('',#9097,#5715,#5716);
#4957=AXIS2_PLACEMENT_3D('',#9099,#5718,#5719);
#4958=AXIS2_PLACEMENT_3D('',#9100,#5720,#5721);
#4959=AXIS2_PLACEMENT_3D('',#9109,#5726,#5727);
#4960=AXIS2_PLACEMENT_3D('',#9181,#5732,#5733);
#4961=AXIS2_PLACEMENT_3D('',#9273,#5737,#5738);
#4962=AXIS2_PLACEMENT_3D('',#9343,#5742,#5743);
#4963=AXIS2_PLACEMENT_3D('',#9640,#5748,#5749);
#4964=AXIS2_PLACEMENT_3D('',#9644,#5752,#5753);
#4965=AXIS2_PLACEMENT_3D('',#9714,#5757,#5758);
#4966=AXIS2_PLACEMENT_3D('',#9718,#5761,#5762);
#4967=AXIS2_PLACEMENT_3D('',#9722,#5765,#5766);
#4968=AXIS2_PLACEMENT_3D('',#9724,#5768,#5769);
#4969=AXIS2_PLACEMENT_3D('',#9725,#5770,#5771);
#4970=AXIS2_PLACEMENT_3D('',#9731,#5775,#5776);
#4971=AXIS2_PLACEMENT_3D('',#9801,#5781,#5782);
#4972=AXIS2_PLACEMENT_3D('',#9871,#5786,#5787);
#4973=AXIS2_PLACEMENT_3D('',#9875,#5790,#5791);
#4974=AXIS2_PLACEMENT_3D('',#9879,#5794,#5795);
#4975=AXIS2_PLACEMENT_3D('',#9883,#5798,#5799);
#4976=AXIS2_PLACEMENT_3D('',#9953,#5803,#5804);
#4977=AXIS2_PLACEMENT_3D('',#9957,#5807,#5808);
#4978=AXIS2_PLACEMENT_3D('',#9961,#5811,#5812);
#4979=AXIS2_PLACEMENT_3D('',#9965,#5815,#5816);
#4980=AXIS2_PLACEMENT_3D('',#10013,#5820,#5821);
#4981=AXIS2_PLACEMENT_3D('',#10017,#5824,#5825);
#4982=AXIS2_PLACEMENT_3D('',#10021,#5828,#5829);
#4983=AXIS2_PLACEMENT_3D('',#10025,#5832,#5833);
#4984=AXIS2_PLACEMENT_3D('',#10029,#5836,#5837);
#4985=AXIS2_PLACEMENT_3D('',#10033,#5840,#5841);
#4986=AXIS2_PLACEMENT_3D('',#10035,#5843,#5844);
#4987=AXIS2_PLACEMENT_3D('',#10036,#5845,#5846);
#4988=AXIS2_PLACEMENT_3D('',#10037,#5847,#5848);
#4989=AXIS2_PLACEMENT_3D('',#10041,#5850,#5851);
#4990=AXIS2_PLACEMENT_3D('',#10042,#5852,#5853);
#4991=AXIS2_PLACEMENT_3D('',#10051,#5854,#5855);
#4992=AXIS2_PLACEMENT_3D('',#10058,#5856,#5857);
#4993=AXIS2_PLACEMENT_3D('',#10061,#5859,#5860);
#4994=AXIS2_PLACEMENT_3D('',#10063,#5861,#5862);
#4995=AXIS2_PLACEMENT_3D('',#10080,#5865,#5866);
#4996=AXIS2_PLACEMENT_3D('',#10081,#5867,#5868);
#4997=AXIS2_PLACEMENT_3D('',#10083,#5870,#5871);
#4998=AXIS2_PLACEMENT_3D('',#10086,#5873,#5874);
#4999=AXIS2_PLACEMENT_3D('',#10087,#5875,#5876);
#5000=AXIS2_PLACEMENT_3D('',#10088,#5877,#5878);
#5001=AXIS2_PLACEMENT_3D('',#10090,#5879,#5880);
#5002=AXIS2_PLACEMENT_3D('',#10092,#5882,#5883);
#5003=AXIS2_PLACEMENT_3D('',#10104,#5886,#5887);
#5004=AXIS2_PLACEMENT_3D('',#10127,#5888,#5889);
#5005=AXIS2_PLACEMENT_3D('',#10129,#5890,#5891);
#5006=AXIS2_PLACEMENT_3D('',#10130,#5892,#5893);
#5007=AXIS2_PLACEMENT_3D('',#10131,#5894,#5895);
#5008=AXIS2_PLACEMENT_3D('',#10133,#5896,#5897);
#5009=AXIS2_PLACEMENT_3D('',#10150,#5898,#5899);
#5010=AXIS2_PLACEMENT_3D('',#10159,#5900,#5901);
#5011=AXIS2_PLACEMENT_3D('',#10174,#5903,#5904);
#5012=AXIS2_PLACEMENT_3D('',#10175,#5905,#5906);
#5013=AXIS2_PLACEMENT_3D('',#10176,#5907,#5908);
#5014=AXIS2_PLACEMENT_3D('',#10177,#5909,#5910);
#5015=AXIS2_PLACEMENT_3D('',#10178,#5911,#5912);
#5016=AXIS2_PLACEMENT_3D('',#10179,#5913,#5914);
#5017=AXIS2_PLACEMENT_3D('',#10180,#5915,#5916);
#5018=AXIS2_PLACEMENT_3D('',#10182,#5917,#5918);
#5019=AXIS2_PLACEMENT_3D('',#10185,#5920,#5921);
#5020=AXIS2_PLACEMENT_3D('',#10186,#5922,#5923);
#5021=AXIS2_PLACEMENT_3D('',#10195,#5928,#5929);
#5022=AXIS2_PLACEMENT_3D('',#10208,#5933,#5934);
#5023=AXIS2_PLACEMENT_3D('',#10241,#5936,#5937);
#5024=AXIS2_PLACEMENT_3D('',#10249,#5938,#5939);
#5025=AXIS2_PLACEMENT_3D('',#10252,#5941,#5942);
#5026=AXIS2_PLACEMENT_3D('',#10299,#5943,#5944);
#5027=AXIS2_PLACEMENT_3D('',#10300,#5945,#5946);
#5028=AXIS2_PLACEMENT_3D('',#10308,#5948,#5949);
#5029=AXIS2_PLACEMENT_3D('',#10354,#5950,#5951);
#5030=AXIS2_PLACEMENT_3D('',#10438,#5953,#5954);
#5031=AXIS2_PLACEMENT_3D('',#10454,#5955,#5956);
#5032=AXIS2_PLACEMENT_3D('',#10537,#5957,#5958);
#5033=AXIS2_PLACEMENT_3D('',#10554,#5959,#5960);
#5034=AXIS2_PLACEMENT_3D('',#10556,#5961,#5962);
#5035=AXIS2_PLACEMENT_3D('',#10558,#5964,#5965);
#5036=AXIS2_PLACEMENT_3D('',#10569,#5969,#5970);
#5037=AXIS2_PLACEMENT_3D('',#10584,#5975,#5976);
#5038=AXIS2_PLACEMENT_3D('',#10585,#5977,#5978);
#5039=AXIS2_PLACEMENT_3D('',#10592,#5979,#5980);
#5040=AXIS2_PLACEMENT_3D('',#10593,#5981,#5982);
#5041=AXIS2_PLACEMENT_3D('',#10639,#5983,#5984);
#5042=AXIS2_PLACEMENT_3D('',#10693,#5985,#5986);
#5043=AXIS2_PLACEMENT_3D('',#10697,#5988,#5989);
#5044=AXIS2_PLACEMENT_3D('',#10706,#5991,#5992);
#5045=AXIS2_PLACEMENT_3D('',#10708,#5994,#5995);
#5046=AXIS2_PLACEMENT_3D('',#10709,#5996,#5997);
#5047=AXIS2_PLACEMENT_3D('',#10755,#5998,#5999);
#5048=AXIS2_PLACEMENT_3D('',#10801,#6000,#6001);
#5049=AXIS2_PLACEMENT_3D('',#10848,#6002,#6003);
#5050=AXIS2_PLACEMENT_3D('',#10849,#6004,#6005);
#5051=AXIS2_PLACEMENT_3D('',#10857,#6007,#6008);
#5052=AXIS2_PLACEMENT_3D('',#10911,#6011,#6012);
#5053=AXIS2_PLACEMENT_3D('',#10921,#6015,#6016);
#5054=AXIS2_PLACEMENT_3D('',#10967,#6017,#6018);
#5055=AXIS2_PLACEMENT_3D('',#10968,#6019,#6020);
#5056=AXIS2_PLACEMENT_3D('',#10969,#6021,#6022);
#5057=AXIS2_PLACEMENT_3D('',#10971,#6024,#6025);
#5058=AXIS2_PLACEMENT_3D('',#10986,#6028,#6029);
#5059=AXIS2_PLACEMENT_3D('',#11025,#6033,#6034);
#5060=AXIS2_PLACEMENT_3D('',#11058,#6036,#6037);
#5061=AXIS2_PLACEMENT_3D('',#11064,#6041,#6042);
#5062=AXIS2_PLACEMENT_3D('',#11067,#6043,#6044);
#5063=AXIS2_PLACEMENT_3D('',#11070,#6046,#6047);
#5064=AXIS2_PLACEMENT_3D('',#11074,#6049,#6050);
#5065=AXIS2_PLACEMENT_3D('',#11077,#6053,#6054);
#5066=AXIS2_PLACEMENT_3D('',#11083,#6058,#6059);
#5067=AXIS2_PLACEMENT_3D('',#11085,#6061,#6062);
#5068=AXIS2_PLACEMENT_3D('',#11088,#6064,#6065);
#5069=AXIS2_PLACEMENT_3D('',#11089,#6066,#6067);
#5070=AXIS2_PLACEMENT_3D('',#11095,#6071,#6072);
#5071=AXIS2_PLACEMENT_3D('',#11097,#6074,#6075);
#5072=AXIS2_PLACEMENT_3D('',#11101,#6078,#6079);
#5073=AXIS2_PLACEMENT_3D('',#11103,#6080,#6081);
#5074=AXIS2_PLACEMENT_3D('',#11107,#6084,#6085);
#5075=AXIS2_PLACEMENT_3D('',#11108,#6086,#6087);
#5076=AXIS2_PLACEMENT_3D('',#11113,#6091,#6092);
#5077=AXIS2_PLACEMENT_3D('',#11115,#6094,#6095);
#5078=AXIS2_PLACEMENT_3D('',#11117,#6097,#6098);
#5079=AXIS2_PLACEMENT_3D('',#11118,#6099,#6100);
#5080=AXIS2_PLACEMENT_3D('',#11119,#6101,#6102);
#5081=AXIS2_PLACEMENT_3D('',#11120,#6103,#6104);
#5082=AXIS2_PLACEMENT_3D('',#11121,#6105,#6106);
#5083=AXIS2_PLACEMENT_3D('',#11125,#6108,#6109);
#5084=AXIS2_PLACEMENT_3D('',#11126,#6110,#6111);
#5085=AXIS2_PLACEMENT_3D('',#11135,#6112,#6113);
#5086=AXIS2_PLACEMENT_3D('',#11142,#6114,#6115);
#5087=AXIS2_PLACEMENT_3D('',#11161,#6118,#6119);
#5088=AXIS2_PLACEMENT_3D('',#11165,#6121,#6122);
#5089=AXIS2_PLACEMENT_3D('',#11167,#6124,#6125);
#5090=AXIS2_PLACEMENT_3D('',#11169,#6126,#6127);
#5091=AXIS2_PLACEMENT_3D('',#11173,#6129,#6130);
#5092=AXIS2_PLACEMENT_3D('',#11175,#6132,#6133);
#5093=AXIS2_PLACEMENT_3D('',#11179,#6136,#6137);
#5094=AXIS2_PLACEMENT_3D('',#11185,#6138,#6139);
#5095=AXIS2_PLACEMENT_3D('',#11189,#6140,#6141);
#5096=AXIS2_PLACEMENT_3D('',#11192,#6142,#6143);
#5097=AXIS2_PLACEMENT_3D('',#11202,#6148,#6149);
#5098=AXIS2_PLACEMENT_3D('',#11203,#6150,#6151);
#5099=AXIS2_PLACEMENT_3D('',#11213,#6155,#6156);
#5100=AXIS2_PLACEMENT_3D('',#11214,#6157,#6158);
#5101=AXIS2_PLACEMENT_3D('',#11215,#6159,#6160);
#5102=AXIS2_PLACEMENT_3D('',#11257,#6162,#6163);
#5103=AXIS2_PLACEMENT_3D('',#11258,#6164,#6165);
#5104=AXIS2_PLACEMENT_3D('',#11259,#6166,#6167);
#5105=AXIS2_PLACEMENT_3D('',#11260,#6168,#6169);
#5106=AXIS2_PLACEMENT_3D('',#11261,#6170,#6171);
#5107=AXIS2_PLACEMENT_3D('',#11262,#6172,#6173);
#5108=AXIS2_PLACEMENT_3D('',#11263,#6174,#6175);
#5109=AXIS2_PLACEMENT_3D('',#11264,#6176,#6177);
#5110=AXIS2_PLACEMENT_3D('',#11265,#6178,#6179);
#5111=AXIS2_PLACEMENT_3D('',#11267,#6180,#6181);
#5112=AXIS2_PLACEMENT_3D('',#11288,#6182,#6183);
#5113=DIRECTION('axis',(0.,0.,1.));
#5114=DIRECTION('refdir',(1.,0.,0.));
#5115=DIRECTION('center_axis',(8.43489587549635E-17,-1.,2.22248044093295E-16));
#5116=DIRECTION('ref_axis',(0.300737027125717,0.,0.953707104154932));
#5117=DIRECTION('center_axis',(1.213666681578E-32,1.,-2.71639499533154E-16));
#5118=DIRECTION('ref_axis',(0.300737027125717,0.,0.953707104154932));
#5119=DIRECTION('',(8.43489587549635E-17,-1.,2.22248044093295E-16));
#5120=DIRECTION('center_axis',(-1.213666681578E-32,-1.,2.71639499533154E-16));
#5121=DIRECTION('ref_axis',(0.300737027125717,0.,0.953707104154932));
#5122=DIRECTION('',(-8.43489587549635E-17,1.,-2.22248044093295E-16));
#5123=DIRECTION('center_axis',(-2.27567382992601E-16,2.22248044093295E-16,
1.));
#5124=DIRECTION('ref_axis',(1.,0.,2.27567382992601E-16));
#5125=DIRECTION('',(-1.,3.30536285181741E-17,-2.27567382992601E-16));
#5126=DIRECTION('',(4.98282252470824E-35,1.,-2.22248044093295E-16));
#5127=DIRECTION('',(1.,-3.30536285181741E-17,2.27567382992601E-16));
#5128=DIRECTION('center_axis',(0.,-1.,2.81318053173672E-16));
#5129=DIRECTION('ref_axis',(-0.300737027125717,0.,-0.953707104154932));
#5130=DIRECTION('center_axis',(1.5516921189874E-32,1.,-2.85305029449103E-16));
#5131=DIRECTION('ref_axis',(-0.300737027125717,0.,-0.953707104154932));
#5132=DIRECTION('',(0.,1.,-2.81318053173672E-16));
#5133=DIRECTION('center_axis',(-1.5516921189874E-32,-1.,2.85305029449103E-16));
#5134=DIRECTION('ref_axis',(-0.300737027125717,0.,-0.953707104154932));
#5135=DIRECTION('',(0.,-1.,2.81318053173672E-16));
#5136=DIRECTION('center_axis',(-1.5516921189874E-32,-1.,2.85305029449103E-16));
#5137=DIRECTION('ref_axis',(0.,-2.85305029449103E-16,-1.));
#5138=DIRECTION('',(0.819114481031171,-1.63659546440607E-16,-0.573630078504462));
#5139=DIRECTION('',(-0.999999999999959,-8.15960365698936E-23,-2.85995787536465E-7));
#5140=DIRECTION('center_axis',(-1.5516921189874E-32,-1.,2.85305029449103E-16));
#5141=DIRECTION('ref_axis',(1.,5.40896121840867E-32,2.44929359829471E-16));
#5142=DIRECTION('',(-0.999999999999959,-8.15960365698936E-23,-2.85995787536465E-7));
#5143=DIRECTION('center_axis',(-1.5516921189874E-32,-1.,2.85305029449103E-16));
#5144=DIRECTION('ref_axis',(0.857031025461562,0.,0.515264807061674));
#5145=DIRECTION('',(0.472060535015464,2.51515252253478E-16,0.881566135511633));
#5146=DIRECTION('',(1.,5.43928314634939E-32,2.45035121842602E-16));
#5147=DIRECTION('center_axis',(-0.573630078504462,-2.30431691130052E-16,
-0.819114481031171));
#5148=DIRECTION('ref_axis',(-0.819114481031171,0.,0.573630078504462));
#5149=DIRECTION('',(-0.819114481031171,1.63659546440607E-16,0.573630078504462));
#5150=DIRECTION('',(-1.17357780196356E-19,1.,-2.81235866917384E-16));
#5151=DIRECTION('',(-0.819114481031171,1.55820587442116E-16,0.573630078504462));
#5152=DIRECTION('center_axis',(0.573630078504462,2.30431691130052E-16,0.819114481031171));
#5153=DIRECTION('ref_axis',(-0.819114481031171,1.13674969580586E-16,0.573630078504462));
#5154=DIRECTION('',(1.4529448262727E-32,1.,-2.81318053173672E-16));
#5155=DIRECTION('center_axis',(-0.573630078504462,-2.30431691130052E-16,
-0.819114481031171));
#5156=DIRECTION('ref_axis',(0.819114481031171,-1.04575540139823E-16,-0.573630078504462));
#5157=DIRECTION('',(0.819114481031171,-2.4108456048225E-16,-0.573630078504462));
#5158=DIRECTION('center_axis',(0.573630078504462,2.30431691130052E-16,0.819114481031171));
#5159=DIRECTION('ref_axis',(1.8547860986236E-17,-1.,2.68328890852637E-16));
#5160=DIRECTION('',(-1.45178077344248E-32,-1.,2.81318053173672E-16));
#5161=DIRECTION('center_axis',(0.573630078504462,2.30431691130052E-16,0.819114481031171));
#5162=DIRECTION('ref_axis',(-1.8547860986236E-17,-1.,2.94307215494707E-16));
#5163=DIRECTION('',(-0.819114481031171,2.4108456048225E-16,0.573630078504462));
#5164=DIRECTION('center_axis',(-0.573630078504462,-2.30431691130052E-16,
-0.819114481031171));
#5165=DIRECTION('ref_axis',(0.819114481031171,-1.04575540139823E-16,-0.573630078504462));
#5166=DIRECTION('',(1.4529448262727E-32,1.,-2.81318053173672E-16));
#5167=DIRECTION('',(0.819114481031171,-1.55820587442116E-16,-0.573630078504462));
#5168=DIRECTION('center_axis',(-0.999999999999959,-8.16198815921821E-23,
-2.85995787536465E-7));
#5169=DIRECTION('ref_axis',(-2.02229560415737E-7,-0.707106781186549,0.707106781186517));
#5170=DIRECTION('center_axis',(0.577466288387781,2.2960504824998E-16,0.816414530600504));
#5171=DIRECTION('ref_axis',(-0.816414530600504,2.80488524986308E-16,0.57746628838778));
#5172=DIRECTION('',(0.999999999999959,8.16198815921821E-23,2.85995787536465E-7));
#5173=DIRECTION('',(-0.999999999999959,-8.16198815921821E-23,-2.85995787536465E-7));
#5174=DIRECTION('center_axis',(-0.577466288387781,-2.2960504824998E-16,
-0.816414530600504));
#5175=DIRECTION('ref_axis',(-0.816414530600504,0.,0.577466288387781));
#5176=DIRECTION('',(-1.44976778990647E-32,-1.,2.8123586688382E-16));
#5177=DIRECTION('center_axis',(0.577466288387781,2.2960504824998E-16,0.816414530600504));
#5178=DIRECTION('ref_axis',(-0.816414530600504,8.01395785675165E-17,0.57746628838778));
#5179=DIRECTION('',(-0.816414530600504,1.64802182915499E-16,0.577466288387781));
#5180=DIRECTION('center_axis',(0.577466288387781,2.2960504824998E-16,0.816414530600504));
#5181=DIRECTION('ref_axis',(0.816414530600504,-2.00348865410295E-16,-0.577466288387781));
#5182=DIRECTION('',(-1.44976778990647E-32,-1.,2.8123586688382E-16));
#5183=DIRECTION('center_axis',(0.577466288387781,2.2960504824998E-16,0.816414530600504));
#5184=DIRECTION('ref_axis',(0.816414530600504,-2.00348865410295E-16,-0.577466288387781));
#5185=DIRECTION('',(0.816414530600504,-1.64802182915499E-16,-0.577466288387781));
#5186=DIRECTION('center_axis',(-0.577466288387781,-2.2960504824998E-16,
-0.816414530600504));
#5187=DIRECTION('ref_axis',(-9.84559699814121E-17,1.,-2.11595994706428E-16));
#5188=DIRECTION('',(5.48273546406345E-17,-1.,2.42455384910821E-16));
#5189=DIRECTION('center_axis',(-0.577466288387781,-2.2960504824998E-16,
-0.816414530600504));
#5190=DIRECTION('ref_axis',(-1.48314593237583E-16,1.,-1.7632999558869E-16));
#5191=DIRECTION('',(0.816414530600504,-2.34302110116029E-16,-0.577466288387781));
#5192=DIRECTION('center_axis',(-0.577466288387781,-2.2960504824998E-16,
-0.816414530600504));
#5193=DIRECTION('ref_axis',(-0.816414530600504,1.81953611723545E-16,0.577466288387781));
#5194=DIRECTION('',(4.99919927553962E-33,1.,-2.42455384910821E-16));
#5195=DIRECTION('',(0.816414530600504,1.1540094647633E-15,-0.577466288387781));
#5196=DIRECTION('',(-5.43852429378757E-33,1.,-1.99840144432528E-16));
#5197=DIRECTION('center_axis',(0.577466288387781,2.2960504824998E-16,0.816414530600504));
#5198=DIRECTION('ref_axis',(0.816414530600504,-1.05274899771877E-16,-0.57746628838778));
#5199=DIRECTION('',(-5.43852429378757E-33,1.,-1.99840144432528E-16));
#5200=DIRECTION('center_axis',(0.577466288387781,2.2960504824998E-16,0.816414530600504));
#5201=DIRECTION('ref_axis',(0.816414530600504,-1.05274899771877E-16,-0.57746628838778));
#5202=DIRECTION('',(-5.43852429378757E-33,1.,-1.99840144432528E-16));
#5203=DIRECTION('',(-0.816414530600504,-1.1540094647633E-15,0.577466288387781));
#5204=DIRECTION('',(4.99919927553962E-33,1.,-2.42455384910821E-16));
#5205=DIRECTION('center_axis',(-0.577466288387781,-2.2960504824998E-16,
-0.816414530600504));
#5206=DIRECTION('ref_axis',(0.816414530600504,-2.86650608508512E-16,-0.577466288387781));
#5207=DIRECTION('',(0.816414530600504,-1.64802182915499E-16,-0.577466288387781));
#5208=DIRECTION('center_axis',(-2.85995787536465E-7,2.81235866883809E-16,
0.999999999999959));
#5209=DIRECTION('ref_axis',(0.999999999999959,0.,2.85995787536465E-7));
#5210=DIRECTION('',(-8.65530101717858E-34,1.,-2.19724411230426E-16));
#5211=DIRECTION('',(0.999999999999959,8.15960365698936E-23,2.85995787536465E-7));
#5212=DIRECTION('',(8.65530101718044E-34,1.,-2.26792000859702E-16));
#5213=DIRECTION('',(-0.999999999999959,-1.0085877679601E-23,-2.85995787536465E-7));
#5214=DIRECTION('',(2.43900472846376E-33,1.,-2.32002597426061E-16));
#5215=DIRECTION('',(0.999999999999959,8.16198815921821E-23,2.85995787536465E-7));
#5216=DIRECTION('center_axis',(0.999999999999959,8.16198815921821E-23,2.85995787536465E-7));
#5217=DIRECTION('ref_axis',(-2.02229560415737E-7,0.707106781186549,0.707106781186517));
#5218=DIRECTION('',(-0.999999999999959,-8.16198815921821E-23,-2.85995787536465E-7));
#5219=DIRECTION('center_axis',(1.55066933368753E-16,-2.02083782622313E-16,
-1.));
#5220=DIRECTION('ref_axis',(-1.,0.,-1.55066933368753E-16));
#5221=DIRECTION('',(2.43900472846376E-33,1.,-2.32002597426061E-16));
#5222=DIRECTION('',(-1.,-3.44121213944561E-32,-1.55066933368753E-16));
#5223=DIRECTION('',(8.65530101718044E-34,1.,-2.26792000859702E-16));
#5224=DIRECTION('',(1.,-2.17917832599883E-31,1.55066933368753E-16));
#5225=DIRECTION('',(-3.21321346115382E-16,1.,-2.02083782622313E-16));
#5226=DIRECTION('',(1.,8.04819999563425E-17,6.12901159344601E-17));
#5227=DIRECTION('',(1.,9.31018376128579E-17,6.12323399573676E-17));
#5228=DIRECTION('center_axis',(1.55066933368753E-16,-2.02083782622313E-16,
-1.));
#5229=DIRECTION('ref_axis',(0.,-1.,2.02083782622313E-16));
#5230=DIRECTION('center_axis',(2.89435579198264E-32,-1.,3.52658258974232E-17));
#5231=DIRECTION('ref_axis',(0.,-3.52658258974232E-17,-1.));
#5232=DIRECTION('center_axis',(2.89435579198264E-32,-1.,3.52658258974232E-17));
#5233=DIRECTION('ref_axis',(1.,5.43852429378756E-32,2.44929359829471E-16));
#5234=DIRECTION('center_axis',(2.89435579198264E-32,-1.,3.52658258974232E-17));
#5235=DIRECTION('ref_axis',(1.,5.40896121840867E-32,2.44929359829471E-16));
#5236=DIRECTION('center_axis',(2.45038367588921E-16,-2.71639499533154E-16,
-1.));
#5237=DIRECTION('ref_axis',(-0.707106781186547,-0.707106781186548,0.));
#5238=DIRECTION('center_axis',(2.27567382992601E-16,-2.22248044093295E-16,
-1.));
#5239=DIRECTION('ref_axis',(-0.707106781186547,-0.707106781186548,0.));
#5240=DIRECTION('',(-2.45038367588921E-16,2.71639499533154E-16,1.));
#5241=DIRECTION('',(2.45038367588921E-16,-2.71639499533154E-16,-1.));
#5242=DIRECTION('center_axis',(1.,5.44042682602427E-32,2.45038367588921E-16));
#5243=DIRECTION('ref_axis',(2.45038367588921E-16,0.,-1.));
#5244=DIRECTION('',(5.5029664208787E-35,1.,-2.22248044093295E-16));
#5245=DIRECTION('',(2.45553399263517E-16,-1.82304840799958E-16,-1.));
#5246=DIRECTION('center_axis',(1.,5.43852429378757E-32,2.44929359829471E-16));
#5247=DIRECTION('ref_axis',(0.,-0.707106781186548,-0.707106781186547));
#5248=DIRECTION('',(1.,5.43852429378757E-32,2.44929359829471E-16));
#5249=DIRECTION('center_axis',(-1.,0.,0.));
#5250=DIRECTION('ref_axis',(0.,0.,-1.));
#5251=DIRECTION('',(-1.,-5.43852429378757E-32,-2.44929359829471E-16));
#5252=DIRECTION('center_axis',(0.,-1.,2.8123586688382E-16));
#5253=DIRECTION('ref_axis',(0.515264684508035,0.,-0.857031099143337));
#5254=DIRECTION('center_axis',(0.,-1.,0.));
#5255=DIRECTION('ref_axis',(0.,0.,-1.));
#5256=DIRECTION('',(0.,-1.,2.8123586688382E-16));
#5257=DIRECTION('center_axis',(0.,1.,0.));
#5258=DIRECTION('ref_axis',(0.883195717827332,0.,-0.46900460979767));
#5259=DIRECTION('',(0.,1.,-2.8123586688382E-16));
#5260=DIRECTION('center_axis',(-0.25965220395657,-0.863750303261536,0.431875151630769));
#5261=DIRECTION('ref_axis',(0.445060027503775,-0.503920046848311,-0.740260871789625));
#5262=DIRECTION('center_axis',(-0.46900460979767,-2.52053817108409E-16,
-0.883195717827332));
#5263=DIRECTION('ref_axis',(0.624513681190626,-0.707106781186549,-0.33163633999568));
#5264=DIRECTION('center_axis',(-1.,-5.43852429378757E-32,-2.44929359829471E-16));
#5265=DIRECTION('ref_axis',(0.,0.707106781186547,-0.707106781186548));
#5266=DIRECTION('',(1.,5.43852429378757E-32,2.44929359829471E-16));
#5267=DIRECTION('center_axis',(-1.,0.,0.));
#5268=DIRECTION('ref_axis',(0.,1.,-5.55111512312578E-16));
#5269=DIRECTION('',(-1.,-5.43852429378757E-32,-2.44929359829471E-16));
#5270=DIRECTION('center_axis',(0.25965220395657,-0.863750303261536,-0.431875151630769));
#5271=DIRECTION('ref_axis',(0.445060027503775,0.503920046848311,-0.740260871789625));
#5272=DIRECTION('center_axis',(-0.46900460979767,-2.52053817108409E-16,
-0.883195717827332));
#5273=DIRECTION('ref_axis',(0.624513681190628,0.707106781186546,-0.331636339995684));
#5274=DIRECTION('center_axis',(-1.55147563723641E-32,-1.,2.85388404880929E-16));
#5275=DIRECTION('ref_axis',(0.,-2.85388404880929E-16,-1.));
#5276=DIRECTION('',(2.44929359829471E-16,-4.05741624797134E-16,-1.));
#5277=DIRECTION('',(-1.,-5.43852429378757E-32,-2.44929359829471E-16));
#5278=DIRECTION('',(-2.44929359829471E-16,4.05741624797134E-16,1.));
#5279=DIRECTION('',(1.,5.43852429378757E-32,2.44929359829471E-16));
#5280=DIRECTION('',(-0.46900460979767,-2.52053817108409E-16,-0.883195717827332));
#5281=DIRECTION('',(0.999999999999959,8.16198815921821E-23,2.85995787536465E-7));
#5282=DIRECTION('center_axis',(1.55147563723641E-32,1.,-2.85388404880929E-16));
#5283=DIRECTION('ref_axis',(1.,5.40896121840867E-32,2.44929359829471E-16));
#5284=DIRECTION('center_axis',(0.46900460979767,2.52053817108409E-16,0.883195717827332));
#5285=DIRECTION('ref_axis',(0.624513681190626,-0.707106781186549,-0.331636339995682));
#5286=DIRECTION('',(0.46900460979767,2.52053817108409E-16,0.883195717827332));
#5287=DIRECTION('center_axis',(0.46900460979767,2.52053817108409E-16,0.883195717827332));
#5288=DIRECTION('ref_axis',(0.624513681190626,-0.707106781186548,-0.331636339995682));
#5289=DIRECTION('center_axis',(0.883195717827332,-1.31900918008955E-16,
-0.46900460979767));
#5290=DIRECTION('ref_axis',(-0.46900460979767,0.,-0.883195717827332));
#5291=DIRECTION('',(-0.46900460979767,-2.52053817108409E-16,-0.883195717827332));
#5292=DIRECTION('',(0.,1.,-2.8123586688382E-16));
#5293=DIRECTION('center_axis',(-0.46900460979767,-2.52053817108409E-16,
-0.883195717827332));
#5294=DIRECTION('ref_axis',(0.624513681190628,0.707106781186547,-0.331636339995682));
#5295=DIRECTION('',(0.46900460979767,2.52053817108409E-16,0.883195717827332));
#5296=DIRECTION('center_axis',(-0.46900460979767,0.,-0.883195717827331));
#5297=DIRECTION('ref_axis',(0.,1.,0.));
#5298=DIRECTION('center_axis',(-1.55147563723641E-32,-1.,2.85388404880929E-16));
#5299=DIRECTION('ref_axis',(0.,-2.85388404880929E-16,-1.));
#5300=DIRECTION('center_axis',(1.55147563723641E-32,1.,-2.85388404880929E-16));
#5301=DIRECTION('ref_axis',(1.,5.43852429378756E-32,2.44929359829471E-16));
#5302=DIRECTION('',(-0.999999999999959,-8.16198815921821E-23,-2.85995787536465E-7));
#5303=DIRECTION('center_axis',(0.999999999999959,8.16198815921821E-23,2.85995787536465E-7));
#5304=DIRECTION('ref_axis',(-2.02229560415737E-7,0.707106781186549,0.707106781186517));
#5305=DIRECTION('',(0.999999999999959,8.16198815921821E-23,2.85995787536465E-7));
#5306=DIRECTION('center_axis',(-0.999999999999959,0.,-2.85995787052684E-7));
#5307=DIRECTION('ref_axis',(-2.85995787052684E-7,0.,0.999999999999959));
#5308=DIRECTION('center_axis',(-0.788484700783499,0.543221474902406,0.288448099032065));
#5309=DIRECTION('ref_axis',(0.615054368840966,0.696396682629443,0.3697834282284));
#5310=DIRECTION('center_axis',(0.,1.,-2.8123586688382E-16));
#5311=DIRECTION('ref_axis',(0.857031025461561,0.,0.515264807061675));
#5312=DIRECTION('center_axis',(2.44929359829471E-16,-2.8123586688382E-16,
-1.));
#5313=DIRECTION('ref_axis',(-1.,0.,-2.44929359829471E-16));
#5314=DIRECTION('',(-1.,-5.40774567617456E-32,-2.44929359829471E-16));
#5315=DIRECTION('',(1.40398454786857E-32,1.,-2.8123586688382E-16));
#5316=DIRECTION('',(1.,5.40774567617456E-32,2.44929359829471E-16));
#5317=DIRECTION('',(1.40398454786857E-32,1.,-2.8123586688382E-16));
#5318=DIRECTION('',(-1.,-5.40774567617456E-32,-2.44929359829471E-16));
#5319=DIRECTION('',(1.40398454786857E-32,1.,-2.8123586688382E-16));
#5320=DIRECTION('',(1.,5.40774567617456E-32,2.44929359829471E-16));
#5321=DIRECTION('',(1.,5.40774567617456E-32,2.44929359829471E-16));
#5322=DIRECTION('',(1.40398454786857E-32,1.,-2.8123586688382E-16));
#5323=DIRECTION('',(-1.,-5.40774567617456E-32,-2.44929359829471E-16));
#5324=DIRECTION('',(-1.40398454786857E-32,-1.,2.8123586688382E-16));
#5325=DIRECTION('',(1.,5.40774567617456E-32,2.44929359829471E-16));
#5326=DIRECTION('',(-1.40398454786857E-32,-1.,2.8123586688382E-16));
#5327=DIRECTION('',(-1.40398454786857E-32,-1.,2.8123586688382E-16));
#5328=DIRECTION('',(1.,5.40774567617456E-32,2.44929359829471E-16));
#5329=DIRECTION('',(1.40398454786857E-32,1.,-2.8123586688382E-16));
#5330=DIRECTION('',(-1.,-5.40774567617456E-32,-2.44929359829471E-16));
#5331=DIRECTION('',(-1.40398454786857E-32,-1.,2.8123586688382E-16));
#5332=DIRECTION('',(1.,5.40774567617456E-32,2.44929359829471E-16));
#5333=DIRECTION('',(1.40398454786857E-32,1.,-2.8123586688382E-16));
#5334=DIRECTION('',(1.40398454786857E-32,1.,-2.8123586688382E-16));
#5335=DIRECTION('',(1.,5.40774567617456E-32,2.44929359829471E-16));
#5336=DIRECTION('',(1.40398454786857E-32,1.,-2.8123586688382E-16));
#5337=DIRECTION('',(-0.500542279314585,0.865712092221519,-3.6606679076783E-16));
#5338=DIRECTION('',(-1.40398454786857E-32,-1.,2.8123586688382E-16));
#5339=DIRECTION('',(-1.40398454786857E-32,-1.,2.8123586688382E-16));
#5340=DIRECTION('',(-1.,-5.40774567617456E-32,-2.44929359829471E-16));
#5341=DIRECTION('',(1.40398454786857E-32,1.,-2.8123586688382E-16));
#5342=DIRECTION('',(1.,5.40774567617456E-32,2.44929359829471E-16));
#5343=DIRECTION('',(1.40398454786857E-32,1.,-2.8123586688382E-16));
#5344=DIRECTION('',(-1.,-5.40774567617456E-32,-2.44929359829471E-16));
#5345=DIRECTION('',(1.40398454786857E-32,1.,-2.8123586688382E-16));
#5346=DIRECTION('',(1.,5.40774567617456E-32,2.44929359829471E-16));
#5347=DIRECTION('',(1.,5.40774567617456E-32,2.44929359829471E-16));
#5348=DIRECTION('',(1.40398454786857E-32,1.,-2.8123586688382E-16));
#5349=DIRECTION('',(-1.,-5.40774567617456E-32,-2.44929359829471E-16));
#5350=DIRECTION('',(-1.40398454786857E-32,-1.,2.8123586688382E-16));
#5351=DIRECTION('',(1.,5.40774567617456E-32,2.44929359829471E-16));
#5352=DIRECTION('',(-1.40398454786857E-32,-1.,2.8123586688382E-16));
#5353=DIRECTION('',(-1.40398454786857E-32,-1.,2.8123586688382E-16));
#5354=DIRECTION('',(1.,5.40774567617456E-32,2.44929359829471E-16));
#5355=DIRECTION('',(1.40398454786857E-32,1.,-2.8123586688382E-16));
#5356=DIRECTION('',(-1.,-5.40774567617456E-32,-2.44929359829471E-16));
#5357=DIRECTION('',(-1.40398454786857E-32,-1.,2.8123586688382E-16));
#5358=DIRECTION('',(1.,5.40774567617456E-32,2.44929359829471E-16));
#5359=DIRECTION('',(1.40398454786857E-32,1.,-2.8123586688382E-16));
#5360=DIRECTION('',(-1.,-5.40774567617456E-32,-2.44929359829471E-16));
#5361=DIRECTION('',(1.40398454786857E-32,1.,-2.8123586688382E-16));
#5362=DIRECTION('',(1.40398454786857E-32,1.,-2.8123586688382E-16));
#5363=DIRECTION('',(-1.,-5.40774567617456E-32,-2.44929359829471E-16));
#5364=DIRECTION('',(-1.40398454786857E-32,-1.,2.8123586688382E-16));
#5365=DIRECTION('',(-1.40398454786857E-32,-1.,2.8123586688382E-16));
#5366=DIRECTION('',(-1.,-5.40774567617456E-32,-2.44929359829471E-16));
#5367=DIRECTION('',(1.40398454786857E-32,1.,-2.8123586688382E-16));
#5368=DIRECTION('',(1.,5.40774567617456E-32,2.44929359829471E-16));
#5369=DIRECTION('',(1.40398454786857E-32,1.,-2.8123586688382E-16));
#5370=DIRECTION('',(-1.,-5.40774567617456E-32,-2.44929359829471E-16));
#5371=DIRECTION('',(-1.40398454786857E-32,-1.,2.8123586688382E-16));
#5372=DIRECTION('',(-1.40398454786857E-32,-1.,2.8123586688382E-16));
#5373=DIRECTION('',(-1.40398454786857E-32,-1.,2.8123586688382E-16));
#5374=DIRECTION('',(1.,5.40774567617456E-32,2.44929359829471E-16));
#5375=DIRECTION('',(1.40398454786857E-32,1.,-2.8123586688382E-16));
#5376=DIRECTION('',(1.40398454786857E-32,1.,-2.8123586688382E-16));
#5377=DIRECTION('',(1.,5.40774567617456E-32,2.44929359829471E-16));
#5378=DIRECTION('',(-1.40398454786857E-32,-1.,2.8123586688382E-16));
#5379=DIRECTION('',(1.40398454786857E-32,1.,-2.8123586688382E-16));
#5380=DIRECTION('',(1.,5.40774567617456E-32,2.44929359829471E-16));
#5381=DIRECTION('',(1.40398454786857E-32,1.,-2.8123586688382E-16));
#5382=DIRECTION('',(-1.,-5.40774567617456E-32,-2.44929359829471E-16));
#5383=DIRECTION('',(-1.40398454786857E-32,-1.,2.8123586688382E-16));
#5384=DIRECTION('',(1.,5.40774567617456E-32,2.44929359829471E-16));
#5385=DIRECTION('',(-1.40398454786857E-32,-1.,2.8123586688382E-16));
#5386=DIRECTION('',(-1.40398454786857E-32,-1.,2.8123586688382E-16));
#5387=DIRECTION('',(1.,5.40774567617456E-32,2.44929359829471E-16));
#5388=DIRECTION('',(1.40398454786857E-32,1.,-2.8123586688382E-16));
#5389=DIRECTION('',(1.,5.40774567617456E-32,2.44929359829471E-16));
#5390=DIRECTION('',(-1.40398454786857E-32,-1.,2.8123586688382E-16));
#5391=DIRECTION('',(1.,5.40774567617456E-32,2.44929359829471E-16));
#5392=DIRECTION('',(1.40398454786857E-32,1.,-2.8123586688382E-16));
#5393=DIRECTION('',(-0.332713853003292,0.943027832049354,-3.46704640864462E-16));
#5394=DIRECTION('',(-1.,-5.40774567617456E-32,-2.44929359829471E-16));
#5395=DIRECTION('',(-0.344236962853233,-0.938882800676198,1.79733779409196E-16));
#5396=DIRECTION('',(-1.40398454786857E-32,-1.,2.8123586688382E-16));
#5397=DIRECTION('',(1.,5.40774567617456E-32,2.44929359829471E-16));
#5398=DIRECTION('',(1.40398454786857E-32,1.,-2.8123586688382E-16));
#5399=DIRECTION('',(-1.,-5.40774567617456E-32,-2.44929359829471E-16));
#5400=DIRECTION('center_axis',(0.,-1.,2.8123586688382E-16));
#5401=DIRECTION('ref_axis',(0.857031025461562,0.,0.515264807061674));
#5402=DIRECTION('',(0.,-1.,2.8123586688382E-16));
#5403=DIRECTION('center_axis',(1.5516921189874E-32,1.,-2.85305029449103E-16));
#5404=DIRECTION('ref_axis',(0.857031025461562,0.,0.515264807061674));
#5405=DIRECTION('',(0.,-1.,2.8123586688382E-16));
#5406=DIRECTION('',(0.,-1.,2.8123586688382E-16));
#5407=DIRECTION('center_axis',(0.,1.,0.));
#5408=DIRECTION('ref_axis',(-2.85995787052684E-7,0.,0.999999999999959));
#5409=DIRECTION('center_axis',(-2.85995787536465E-7,2.81235866883809E-16,
0.999999999999959));
#5410=DIRECTION('ref_axis',(0.999999999999959,0.,2.85995787536465E-7));
#5411=DIRECTION('',(-2.43900472846376E-33,-1.,2.32002597426061E-16));
#5412=DIRECTION('',(-0.999999999999959,-1.0085877679601E-23,-2.85995787536465E-7));
#5413=DIRECTION('',(-8.65530101718044E-34,-1.,2.26792000859702E-16));
#5414=DIRECTION('',(0.999999999999959,8.15960365698936E-23,2.85995787536465E-7));
#5415=DIRECTION('center_axis',(-0.999999999999959,-8.16198815921821E-23,
-2.85995787536465E-7));
#5416=DIRECTION('ref_axis',(-2.02229560415737E-7,-0.707106781186549,0.707106781186517));
#5417=DIRECTION('center_axis',(-0.999999999999959,0.,-2.85995787052684E-7));
#5418=DIRECTION('ref_axis',(0.,-1.,0.));
#5419=DIRECTION('',(-0.999999999999959,-8.16198815921821E-23,-2.85995787536465E-7));
#5420=DIRECTION('center_axis',(-0.788484700783499,-0.543221474902406,0.288448099032063));
#5421=DIRECTION('ref_axis',(0.615054368840965,-0.696396682629444,0.369783428228398));
#5422=DIRECTION('center_axis',(-1.5516921189874E-32,-1.,2.85305029449103E-16));
#5423=DIRECTION('ref_axis',(0.,-2.85305029449103E-16,-1.));
#5424=DIRECTION('',(-1.,-5.43928314634939E-32,-2.45035121842602E-16));
#5425=DIRECTION('',(-0.472060535015464,-2.51515252253478E-16,-0.881566135511633));
#5426=DIRECTION('center_axis',(1.5516921189874E-32,1.,-2.85305029449103E-16));
#5427=DIRECTION('ref_axis',(1.,5.40896121840867E-32,2.44929359829471E-16));
#5428=DIRECTION('center_axis',(-2.85995787536465E-7,2.81235866883809E-16,
0.999999999999959));
#5429=DIRECTION('ref_axis',(0.999999999999959,0.,2.85995787536465E-7));
#5430=DIRECTION('',(8.65530101717858E-34,-1.,2.19724411230426E-16));
#5431=DIRECTION('',(-2.42369357884412E-16,2.20787972497035E-16,1.));
#5432=DIRECTION('',(-2.42369357884412E-16,2.20787972497035E-16,1.));
#5433=DIRECTION('center_axis',(0.951196125323182,0.30858699125233,1.62408497979158E-16));
#5434=DIRECTION('ref_axis',(1.70741336781599E-16,0.,-1.));
#5435=DIRECTION('',(0.30858699125233,-0.951196125323182,3.43092481100932E-16));
#5436=DIRECTION('',(0.308586991252331,-0.951196125323182,2.88790416553951E-16));
#5437=DIRECTION('',(-2.42369357884412E-16,2.20787972497035E-16,1.));
#5438=DIRECTION('center_axis',(0.,1.,-2.20787972497035E-16));
#5439=DIRECTION('ref_axis',(0.,2.20787972497035E-16,1.));
#5440=DIRECTION('',(-2.42369357884412E-16,2.20787972497035E-16,1.));
#5441=DIRECTION('',(-1.,-5.46486444551995E-32,-2.47516401537377E-16));
#5442=DIRECTION('',(-2.42369357884412E-16,2.20787972497035E-16,1.));
#5443=DIRECTION('center_axis',(-0.938882800676198,0.344236962853233,-3.03559802615511E-16));
#5444=DIRECTION('ref_axis',(-3.23320229529056E-16,0.,1.));
#5445=DIRECTION('',(-0.344236962853233,-0.938882800676198,1.24456111899082E-16));
#5446=DIRECTION('',(-2.42369357884412E-16,2.20787972497035E-16,1.));
#5447=DIRECTION('',(-2.42369357884412E-16,2.20787972497035E-16,1.));
#5448=DIRECTION('center_axis',(-1.,-5.41231109920118E-32,-2.42369357884412E-16));
#5449=DIRECTION('ref_axis',(-2.42369357884412E-16,0.,1.));
#5450=DIRECTION('',(0.,-1.,2.23308389577133E-16));
#5451=DIRECTION('',(-2.42369357884412E-16,2.20787972497035E-16,1.));
#5452=DIRECTION('center_axis',(0.,-1.,2.20787972497035E-16));
#5453=DIRECTION('ref_axis',(0.,-2.20787972497035E-16,-1.));
#5454=DIRECTION('',(1.,5.46486444551995E-32,2.47516401537377E-16));
#5455=DIRECTION('',(-2.42369357884412E-16,2.20787972497035E-16,1.));
#5456=DIRECTION('center_axis',(1.,5.41231109920118E-32,2.42369357884412E-16));
#5457=DIRECTION('ref_axis',(2.42369357884412E-16,0.,-1.));
#5458=DIRECTION('',(0.,1.,-2.23308389577133E-16));
#5459=DIRECTION('',(-2.42369357884412E-16,2.20787972497035E-16,1.));
#5460=DIRECTION('center_axis',(0.,1.,-2.20787972497035E-16));
#5461=DIRECTION('ref_axis',(0.,2.20787972497035E-16,1.));
#5462=DIRECTION('',(-1.,-5.46486444551995E-32,-2.47516401537377E-16));
#5463=DIRECTION('',(-2.42369357884412E-16,2.20787972497035E-16,1.));
#5464=DIRECTION('',(-2.42369357884412E-16,2.20787972497035E-16,1.));
#5465=DIRECTION('center_axis',(0.,-1.,2.20787972497035E-16));
#5466=DIRECTION('ref_axis',(0.,-2.20787972497035E-16,-1.));
#5467=DIRECTION('',(-1.,-5.40774567617456E-32,-2.44929359829471E-16));
#5468=DIRECTION('',(-1.,-5.46486444551995E-32,-2.47516401537377E-16));
#5469=DIRECTION('',(-2.42369357884412E-16,2.20787972497035E-16,1.));
#5470=DIRECTION('center_axis',(-0.944229215827424,0.329288912625264,-3.0155526012008E-16));
#5471=DIRECTION('ref_axis',(-3.19366585004287E-16,0.,1.));
#5472=DIRECTION('',(0.329288912625264,0.944229215827424,-1.84898599482007E-16));
#5473=DIRECTION('',(0.329288912625264,0.944229215827424,-1.2934989885894E-16));
#5474=DIRECTION('',(-2.42369357884412E-16,2.20787972497035E-16,1.));
#5475=DIRECTION('',(-2.42369357884412E-16,2.20787972497035E-16,1.));
#5476=DIRECTION('center_axis',(0.943027832049354,0.332713853003292,1.55101833094658E-16));
#5477=DIRECTION('ref_axis',(1.64472169137994E-16,0.,-1.));
#5478=DIRECTION('',(-2.42369357884412E-16,2.20787972497035E-16,1.));
#5479=DIRECTION('',(-0.332713853003292,0.943027832049354,-2.92938162138367E-16));
#5480=DIRECTION('',(-2.42369357884412E-16,2.20787972497035E-16,1.));
#5481=DIRECTION('center_axis',(1.,5.41231109920118E-32,2.42369357884412E-16));
#5482=DIRECTION('ref_axis',(2.42369357884412E-16,0.,-1.));
#5483=DIRECTION('',(-2.42369357884412E-16,2.20787972497035E-16,1.));
#5484=DIRECTION('',(0.,1.,-2.23308389577133E-16));
#5485=DIRECTION('center_axis',(0.,-1.,2.20787972497035E-16));
#5486=DIRECTION('ref_axis',(0.,-2.20787972497035E-16,-1.));
#5487=DIRECTION('',(-2.42369357884412E-16,2.20787972497035E-16,1.));
#5488=DIRECTION('',(1.,5.46486444551995E-32,2.47516401537377E-16));
#5489=DIRECTION('center_axis',(-1.,-5.41231109920118E-32,-2.42369357884412E-16));
#5490=DIRECTION('ref_axis',(-2.42369357884412E-16,0.,1.));
#5491=DIRECTION('',(-2.42369357884412E-16,2.20787972497035E-16,1.));
#5492=DIRECTION('',(0.,-1.,2.23308389577133E-16));
#5493=DIRECTION('',(-2.42369357884412E-16,2.20787972497035E-16,1.));
#5494=DIRECTION('center_axis',(0.,-1.,2.20787972497035E-16));
#5495=DIRECTION('ref_axis',(0.,-2.20787972497035E-16,-1.));
#5496=DIRECTION('',(1.,5.46486444551995E-32,2.47516401537377E-16));
#5497=DIRECTION('center_axis',(-2.47516401537377E-16,2.23308389577133E-16,
1.));
#5498=DIRECTION('ref_axis',(1.,0.,2.47516401537377E-16));
#5499=DIRECTION('center_axis',(0.,-1.,2.20787972497035E-16));
#5500=DIRECTION('ref_axis',(0.,-2.20787972497035E-16,-1.));
#5501=DIRECTION('',(-2.42369357884412E-16,2.20787972497035E-16,1.));
#5502=DIRECTION('',(1.,5.46486444551995E-32,2.47516401537377E-16));
#5503=DIRECTION('',(-2.42369357884412E-16,2.20787972497035E-16,1.));
#5504=DIRECTION('',(-2.42369357884412E-16,2.20787972497035E-16,1.));
#5505=DIRECTION('center_axis',(-1.,-5.41231109920118E-32,-2.42369357884412E-16));
#5506=DIRECTION('ref_axis',(-2.42369357884412E-16,0.,1.));
#5507=DIRECTION('',(0.,-1.,2.23308389577133E-16));
#5508=DIRECTION('',(-2.42369357884412E-16,2.20787972497035E-16,1.));
#5509=DIRECTION('',(-2.42369357884412E-16,2.20787972497035E-16,1.));
#5510=DIRECTION('center_axis',(-1.,-5.41231109920118E-32,-2.42369357884412E-16));
#5511=DIRECTION('ref_axis',(-2.42369357884412E-16,0.,1.));
#5512=DIRECTION('',(0.,-1.,2.23308389577133E-16));
#5513=DIRECTION('',(-2.42369357884412E-16,2.20787972497035E-16,1.));
#5514=DIRECTION('center_axis',(0.,-1.,2.20787972497035E-16));
#5515=DIRECTION('ref_axis',(0.,-2.20787972497035E-16,-1.));
#5516=DIRECTION('',(1.,5.46486444551995E-32,2.47516401537377E-16));
#5517=DIRECTION('',(-2.42369357884412E-16,2.20787972497035E-16,1.));
#5518=DIRECTION('center_axis',(1.,5.41231109920118E-32,2.42369357884412E-16));
#5519=DIRECTION('ref_axis',(2.42369357884412E-16,0.,-1.));
#5520=DIRECTION('',(0.,1.,-2.23308389577133E-16));
#5521=DIRECTION('',(-2.42369357884412E-16,2.20787972497035E-16,1.));
#5522=DIRECTION('',(-2.42369357884412E-16,2.20787972497035E-16,1.));
#5523=DIRECTION('center_axis',(-1.,-5.41231109920118E-32,-2.42369357884412E-16));
#5524=DIRECTION('ref_axis',(-2.42369357884412E-16,0.,1.));
#5525=DIRECTION('',(-2.42369357884412E-16,2.20787972497035E-16,1.));
#5526=DIRECTION('',(1.71243079303123E-48,-1.,2.23308389577133E-16));
#5527=DIRECTION('center_axis',(0.,1.,-2.20787972497035E-16));
#5528=DIRECTION('ref_axis',(0.,2.20787972497035E-16,1.));
#5529=DIRECTION('',(-2.42369357884412E-16,2.20787972497035E-16,1.));
#5530=DIRECTION('',(-1.,-5.46486444551995E-32,-2.47516401537377E-16));
#5531=DIRECTION('center_axis',(1.,5.41231109920118E-32,2.42369357884412E-16));
#5532=DIRECTION('ref_axis',(2.42369357884412E-16,0.,-1.));
#5533=DIRECTION('',(-2.42369357884412E-16,2.20787972497035E-16,1.));
#5534=DIRECTION('',(-1.71243079303123E-48,1.,-2.23308389577133E-16));
#5535=DIRECTION('center_axis',(0.,-1.,2.20787972497035E-16));
#5536=DIRECTION('ref_axis',(0.,-2.20787972497035E-16,-1.));
#5537=DIRECTION('',(-2.42369357884412E-16,2.20787972497035E-16,1.));
#5538=DIRECTION('',(1.,5.46486444551995E-32,2.47516401537377E-16));
#5539=DIRECTION('',(-2.42369357884412E-16,2.20787972497035E-16,1.));
#5540=DIRECTION('center_axis',(1.,5.41231109920118E-32,2.42369357884412E-16));
#5541=DIRECTION('ref_axis',(2.42369357884412E-16,0.,-1.));
#5542=DIRECTION('',(0.,1.,-2.23308389577133E-16));
#5543=DIRECTION('center_axis',(-2.47516401537377E-16,2.23308389577133E-16,
1.));
#5544=DIRECTION('ref_axis',(1.,0.,2.47516401537377E-16));
#5545=DIRECTION('',(-2.42369357884412E-16,2.20787972497035E-16,1.));
#5546=DIRECTION('',(-2.42369357884412E-16,2.20787972497035E-16,1.));
#5547=DIRECTION('center_axis',(0.,-1.,2.20787972497035E-16));
#5548=DIRECTION('ref_axis',(0.,-2.20787972497035E-16,-1.));
#5549=DIRECTION('',(1.,5.46486444551995E-32,2.47516401537377E-16));
#5550=DIRECTION('',(-2.42369357884412E-16,2.20787972497035E-16,1.));
#5551=DIRECTION('center_axis',(1.,5.41231109920118E-32,2.42369357884412E-16));
#5552=DIRECTION('ref_axis',(2.42369357884412E-16,0.,-1.));
#5553=DIRECTION('',(-3.12402914944887E-48,1.,-2.23308389577133E-16));
#5554=DIRECTION('',(-2.42369357884412E-16,2.20787972497035E-16,1.));
#5555=DIRECTION('center_axis',(0.,1.,-2.20787972497035E-16));
#5556=DIRECTION('ref_axis',(0.,2.20787972497035E-16,1.));
#5557=DIRECTION('',(-1.,-5.46486444551995E-32,-2.47516401537377E-16));
#5558=DIRECTION('',(-2.42369357884412E-16,2.20787972497035E-16,1.));
#5559=DIRECTION('center_axis',(-1.,-5.41231109920118E-32,-2.42369357884412E-16));
#5560=DIRECTION('ref_axis',(-2.42369357884412E-16,0.,1.));
#5561=DIRECTION('',(3.12402914944887E-48,-1.,2.23308389577133E-16));
#5562=DIRECTION('',(-2.42369357884412E-16,2.20787972497035E-16,1.));
#5563=DIRECTION('',(-2.42369357884412E-16,2.20787972497035E-16,1.));
#5564=DIRECTION('center_axis',(-1.,-5.41231109920118E-32,-2.42369357884412E-16));
#5565=DIRECTION('ref_axis',(-2.42369357884412E-16,0.,1.));
#5566=DIRECTION('',(2.76860068334391E-48,-1.,2.23308389577133E-16));
#5567=DIRECTION('',(-2.42369357884412E-16,2.20787972497035E-16,1.));
#5568=DIRECTION('',(-2.42369357884412E-16,2.20787972497035E-16,1.));
#5569=DIRECTION('center_axis',(-1.,-5.41231109920118E-32,-2.42369357884412E-16));
#5570=DIRECTION('ref_axis',(-2.42369357884412E-16,0.,1.));
#5571=DIRECTION('',(0.,-1.,2.23308389577133E-16));
#5572=DIRECTION('',(-2.42369357884412E-16,2.20787972497035E-16,1.));
#5573=DIRECTION('center_axis',(0.,-1.,2.20787972497035E-16));
#5574=DIRECTION('ref_axis',(0.,-2.20787972497035E-16,-1.));
#5575=DIRECTION('',(1.,5.46486444551995E-32,2.47516401537377E-16));
#5576=DIRECTION('',(-2.42369357884412E-16,2.20787972497035E-16,1.));
#5577=DIRECTION('center_axis',(1.,5.41231109920118E-32,2.42369357884412E-16));
#5578=DIRECTION('ref_axis',(2.42369357884412E-16,0.,-1.));
#5579=DIRECTION('',(0.,1.,-2.23308389577133E-16));
#5580=DIRECTION('',(-2.42369357884412E-16,2.20787972497035E-16,1.));
#5581=DIRECTION('',(-2.42369357884412E-16,2.20787972497035E-16,1.));
#5582=DIRECTION('center_axis',(1.,5.41231109920118E-32,2.42369357884412E-16));
#5583=DIRECTION('ref_axis',(2.42369357884412E-16,0.,-1.));
#5584=DIRECTION('',(0.,1.,-2.23308389577133E-16));
#5585=DIRECTION('',(-2.42369357884412E-16,2.20787972497035E-16,1.));
#5586=DIRECTION('center_axis',(0.,-1.,2.20787972497035E-16));
#5587=DIRECTION('ref_axis',(0.,-2.20787972497035E-16,-1.));
#5588=DIRECTION('',(1.,5.46486444551995E-32,2.47516401537377E-16));
#5589=DIRECTION('',(-2.42369357884412E-16,2.20787972497035E-16,1.));
#5590=DIRECTION('center_axis',(-1.,-5.41231109920118E-32,-2.42369357884412E-16));
#5591=DIRECTION('ref_axis',(-2.42369357884412E-16,0.,1.));
#5592=DIRECTION('',(0.,-1.,2.23308389577133E-16));
#5593=DIRECTION('',(-2.42369357884412E-16,2.20787972497035E-16,1.));
#5594=DIRECTION('',(-2.42369357884412E-16,2.20787972497035E-16,1.));
#5595=DIRECTION('center_axis',(-1.,-5.41231109920118E-32,-2.42369357884412E-16));
#5596=DIRECTION('ref_axis',(-2.42369357884412E-16,0.,1.));
#5597=DIRECTION('',(0.,-1.,2.23308389577133E-16));
#5598=DIRECTION('',(-2.42369357884412E-16,2.20787972497035E-16,1.));
#5599=DIRECTION('',(-2.42369357884412E-16,2.20787972497035E-16,1.));
#5600=DIRECTION('center_axis',(1.,5.41231109920118E-32,2.42369357884412E-16));
#5601=DIRECTION('ref_axis',(2.42369357884412E-16,0.,-1.));
#5602=DIRECTION('',(-2.42369357884412E-16,2.20787972497035E-16,1.));
#5603=DIRECTION('',(-1.72521012730758E-48,1.,-2.23308389577133E-16));
#5604=DIRECTION('center_axis',(0.,1.,-2.20787972497035E-16));
#5605=DIRECTION('ref_axis',(0.,2.20787972497035E-16,1.));
#5606=DIRECTION('',(-2.42369357884412E-16,2.20787972497035E-16,1.));
#5607=DIRECTION('',(-1.,-5.46486444551995E-32,-2.47516401537377E-16));
#5608=DIRECTION('center_axis',(-1.,-5.41231109920118E-32,-2.42369357884412E-16));
#5609=DIRECTION('ref_axis',(-2.42369357884412E-16,0.,1.));
#5610=DIRECTION('',(-2.42369357884412E-16,2.20787972497035E-16,1.));
#5611=DIRECTION('',(1.72521012730758E-48,-1.,2.23308389577133E-16));
#5612=DIRECTION('',(-2.42369357884412E-16,2.20787972497035E-16,1.));
#5613=DIRECTION('center_axis',(-1.,-5.41231109920118E-32,-2.42369357884412E-16));
#5614=DIRECTION('ref_axis',(-2.42369357884412E-16,0.,1.));
#5615=DIRECTION('',(-2.42369357884412E-16,2.20787972497035E-16,1.));
#5616=DIRECTION('',(3.12402914944887E-48,-1.,2.23308389577133E-16));
#5617=DIRECTION('center_axis',(0.,1.,-2.20787972497035E-16));
#5618=DIRECTION('ref_axis',(0.,2.20787972497035E-16,1.));
#5619=DIRECTION('',(-2.42369357884412E-16,2.20787972497035E-16,1.));
#5620=DIRECTION('',(-1.,-5.46486444551995E-32,-2.47516401537377E-16));
#5621=DIRECTION('center_axis',(1.,5.41231109920118E-32,2.42369357884412E-16));
#5622=DIRECTION('ref_axis',(2.42369357884412E-16,0.,-1.));
#5623=DIRECTION('',(-2.42369357884412E-16,2.20787972497035E-16,1.));
#5624=DIRECTION('',(-3.12402914944887E-48,1.,-2.23308389577133E-16));
#5625=DIRECTION('',(-2.42369357884412E-16,2.20787972497035E-16,1.));
#5626=DIRECTION('center_axis',(1.,5.41231109920118E-32,2.42369357884412E-16));
#5627=DIRECTION('ref_axis',(2.42369357884412E-16,0.,-1.));
#5628=DIRECTION('',(-2.42369357884412E-16,2.20787972497035E-16,1.));
#5629=DIRECTION('',(-2.75622243885802E-48,1.,-2.23308389577133E-16));
#5630=DIRECTION('',(-2.42369357884412E-16,2.20787972497035E-16,1.));
#5631=DIRECTION('',(-2.42369357884412E-16,2.20787972497035E-16,1.));
#5632=DIRECTION('center_axis',(0.,1.,-2.20787972497035E-16));
#5633=DIRECTION('ref_axis',(0.,2.20787972497035E-16,1.));
#5634=DIRECTION('',(-2.42369357884412E-16,2.20787972497035E-16,1.));
#5635=DIRECTION('',(-1.,-5.46486444551995E-32,-2.47516401537377E-16));
#5636=DIRECTION('center_axis',(1.,5.41231109920118E-32,2.42369357884412E-16));
#5637=DIRECTION('ref_axis',(2.42369357884412E-16,0.,-1.));
#5638=DIRECTION('',(-2.42369357884412E-16,2.20787972497035E-16,1.));
#5639=DIRECTION('',(0.,1.,-2.23308389577133E-16));
#5640=DIRECTION('center_axis',(0.,-1.,2.20787972497035E-16));
#5641=DIRECTION('ref_axis',(0.,-2.20787972497035E-16,-1.));
#5642=DIRECTION('',(1.,5.46486444551995E-32,2.47516401537377E-16));
#5643=DIRECTION('center_axis',(-2.47516401537377E-16,2.23308389577133E-16,
1.));
#5644=DIRECTION('ref_axis',(1.,0.,2.47516401537377E-16));
#5645=DIRECTION('center_axis',(-1.,-5.41231109920118E-32,-2.42369357884412E-16));
#5646=DIRECTION('ref_axis',(-2.42369357884412E-16,0.,1.));
#5647=DIRECTION('',(-2.42369357884412E-16,2.20787972497035E-16,1.));
#5648=DIRECTION('',(3.12402914944887E-48,-1.,2.23308389577133E-16));
#5649=DIRECTION('',(-2.42369357884412E-16,2.20787972497035E-16,1.));
#5650=DIRECTION('center_axis',(0.,-1.,2.20787972497035E-16));
#5651=DIRECTION('ref_axis',(0.,-2.20787972497035E-16,-1.));
#5652=DIRECTION('',(1.,5.46486444551995E-32,2.47516401537377E-16));
#5653=DIRECTION('',(-2.42369357884412E-16,2.20787972497035E-16,1.));
#5654=DIRECTION('',(-2.42369357884412E-16,2.20787972497035E-16,1.));
#5655=DIRECTION('',(-2.42369357884412E-16,2.20787972497035E-16,1.));
#5656=DIRECTION('center_axis',(-1.,-5.41231109920118E-32,-2.42369357884412E-16));
#5657=DIRECTION('ref_axis',(-2.42369357884412E-16,0.,1.));
#5658=DIRECTION('',(2.75622243885802E-48,-1.,2.23308389577133E-16));
#5659=DIRECTION('',(-2.42369357884412E-16,2.20787972497035E-16,1.));
#5660=DIRECTION('',(-2.42369357884412E-16,2.20787972497035E-16,1.));
#5661=DIRECTION('center_axis',(-1.,-5.41231109920118E-32,-2.42369357884412E-16));
#5662=DIRECTION('ref_axis',(-2.42369357884412E-16,0.,1.));
#5663=DIRECTION('',(0.,-1.,2.23308389577133E-16));
#5664=DIRECTION('',(-2.42369357884412E-16,2.20787972497035E-16,1.));
#5665=DIRECTION('center_axis',(0.,-1.,2.20787972497035E-16));
#5666=DIRECTION('ref_axis',(0.,-2.20787972497035E-16,-1.));
#5667=DIRECTION('',(1.,5.46486444551995E-32,2.47516401537377E-16));
#5668=DIRECTION('',(-2.42369357884412E-16,2.20787972497035E-16,1.));
#5669=DIRECTION('center_axis',(1.,5.41231109920118E-32,2.42369357884412E-16));
#5670=DIRECTION('ref_axis',(2.42369357884412E-16,0.,-1.));
#5671=DIRECTION('',(-1.81316201615072E-48,1.,-2.23308389577133E-16));
#5672=DIRECTION('',(-2.42369357884412E-16,2.20787972497035E-16,1.));
#5673=DIRECTION('center_axis',(0.,1.,-2.20787972497035E-16));
#5674=DIRECTION('ref_axis',(0.,2.20787972497035E-16,1.));
#5675=DIRECTION('',(-1.,-5.46486444551995E-32,-2.47516401537377E-16));
#5676=DIRECTION('',(-2.42369357884412E-16,2.20787972497035E-16,1.));
#5677=DIRECTION('',(-2.42369357884412E-16,2.20787972497035E-16,1.));
#5678=DIRECTION('center_axis',(0.,1.,-2.20787972497035E-16));
#5679=DIRECTION('ref_axis',(0.,2.20787972497035E-16,1.));
#5680=DIRECTION('',(-1.,-5.46486444551995E-32,-2.47516401537377E-16));
#5681=DIRECTION('',(-2.42369357884412E-16,2.20787972497035E-16,1.));
#5682=DIRECTION('center_axis',(0.,1.,-2.20787972497035E-16));
#5683=DIRECTION('ref_axis',(0.,2.20787972497035E-16,1.));
#5684=DIRECTION('',(-2.42369357884412E-16,2.20787972497035E-16,1.));
#5685=DIRECTION('',(-1.,-5.46486444551995E-32,-2.47516401537377E-16));
#5686=DIRECTION('center_axis',(1.,5.41231109920118E-32,2.42369357884412E-16));
#5687=DIRECTION('ref_axis',(2.42369357884412E-16,0.,-1.));
#5688=DIRECTION('',(-2.42369357884412E-16,2.20787972497035E-16,1.));
#5689=DIRECTION('',(-3.61215870405026E-48,1.,-2.23308389577133E-16));
#5690=DIRECTION('center_axis',(0.,-1.,2.20787972497035E-16));
#5691=DIRECTION('ref_axis',(0.,-2.20787972497035E-16,-1.));
#5692=DIRECTION('',(-2.42369357884412E-16,2.20787972497035E-16,1.));
#5693=DIRECTION('',(1.,5.46486444551995E-32,2.47516401537377E-16));
#5694=DIRECTION('',(-2.42369357884412E-16,2.20787972497035E-16,1.));
#5695=DIRECTION('center_axis',(0.,-1.,2.20787972497035E-16));
#5696=DIRECTION('ref_axis',(0.,-2.20787972497035E-16,-1.));
#5697=DIRECTION('',(-2.42369357884412E-16,2.20787972497035E-16,1.));
#5698=DIRECTION('',(1.,5.46486444551995E-32,2.47516401537377E-16));
#5699=DIRECTION('center_axis',(1.,5.41231109920118E-32,2.42369357884412E-16));
#5700=DIRECTION('ref_axis',(2.42369357884412E-16,0.,-1.));
#5701=DIRECTION('',(-2.42369357884412E-16,2.20787972497035E-16,1.));
#5702=DIRECTION('',(-2.66487789117252E-48,1.,-2.23308389577133E-16));
#5703=DIRECTION('center_axis',(0.,1.,-2.20787972497035E-16));
#5704=DIRECTION('ref_axis',(0.,2.20787972497035E-16,1.));
#5705=DIRECTION('',(-2.42369357884412E-16,2.20787972497035E-16,1.));
#5706=DIRECTION('',(-1.,-5.46486444551995E-32,-2.47516401537377E-16));
#5707=DIRECTION('center_axis',(1.,5.41231109920118E-32,2.42369357884412E-16));
#5708=DIRECTION('ref_axis',(2.42369357884412E-16,0.,-1.));
#5709=DIRECTION('',(-2.42369357884412E-16,2.20787972497035E-16,1.));
#5710=DIRECTION('',(-2.78527900071345E-48,1.,-2.23308389577133E-16));
#5711=DIRECTION('center_axis',(0.,-1.,2.20787972497035E-16));
#5712=DIRECTION('ref_axis',(0.,-2.20787972497035E-16,-1.));
#5713=DIRECTION('',(-2.42369357884412E-16,2.20787972497035E-16,1.));
#5714=DIRECTION('',(1.,5.46486444551995E-32,2.47516401537377E-16));
#5715=DIRECTION('center_axis',(1.,5.41231109920118E-32,2.42369357884412E-16));
#5716=DIRECTION('ref_axis',(2.42369357884412E-16,0.,-1.));
#5717=DIRECTION('',(-2.36499393410963E-48,1.,-2.23308389577133E-16));
#5718=DIRECTION('center_axis',(-2.47516401537377E-16,2.23308389577133E-16,
1.));
#5719=DIRECTION('ref_axis',(1.,0.,2.47516401537377E-16));
#5720=DIRECTION('center_axis',(-1.,-5.41231109920118E-32,-2.42369357884412E-16));
#5721=DIRECTION('ref_axis',(-2.42369357884412E-16,0.,1.));
#5722=DIRECTION('',(1.40398454786857E-32,1.,-2.8123586688382E-16));
#5723=DIRECTION('',(-2.42369357884412E-16,2.20787972497035E-16,1.));
#5724=DIRECTION('',(-2.31178157059216E-48,1.,-2.23308389577133E-16));
#5725=DIRECTION('',(-2.42369357884412E-16,2.20787972497035E-16,1.));
#5726=DIRECTION('center_axis',(1.,5.41231109920118E-32,2.42369357884412E-16));
#5727=DIRECTION('ref_axis',(2.42369357884412E-16,0.,-1.));
#5728=DIRECTION('',(-2.42369357884412E-16,2.20787972497035E-16,1.));
#5729=DIRECTION('',(0.,1.,-2.23308389577133E-16));
#5730=DIRECTION('',(-2.42369357884412E-16,2.20787972497035E-16,1.));
#5731=DIRECTION('',(-2.42369357884412E-16,2.20787972497035E-16,1.));
#5732=DIRECTION('center_axis',(0.865712092221519,0.500542279314585,9.93083689055887E-17));
#5733=DIRECTION('ref_axis',(1.14712928002139E-16,0.,-1.));
#5734=DIRECTION('',(-0.500542279314585,0.865712092221519,-3.172131969447E-16));
#5735=DIRECTION('',(-2.42369357884412E-16,2.20787972497035E-16,1.));
#5736=DIRECTION('',(-2.42369357884412E-16,2.20787972497035E-16,1.));
#5737=DIRECTION('center_axis',(-1.,-5.41231109920118E-32,-2.42369357884412E-16));
#5738=DIRECTION('ref_axis',(-2.42369357884412E-16,0.,1.));
#5739=DIRECTION('',(3.12402914944887E-48,-1.,2.23308389577133E-16));
#5740=DIRECTION('',(-2.42369357884412E-16,2.20787972497035E-16,1.));
#5741=DIRECTION('',(-2.42369357884412E-16,2.20787972497035E-16,1.));
#5742=DIRECTION('center_axis',(-1.,-5.41231109920118E-32,-2.42369357884412E-16));
#5743=DIRECTION('ref_axis',(-2.42369357884412E-16,0.,1.));
#5744=DIRECTION('',(5.4635901225221E-48,-1.,2.23308389577133E-16));
#5745=DIRECTION('',(-2.42369357884412E-16,2.20787972497035E-16,1.));
#5746=DIRECTION('',(-2.42369357884412E-16,2.20787972497035E-16,1.));
#5747=DIRECTION('',(-2.42369357884412E-16,2.20787972497035E-16,1.));
#5748=DIRECTION('center_axis',(0.,-1.,2.20787972497035E-16));
#5749=DIRECTION('ref_axis',(0.,-2.20787972497035E-16,-1.));
#5750=DIRECTION('',(-2.42369357884412E-16,2.20787972497035E-16,1.));
#5751=DIRECTION('',(1.,5.46486444551995E-32,2.47516401537377E-16));
#5752=DIRECTION('center_axis',(1.,5.41231109920118E-32,2.42369357884412E-16));
#5753=DIRECTION('ref_axis',(2.42369357884412E-16,0.,-1.));
#5754=DIRECTION('',(-2.42369357884412E-16,2.20787972497035E-16,1.));
#5755=DIRECTION('',(-1.68743180335194E-48,1.,-2.23308389577133E-16));
#5756=DIRECTION('',(-2.42369357884412E-16,2.20787972497035E-16,1.));
#5757=DIRECTION('center_axis',(1.,5.41231109920118E-32,2.42369357884412E-16));
#5758=DIRECTION('ref_axis',(2.42369357884412E-16,0.,-1.));
#5759=DIRECTION('',(-2.42369357884412E-16,2.20787972497035E-16,1.));
#5760=DIRECTION('',(0.,1.,-2.23308389577133E-16));
#5761=DIRECTION('center_axis',(0.,-1.,2.20787972497035E-16));
#5762=DIRECTION('ref_axis',(0.,-2.20787972497035E-16,-1.));
#5763=DIRECTION('',(-2.42369357884412E-16,2.20787972497035E-16,1.));
#5764=DIRECTION('',(1.,5.46486444551995E-32,2.47516401537377E-16));
#5765=DIRECTION('center_axis',(-1.,-5.41231109920118E-32,-2.42369357884412E-16));
#5766=DIRECTION('ref_axis',(-2.42369357884412E-16,0.,1.));
#5767=DIRECTION('',(0.,-1.,2.23308389577133E-16));
#5768=DIRECTION('center_axis',(-2.47516401537377E-16,2.23308389577133E-16,
1.));
#5769=DIRECTION('ref_axis',(1.,0.,2.47516401537377E-16));
#5770=DIRECTION('center_axis',(-1.,-5.41231109920118E-32,-2.42369357884412E-16));
#5771=DIRECTION('ref_axis',(-2.42369357884412E-16,0.,1.));
#5772=DIRECTION('',(-2.42369357884412E-16,2.20787972497035E-16,1.));
#5773=DIRECTION('',(3.12402914944887E-48,-1.,2.23308389577133E-16));
#5774=DIRECTION('',(-2.42369357884412E-16,2.20787972497035E-16,1.));
#5775=DIRECTION('center_axis',(0.,-1.,2.20787972497035E-16));
#5776=DIRECTION('ref_axis',(0.,-2.20787972497035E-16,-1.));
#5777=DIRECTION('',(1.,5.46486444551995E-32,2.47516401537377E-16));
#5778=DIRECTION('',(-2.42369357884412E-16,2.20787972497035E-16,1.));
#5779=DIRECTION('',(-2.42369357884412E-16,2.20787972497035E-16,1.));
#5780=DIRECTION('',(-2.42369357884412E-16,2.20787972497035E-16,1.));
#5781=DIRECTION('center_axis',(-1.,-5.41231109920118E-32,-2.42369357884412E-16));
#5782=DIRECTION('ref_axis',(-2.42369357884412E-16,0.,1.));
#5783=DIRECTION('',(2.75622243885802E-48,-1.,2.23308389577133E-16));
#5784=DIRECTION('',(-2.42369357884412E-16,2.20787972497035E-16,1.));
#5785=DIRECTION('',(-2.42369357884412E-16,2.20787972497035E-16,1.));
#5786=DIRECTION('center_axis',(-1.,-5.41231109920118E-32,-2.42369357884412E-16));
#5787=DIRECTION('ref_axis',(-2.42369357884412E-16,0.,1.));
#5788=DIRECTION('',(0.,-1.,2.23308389577133E-16));
#5789=DIRECTION('',(-2.42369357884412E-16,2.20787972497035E-16,1.));
#5790=DIRECTION('center_axis',(0.,-1.,2.20787972497035E-16));
#5791=DIRECTION('ref_axis',(0.,-2.20787972497035E-16,-1.));
#5792=DIRECTION('',(1.,5.46486444551995E-32,2.47516401537377E-16));
#5793=DIRECTION('',(-2.42369357884412E-16,2.20787972497035E-16,1.));
#5794=DIRECTION('center_axis',(1.,5.41231109920118E-32,2.42369357884412E-16));
#5795=DIRECTION('ref_axis',(2.42369357884412E-16,0.,-1.));
#5796=DIRECTION('',(-1.81316201615072E-48,1.,-2.23308389577133E-16));
#5797=DIRECTION('',(-2.42369357884412E-16,2.20787972497035E-16,1.));
#5798=DIRECTION('center_axis',(0.,1.,-2.20787972497035E-16));
#5799=DIRECTION('ref_axis',(0.,2.20787972497035E-16,1.));
#5800=DIRECTION('',(-1.,-5.46486444551995E-32,-2.47516401537377E-16));
#5801=DIRECTION('',(-2.42369357884412E-16,2.20787972497035E-16,1.));
#5802=DIRECTION('',(-2.42369357884412E-16,2.20787972497035E-16,1.));
#5803=DIRECTION('center_axis',(0.,1.,-2.20787972497035E-16));
#5804=DIRECTION('ref_axis',(0.,2.20787972497035E-16,1.));
#5805=DIRECTION('',(-1.,-5.46486444551995E-32,-2.47516401537377E-16));
#5806=DIRECTION('',(-2.42369357884412E-16,2.20787972497035E-16,1.));
#5807=DIRECTION('center_axis',(0.,1.,-2.20787972497035E-16));
#5808=DIRECTION('ref_axis',(0.,2.20787972497035E-16,1.));
#5809=DIRECTION('',(-2.42369357884412E-16,2.20787972497035E-16,1.));
#5810=DIRECTION('',(-1.,-5.46486444551995E-32,-2.47516401537377E-16));
#5811=DIRECTION('center_axis',(1.,5.41231109920118E-32,2.42369357884412E-16));
#5812=DIRECTION('ref_axis',(2.42369357884412E-16,0.,-1.));
#5813=DIRECTION('',(-2.42369357884412E-16,2.20787972497035E-16,1.));
#5814=DIRECTION('',(-3.61215870405026E-48,1.,-2.23308389577133E-16));
#5815=DIRECTION('center_axis',(0.,-1.,2.20787972497035E-16));
#5816=DIRECTION('ref_axis',(0.,-2.20787972497035E-16,-1.));
#5817=DIRECTION('',(-2.42369357884412E-16,2.20787972497035E-16,1.));
#5818=DIRECTION('',(1.,5.46486444551995E-32,2.47516401537377E-16));
#5819=DIRECTION('',(-2.42369357884412E-16,2.20787972497035E-16,1.));
#5820=DIRECTION('center_axis',(0.,-1.,2.20787972497035E-16));
#5821=DIRECTION('ref_axis',(0.,-2.20787972497035E-16,-1.));
#5822=DIRECTION('',(-2.42369357884412E-16,2.20787972497035E-16,1.));
#5823=DIRECTION('',(1.,5.46486444551995E-32,2.47516401537377E-16));
#5824=DIRECTION('center_axis',(1.,5.41231109920118E-32,2.42369357884412E-16));
#5825=DIRECTION('ref_axis',(2.42369357884412E-16,0.,-1.));
#5826=DIRECTION('',(-2.42369357884412E-16,2.20787972497035E-16,1.));
#5827=DIRECTION('',(-2.66487789117252E-48,1.,-2.23308389577133E-16));
#5828=DIRECTION('center_axis',(0.,1.,-2.20787972497035E-16));
#5829=DIRECTION('ref_axis',(0.,2.20787972497035E-16,1.));
#5830=DIRECTION('',(-2.42369357884412E-16,2.20787972497035E-16,1.));
#5831=DIRECTION('',(-1.,-5.46486444551995E-32,-2.47516401537377E-16));
#5832=DIRECTION('center_axis',(1.,5.41231109920118E-32,2.42369357884412E-16));
#5833=DIRECTION('ref_axis',(2.42369357884412E-16,0.,-1.));
#5834=DIRECTION('',(-2.42369357884412E-16,2.20787972497035E-16,1.));
#5835=DIRECTION('',(-2.78527900071345E-48,1.,-2.23308389577133E-16));
#5836=DIRECTION('center_axis',(0.,-1.,2.20787972497035E-16));
#5837=DIRECTION('ref_axis',(0.,-2.20787972497035E-16,-1.));
#5838=DIRECTION('',(-2.42369357884412E-16,2.20787972497035E-16,1.));
#5839=DIRECTION('',(1.,5.46486444551995E-32,2.47516401537377E-16));
#5840=DIRECTION('center_axis',(1.,5.41231109920118E-32,2.42369357884412E-16));
#5841=DIRECTION('ref_axis',(2.42369357884412E-16,0.,-1.));
#5842=DIRECTION('',(-2.36499393410963E-48,1.,-2.23308389577133E-16));
#5843=DIRECTION('center_axis',(-2.47516401537377E-16,2.23308389577133E-16,
1.));
#5844=DIRECTION('ref_axis',(1.,0.,2.47516401537377E-16));
#5845=DIRECTION('center_axis',(2.44929359829471E-16,-2.8123586688382E-16,
-1.));
#5846=DIRECTION('ref_axis',(-1.,0.,-2.44929359829471E-16));
#5847=DIRECTION('center_axis',(1.,3.53133092116554E-16,6.11191665890806E-17));
#5848=DIRECTION('ref_axis',(6.11191665890806E-17,0.,-1.));
#5849=DIRECTION('',(8.65530101718044E-34,1.,-2.26792000859702E-16));
#5850=DIRECTION('center_axis',(1.,3.53133092116554E-16,6.11191665890806E-17));
#5851=DIRECTION('ref_axis',(-6.11191665890807E-17,2.22044604925031E-16,
1.));
#5852=DIRECTION('center_axis',(1.,7.32318356487945E-17,6.13457228869429E-17));
#5853=DIRECTION('ref_axis',(6.15722791848051E-17,-3.44509284839767E-16,
-1.));
#5854=DIRECTION('center_axis',(-1.,-3.21321346115382E-16,-6.11746184436005E-17));
#5855=DIRECTION('ref_axis',(-6.11191665890807E-17,2.22044604925031E-16,
1.));
#5856=DIRECTION('center_axis',(-8.65530101718044E-34,-1.,2.26792000859702E-16));
#5857=DIRECTION('ref_axis',(2.85995787358842E-7,-2.26792000859693E-16,-0.999999999999959));
#5858=DIRECTION('',(8.65530101718044E-34,1.,-2.26792000859702E-16));
#5859=DIRECTION('center_axis',(-6.87294879018267E-31,-1.,3.02693189464315E-15));
#5860=DIRECTION('ref_axis',(1.,5.40896121840867E-32,2.44929359829471E-16));
#5861=DIRECTION('center_axis',(2.89435579198264E-32,-1.,3.52658258974232E-17));
#5862=DIRECTION('ref_axis',(1.,5.40896121840867E-32,2.44929359829471E-16));
#5863=DIRECTION('',(-8.65530101718044E-34,-1.,2.26792000859702E-16));
#5864=DIRECTION('',(8.65530101718044E-34,1.,-2.26792000859702E-16));
#5865=DIRECTION('center_axis',(-1.,-3.21321346115382E-16,-6.11746184436005E-17));
#5866=DIRECTION('ref_axis',(-6.11746184436005E-17,0.,1.));
#5867=DIRECTION('center_axis',(-1.,-3.21321346115382E-16,-6.11746184436005E-17));
#5868=DIRECTION('ref_axis',(6.11746184436006E-17,-2.22044604925031E-16,
-1.));
#5869=DIRECTION('',(-6.11746184436015E-17,3.02693189464315E-15,1.));
#5870=DIRECTION('center_axis',(-1.,-8.04819999563425E-17,-6.12901159344601E-17));
#5871=DIRECTION('ref_axis',(6.11746184436006E-17,-2.22044604925031E-16,
-1.));
#5872=DIRECTION('',(-1.,-8.04819999563425E-17,-6.12901159344601E-17));
#5873=DIRECTION('center_axis',(-1.,-8.04819999563425E-17,-6.12901159344601E-17));
#5874=DIRECTION('ref_axis',(6.11746184436006E-17,-2.22044604925031E-16,
-1.));
#5875=DIRECTION('center_axis',(-6.87294879018267E-31,-1.,3.02693189464315E-15));
#5876=DIRECTION('ref_axis',(0.,-3.02693189464315E-15,-1.));
#5877=DIRECTION('center_axis',(2.89435579198264E-32,-1.,3.52658258974232E-17));
#5878=DIRECTION('ref_axis',(0.,-3.52658258974232E-17,-1.));
#5879=DIRECTION('center_axis',(2.89435579198264E-32,-1.,3.52658258974232E-17));
#5880=DIRECTION('ref_axis',(1.,5.43852429378756E-32,2.44929359829471E-16));
#5881=DIRECTION('',(-1.,-3.44121213944561E-32,-1.55066933368753E-16));
#5882=DIRECTION('center_axis',(1.55066933368753E-16,-2.02083782622313E-16,
-1.));
#5883=DIRECTION('ref_axis',(-1.,0.,-1.55066933368753E-16));
#5884=DIRECTION('',(-2.43900472846376E-33,-1.,2.32002597426061E-16));
#5885=DIRECTION('',(-1.,-9.31018376128579E-17,-6.12323399573676E-17));
#5886=DIRECTION('center_axis',(0.,1.,0.));
#5887=DIRECTION('ref_axis',(0.,0.,1.));
#5888=DIRECTION('center_axis',(-2.43900472846385E-31,-1.,1.21784385502799E-15));
#5889=DIRECTION('ref_axis',(0.,-1.21784385502799E-15,-1.));
#5890=DIRECTION('center_axis',(-1.,0.,0.));
#5891=DIRECTION('ref_axis',(0.,0.,-1.));
#5892=DIRECTION('center_axis',(0.,-1.,9.9579925010296E-17));
#5893=DIRECTION('ref_axis',(1.,0.,0.));
#5894=DIRECTION('center_axis',(1.,1.39459599079841E-16,6.12323399573676E-17));
#5895=DIRECTION('ref_axis',(6.12323399573677E-17,-2.22044604925031E-16,
-1.));
#5896=DIRECTION('center_axis',(1.,2.77766639489601E-16,6.12323399573676E-17));
#5897=DIRECTION('ref_axis',(6.12323399573677E-17,-2.22044604925031E-16,
-1.));
#5898=DIRECTION('center_axis',(-1.,-2.77766639489601E-16,-6.12323399573676E-17));
#5899=DIRECTION('ref_axis',(6.12323399573677E-17,-2.22044604925031E-16,
-1.));
#5900=DIRECTION('center_axis',(-2.43900472846376E-33,-1.,2.32002597426061E-16));
#5901=DIRECTION('ref_axis',(2.8599578824702E-7,-2.32002597426051E-16,-0.999999999999959));
#5902=DIRECTION('',(-2.43900472846376E-33,-1.,2.32002597426061E-16));
#5903=DIRECTION('center_axis',(-1.,-9.31018376128579E-17,-6.12323399573676E-17));
#5904=DIRECTION('ref_axis',(6.12323399573677E-17,-2.22044604925031E-16,
-1.));
#5905=DIRECTION('center_axis',(1.,2.77766639489601E-16,6.12323399573676E-17));
#5906=DIRECTION('ref_axis',(6.12323399573677E-17,-2.22044604925031E-16,
-1.));
#5907=DIRECTION('center_axis',(-1.,-2.77766639489601E-16,-6.12323399573676E-17));
#5908=DIRECTION('ref_axis',(6.12323399573677E-17,-2.22044604925031E-16,
-1.));
#5909=DIRECTION('center_axis',(-1.,-1.39459599079841E-16,-6.12323399573676E-17));
#5910=DIRECTION('ref_axis',(6.12323399573677E-17,-2.22044604925031E-16,
-1.));
#5911=DIRECTION('center_axis',(1.,1.39459599079841E-16,6.12323399573676E-17));
#5912=DIRECTION('ref_axis',(6.12323399573677E-17,-2.22044604925031E-16,
-1.));
#5913=DIRECTION('center_axis',(-1.,-2.77766639489601E-16,-6.12323399573676E-17));
#5914=DIRECTION('ref_axis',(-6.12323399573676E-17,0.,1.));
#5915=DIRECTION('center_axis',(5.43852429378756E-31,-1.,-1.99840144432528E-15));
#5916=DIRECTION('ref_axis',(0.,1.99840144432528E-15,-1.));
#5917=DIRECTION('center_axis',(5.43852429378756E-31,-1.,-1.99840144432528E-15));
#5918=DIRECTION('ref_axis',(-1.,-5.43852429378756E-32,-2.44929359829471E-16));
#5919=DIRECTION('',(-2.44929359829471E-16,-1.99840144432528E-15,1.));
#5920=DIRECTION('center_axis',(-5.43852429378756E-31,1.,1.99840144432528E-15));
#5921=DIRECTION('ref_axis',(1.,-2.47403393767141E-17,2.56479993583549E-16));
#5922=DIRECTION('center_axis',(2.44929359829471E-16,-2.40958594378532E-16,
-1.));
#5923=DIRECTION('ref_axis',(-1.,0.,-2.44929359829471E-16));
#5924=DIRECTION('',(4.63983236279371E-33,1.,-2.40958594378532E-16));
#5925=DIRECTION('',(1.,5.43852429378756E-32,2.44929359829471E-16));
#5926=DIRECTION('',(4.63259132866735E-33,1.,-2.40958594378532E-16));
#5927=DIRECTION('',(-1.,-5.43852429378756E-32,-2.44929359829471E-16));
#5928=DIRECTION('center_axis',(-4.85533742588298E-32,-1.,4.20278799031587E-16));
#5929=DIRECTION('ref_axis',(0.,-4.20278799031587E-16,-1.));
#5930=DIRECTION('',(2.45553399263517E-16,-1.82304840799958E-16,-1.));
#5931=DIRECTION('',(2.44929359829471E-16,-4.20278799031587E-16,-1.));
#5932=DIRECTION('',(-1.,-5.43852429378756E-32,-2.44929359829471E-16));
#5933=DIRECTION('center_axis',(-1.,-5.44042682602427E-32,-2.45038367588921E-16));
#5934=DIRECTION('ref_axis',(1.64738098595727E-32,-1.,2.04026470848596E-16));
#5935=DIRECTION('',(-1.,-5.43852429378756E-32,-2.44929359829471E-16));
#5936=DIRECTION('center_axis',(-1.,-5.43852429378756E-32,-2.44929359829471E-16));
#5937=DIRECTION('ref_axis',(4.63259132866735E-33,1.,-2.40958594378532E-16));
#5938=DIRECTION('center_axis',(4.85533742588298E-32,1.,-4.20278799031587E-16));
#5939=DIRECTION('ref_axis',(-2.44929359829471E-16,4.20278799031587E-16,
1.));
#5940=DIRECTION('',(-4.63259132866735E-33,-1.,2.40958594378532E-16));
#5941=DIRECTION('center_axis',(-4.85533742588298E-32,-1.,4.20278799031587E-16));
#5942=DIRECTION('ref_axis',(2.44929359829471E-16,-4.20278799031587E-16,
-1.));
#5943=DIRECTION('center_axis',(-2.44929359829471E-16,2.40958594378532E-16,
1.));
#5944=DIRECTION('ref_axis',(-4.63259132866735E-33,-1.,2.40958594378532E-16));
#5945=DIRECTION('center_axis',(-1.,-5.43852429378756E-32,-2.44929359829471E-16));
#5946=DIRECTION('ref_axis',(4.63259132866735E-33,1.,-2.40958594378532E-16));
#5947=DIRECTION('',(-2.44929359829471E-16,4.20278799031587E-16,1.));
#5948=DIRECTION('center_axis',(-2.44929359829471E-16,2.40958594378532E-16,
1.));
#5949=DIRECTION('ref_axis',(-4.63259132866735E-33,-1.,2.40958594378532E-16));
#5950=DIRECTION('center_axis',(1.,5.43852429378756E-32,2.44929359829471E-16));
#5951=DIRECTION('ref_axis',(2.44929359829471E-16,0.,-1.));
#5952=DIRECTION('',(2.44929359829471E-16,-4.20278799031587E-16,-1.));
#5953=DIRECTION('center_axis',(-5.43852429378756E-31,1.,1.99840144432528E-15));
#5954=DIRECTION('ref_axis',(-1.,-5.43852429378756E-32,-2.44929359829471E-16));
#5955=DIRECTION('center_axis',(5.43852429378756E-31,-1.,-1.99840144432528E-15));
#5956=DIRECTION('ref_axis',(-1.,-5.43852429378756E-32,-2.44929359829471E-16));
#5957=DIRECTION('center_axis',(-5.43852429378756E-31,1.,1.99840144432528E-15));
#5958=DIRECTION('ref_axis',(-1.,-5.43852429378756E-32,-2.44929359829471E-16));
#5959=DIRECTION('center_axis',(5.43852429378756E-31,-1.,-1.99840144432528E-15));
#5960=DIRECTION('ref_axis',(0.,1.99840144432528E-15,-1.));
#5961=DIRECTION('center_axis',(5.43852429378756E-31,-1.,-1.99840144432528E-15));
#5962=DIRECTION('ref_axis',(1.,-2.47403393767141E-17,2.56479993583549E-16));
#5963=DIRECTION('',(2.44929359829471E-16,1.99840144432528E-15,-1.));
#5964=DIRECTION('center_axis',(-4.85533742588298E-32,-1.,4.20278799031587E-16));
#5965=DIRECTION('ref_axis',(0.,-4.20278799031587E-16,-1.));
#5966=DIRECTION('',(-2.45553399263517E-16,1.82304840799958E-16,1.));
#5967=DIRECTION('',(1.,5.43852429378756E-32,2.44929359829471E-16));
#5968=DIRECTION('',(-2.44929359829471E-16,4.20278799031587E-16,1.));
#5969=DIRECTION('center_axis',(-4.49927934798558E-32,-1.,4.05741624797134E-16));
#5970=DIRECTION('ref_axis',(0.,-4.05741624797134E-16,-1.));
#5971=DIRECTION('',(2.44929359829471E-16,-4.05741624797134E-16,-1.));
#5972=DIRECTION('',(1.,5.43852429378756E-32,2.44929359829471E-16));
#5973=DIRECTION('',(-2.44929359829471E-16,4.05741624797134E-16,1.));
#5974=DIRECTION('',(-1.,-5.43852429378756E-32,-2.44929359829471E-16));
#5975=DIRECTION('center_axis',(-1.,-5.43852429378756E-32,-2.44929359829471E-16));
#5976=DIRECTION('ref_axis',(4.99919927553954E-33,1.,-2.42455384910821E-16));
#5977=DIRECTION('center_axis',(1.,5.43852429378756E-32,2.44929359829471E-16));
#5978=DIRECTION('ref_axis',(-4.99919927553954E-33,-1.,2.42455384910821E-16));
#5979=DIRECTION('center_axis',(-2.44929359829471E-16,2.42455384910821E-16,
1.));
#5980=DIRECTION('ref_axis',(1.,5.43852429378756E-32,2.44929359829471E-16));
#5981=DIRECTION('center_axis',(2.44929359829471E-16,-2.42455384910821E-16,
-1.));
#5982=DIRECTION('ref_axis',(-1.,-5.43852429378756E-32,-2.44929359829471E-16));
#5983=DIRECTION('center_axis',(1.,5.43852429378756E-32,2.44929359829471E-16));
#5984=DIRECTION('ref_axis',(4.99919927553954E-33,1.,-2.42455384910821E-16));
#5985=DIRECTION('center_axis',(4.49927934798558E-32,1.,-4.05741624797134E-16));
#5986=DIRECTION('ref_axis',(-1.,-5.43852429378756E-32,-2.44929359829471E-16));
#5987=DIRECTION('',(-4.99919927553954E-33,-1.,2.42455384910821E-16));
#5988=DIRECTION('center_axis',(-4.49927934798558E-32,-1.,4.05741624797134E-16));
#5989=DIRECTION('ref_axis',(1.,5.43852429378756E-32,2.44929359829471E-16));
#5990=DIRECTION('',(4.99919927553954E-33,1.,-2.42455384910821E-16));
#5991=DIRECTION('center_axis',(-2.44929359829471E-16,2.42455384910821E-16,
1.));
#5992=DIRECTION('ref_axis',(1.,5.43852429378756E-32,2.44929359829471E-16));
#5993=DIRECTION('',(2.44929359829471E-16,-4.05741624797134E-16,-1.));
#5994=DIRECTION('center_axis',(2.44929359829471E-16,-2.42455384910821E-16,
-1.));
#5995=DIRECTION('ref_axis',(-1.,-5.43852429378756E-32,-2.44929359829471E-16));
#5996=DIRECTION('center_axis',(-2.44929359829471E-16,2.42455384910821E-16,
1.));
#5997=DIRECTION('ref_axis',(1.,5.43852429378756E-32,2.44929359829471E-16));
#5998=DIRECTION('center_axis',(-1.,-5.43852429378756E-32,-2.44929359829471E-16));
#5999=DIRECTION('ref_axis',(-4.99919927553954E-33,-1.,2.42455384910821E-16));
#6000=DIRECTION('center_axis',(-4.49927934798558E-32,-1.,4.05741624797134E-16));
#6001=DIRECTION('ref_axis',(-1.,-5.43852429378756E-32,-2.44929359829471E-16));
#6002=DIRECTION('center_axis',(2.44929359829471E-16,-2.42455384910821E-16,
-1.));
#6003=DIRECTION('ref_axis',(1.,5.43852429378756E-32,2.44929359829471E-16));
#6004=DIRECTION('center_axis',(-1.,-5.43852429378756E-32,-2.44929359829471E-16));
#6005=DIRECTION('ref_axis',(-4.99919927553954E-33,-1.,2.42455384910821E-16));
#6006=DIRECTION('',(1.,5.43852429378756E-32,2.44929359829471E-16));
#6007=DIRECTION('center_axis',(-2.44929359829471E-16,2.42455384910821E-16,
1.));
#6008=DIRECTION('ref_axis',(1.,0.,2.44929359829471E-16));
#6009=DIRECTION('',(-1.,-5.43852429378756E-32,-2.44929359829471E-16));
#6010=DIRECTION('',(1.,5.43852429378756E-32,2.44929359829471E-16));
#6011=DIRECTION('center_axis',(-4.49927934798558E-32,-1.,4.05741624797134E-16));
#6012=DIRECTION('ref_axis',(0.,-4.05741624797134E-16,-1.));
#6013=DIRECTION('',(2.44929359829471E-16,-4.05741624797134E-16,-1.));
#6014=DIRECTION('',(-2.44929359829471E-16,4.05741624797134E-16,1.));
#6015=DIRECTION('center_axis',(-2.44929359829471E-16,2.42455384910821E-16,
1.));
#6016=DIRECTION('ref_axis',(-1.,-5.43852429378756E-32,-2.44929359829471E-16));
#6017=DIRECTION('center_axis',(4.49927934798558E-32,1.,-4.05741624797134E-16));
#6018=DIRECTION('ref_axis',(1.,5.43852429378756E-32,2.44929359829471E-16));
#6019=DIRECTION('center_axis',(2.44929359829471E-16,-2.8123586688382E-16,
-1.));
#6020=DIRECTION('ref_axis',(-1.,0.,-2.44929359829471E-16));
#6021=DIRECTION('center_axis',(2.45035121842601E-16,-2.81318053173672E-16,
-1.));
#6022=DIRECTION('ref_axis',(-1.,0.,-2.45035121842602E-16));
#6023=DIRECTION('',(-1.4495655279591E-32,-1.,2.81318053173672E-16));
#6024=DIRECTION('center_axis',(0.881566135511633,-1.32799150690672E-16,
-0.472060535015464));
#6025=DIRECTION('ref_axis',(-0.472060535015464,0.,-0.881566135511633));
#6026=DIRECTION('',(-4.99919927553954E-33,-1.,2.42455384910821E-16));
#6027=DIRECTION('',(-4.99919927553954E-33,-1.,2.42455384910821E-16));
#6028=DIRECTION('center_axis',(5.43852429378757E-33,-1.,1.99840144432528E-16));
#6029=DIRECTION('ref_axis',(-1.,-5.43852429378756E-32,-2.44929359829471E-16));
#6030=DIRECTION('',(5.43852429378757E-33,-1.,1.99840144432528E-16));
#6031=DIRECTION('',(5.43852429378757E-33,-1.,1.99840144432528E-16));
#6032=DIRECTION('',(5.43852429378757E-33,-1.,1.99840144432528E-16));
#6033=DIRECTION('center_axis',(-1.,-5.44042682602427E-32,-2.45038367588921E-16));
#6034=DIRECTION('ref_axis',(0.,-1.,2.41122192821068E-16));
#6035=DIRECTION('',(1.,5.43852429378756E-32,2.44929359829471E-16));
#6036=DIRECTION('center_axis',(-4.85533742588298E-32,-1.,4.20278799031587E-16));
#6037=DIRECTION('ref_axis',(0.,-4.20278799031587E-16,-1.));
#6038=DIRECTION('',(2.45038367588921E-16,-4.20278799031587E-16,-1.));
#6039=DIRECTION('',(-0.819114481031171,2.4108456048225E-16,0.573630078504462));
#6040=DIRECTION('',(-2.45553399263517E-16,1.82304840799958E-16,1.));
#6041=DIRECTION('center_axis',(-2.45553399263517E-16,1.82304840799958E-16,
1.));
#6042=DIRECTION('ref_axis',(-1.,1.22464679914735E-16,-2.46799892223141E-16));
#6043=DIRECTION('center_axis',(2.27567382992601E-16,-2.22248044093295E-16,
-1.));
#6044=DIRECTION('ref_axis',(1.,5.43852429378756E-32,2.44306906303892E-16));
#6045=DIRECTION('',(-2.45553399263517E-16,1.82304840799958E-16,1.));
#6046=DIRECTION('center_axis',(-0.573630078504462,-2.30431691130052E-16,
-0.819114481031171));
#6047=DIRECTION('ref_axis',(0.819114481031171,-1.04575540139823E-16,-0.573630078504462));
#6048=DIRECTION('',(2.45553399263517E-16,-1.82304840799958E-16,-1.));
#6049=DIRECTION('center_axis',(2.27567382992601E-16,-2.22248044093295E-16,
-1.));
#6050=DIRECTION('ref_axis',(1.,5.43852429378756E-32,2.44306906303892E-16));
#6051=DIRECTION('',(2.45553399263517E-16,-1.82304840799958E-16,-1.));
#6052=DIRECTION('',(-2.45553399263517E-16,1.82304840799958E-16,1.));
#6053=DIRECTION('center_axis',(-4.85533742588298E-32,-1.,4.20278799031587E-16));
#6054=DIRECTION('ref_axis',(0.,-4.20278799031587E-16,-1.));
#6055=DIRECTION('',(-2.45038367588921E-16,4.20278799031587E-16,1.));
#6056=DIRECTION('',(2.45553399263517E-16,-1.82304840799958E-16,-1.));
#6057=DIRECTION('',(0.819114481031171,-2.4108456048225E-16,-0.573630078504462));
#6058=DIRECTION('center_axis',(-0.573630078504462,-2.30431691130052E-16,
-0.819114481031171));
#6059=DIRECTION('ref_axis',(-0.819114481031171,0.,0.573630078504462));
#6060=DIRECTION('',(1.4529448262727E-32,1.,-2.81318053173672E-16));
#6061=DIRECTION('center_axis',(-0.573630078504462,-2.30431691130052E-16,
-0.819114481031171));
#6062=DIRECTION('ref_axis',(-0.819114481031171,0.,0.573630078504462));
#6063=DIRECTION('',(1.4529448262727E-32,1.,-2.81318053173672E-16));
#6064=DIRECTION('center_axis',(-0.573630078504462,-2.30431691130052E-16,
-0.819114481031171));
#6065=DIRECTION('ref_axis',(0.819114481031171,-1.04575540139823E-16,-0.573630078504462));
#6066=DIRECTION('center_axis',(-1.213666681578E-32,-1.,2.71639499533154E-16));
#6067=DIRECTION('ref_axis',(0.,-2.71639499533154E-16,-1.));
#6068=DIRECTION('',(-2.45038367588921E-16,2.71639499533154E-16,1.));
#6069=DIRECTION('',(1.,-3.30536285181741E-17,2.27567382992601E-16));
#6070=DIRECTION('',(-2.44929359829471E-16,2.21841351978857E-16,1.));
#6071=DIRECTION('center_axis',(1.,5.44042682602427E-32,2.45038367588921E-16));
#6072=DIRECTION('ref_axis',(2.45038367588921E-16,0.,-1.));
#6073=DIRECTION('',(5.5029664208787E-35,1.,-2.22248044093295E-16));
#6074=DIRECTION('center_axis',(1.,5.44042682602427E-32,2.45038367588921E-16));
#6075=DIRECTION('ref_axis',(2.45038367588921E-16,0.,-1.));
#6076=DIRECTION('',(5.5029664208787E-35,1.,-2.22248044093295E-16));
#6077=DIRECTION('',(-2.45553399263517E-16,1.82304840799958E-16,1.));
#6078=DIRECTION('center_axis',(-2.45553399263517E-16,1.82304840799958E-16,
1.));
#6079=DIRECTION('ref_axis',(-1.,-1.22464679914735E-16,-2.46799892223141E-16));
#6080=DIRECTION('center_axis',(2.27567382992601E-16,-2.22248044093295E-16,
-1.));
#6081=DIRECTION('ref_axis',(1.,5.43852429378756E-32,2.44306906303892E-16));
#6082=DIRECTION('',(2.45553399263517E-16,-1.82304840799958E-16,-1.));
#6083=DIRECTION('',(-2.45553399263517E-16,1.82304840799958E-16,1.));
#6084=DIRECTION('center_axis',(2.27567382992601E-16,-2.22248044093295E-16,
-1.));
#6085=DIRECTION('ref_axis',(1.,5.43852429378756E-32,2.44306906303892E-16));
#6086=DIRECTION('center_axis',(1.,5.43852429378756E-32,2.44929359829471E-16));
#6087=DIRECTION('ref_axis',(2.44929359829471E-16,0.,-1.));
#6088=DIRECTION('',(-4.98282252470824E-35,-1.,2.22248044093295E-16));
#6089=DIRECTION('',(2.44929359829471E-16,-2.21841351978857E-16,-1.));
#6090=DIRECTION('',(-4.98282252470824E-35,-1.,2.22248044093295E-16));
#6091=DIRECTION('center_axis',(1.,5.43852429378756E-32,2.44929359829471E-16));
#6092=DIRECTION('ref_axis',(2.44929359829471E-16,0.,-1.));
#6093=DIRECTION('',(-4.98282252470824E-35,-1.,2.22248044093295E-16));
#6094=DIRECTION('center_axis',(-1.213666681578E-32,-1.,2.71639499533154E-16));
#6095=DIRECTION('ref_axis',(0.,-2.71639499533154E-16,-1.));
#6096=DIRECTION('',(-1.,3.30536285181741E-17,-2.27567382992601E-16));
#6097=DIRECTION('center_axis',(2.27567382992601E-16,-2.22248044093295E-16,
-1.));
#6098=DIRECTION('ref_axis',(-1.,0.,-2.27567382992601E-16));
#6099=DIRECTION('center_axis',(2.27567382992601E-16,-2.22248044093295E-16,
-1.));
#6100=DIRECTION('ref_axis',(-1.,0.,-2.27567382992601E-16));
#6101=DIRECTION('center_axis',(2.27567382992601E-16,-2.22248044093295E-16,
-1.));
#6102=DIRECTION('ref_axis',(-1.,0.,-2.27567382992601E-16));
#6103=DIRECTION('center_axis',(-8.65530101717858E-34,1.,-2.19724411230426E-16));
#6104=DIRECTION('ref_axis',(2.85995788002091E-7,-2.19724411230417E-16,-0.999999999999959));
#6105=DIRECTION('center_axis',(-1.,3.53133092116554E-16,-6.11191665890808E-17));
#6106=DIRECTION('ref_axis',(-6.11191665890808E-17,0.,1.));
#6107=DIRECTION('',(-8.65530101717858E-34,1.,-2.19724411230426E-16));
#6108=DIRECTION('center_axis',(-1.,3.53133092116554E-16,-6.11191665890808E-17));
#6109=DIRECTION('ref_axis',(-6.11191665890807E-17,2.22044604925031E-16,
1.));
#6110=DIRECTION('center_axis',(-1.,7.32318356487944E-17,-6.13457228869429E-17));
#6111=DIRECTION('ref_axis',(6.1572279184805E-17,-2.12086612424002E-15,-1.));
#6112=DIRECTION('center_axis',(-1.,3.21321346115382E-16,-6.11746184436007E-17));
#6113=DIRECTION('ref_axis',(-6.11191665890807E-17,2.22044604925031E-16,
1.));
#6114=DIRECTION('center_axis',(-8.65530101717858E-34,1.,-2.19724411230426E-16));
#6115=DIRECTION('ref_axis',(8.4117094861807E-17,-2.19724411230426E-16,-1.));
#6116=DIRECTION('',(-8.65530101717858E-34,1.,-2.19724411230426E-16));
#6117=DIRECTION('',(8.65530101717858E-34,-1.,2.19724411230426E-16));
#6118=DIRECTION('center_axis',(2.43900472846385E-31,-1.,-7.73754645177929E-16));
#6119=DIRECTION('ref_axis',(1.,5.40896121840867E-32,2.44929359829471E-16));
#6120=DIRECTION('',(-8.65530101717858E-34,1.,-2.19724411230426E-16));
#6121=DIRECTION('center_axis',(6.87294879018267E-31,-1.,-2.58525669309324E-15));
#6122=DIRECTION('ref_axis',(1.,5.40896121840867E-32,2.44929359829471E-16));
#6123=DIRECTION('',(-8.65530101717858E-34,1.,-2.19724411230426E-16));
#6124=DIRECTION('center_axis',(1.,-8.04819999563424E-17,6.12901159344601E-17));
#6125=DIRECTION('ref_axis',(6.11746184436006E-17,-2.22044604925031E-16,
-1.));
#6126=DIRECTION('center_axis',(1.,-3.21321346115382E-16,6.11746184436007E-17));
#6127=DIRECTION('ref_axis',(6.11746184436006E-17,-2.22044604925031E-16,
-1.));
#6128=DIRECTION('',(-1.,8.04819999563425E-17,-6.12901159344601E-17));
#6129=DIRECTION('center_axis',(-1.,8.04819999563424E-17,-6.12901159344601E-17));
#6130=DIRECTION('ref_axis',(6.11746184436006E-17,-2.22044604925031E-16,
-1.));
#6131=DIRECTION('',(1.,-8.04819999563425E-17,6.12901159344601E-17));
#6132=DIRECTION('center_axis',(1.,-3.21321346115382E-16,6.11746184436007E-17));
#6133=DIRECTION('ref_axis',(6.11746184436007E-17,0.,-1.));
#6134=DIRECTION('',(6.11746184436015E-17,2.58525669309324E-15,-1.));
#6135=DIRECTION('',(3.21321346115382E-16,1.,-2.42259069802168E-16));
#6136=DIRECTION('center_axis',(-1.,1.39459599079841E-16,-6.12323399573677E-17));
#6137=DIRECTION('ref_axis',(6.12323399573677E-17,-2.22044604925031E-16,
-1.));
#6138=DIRECTION('center_axis',(1.,-2.77766639489601E-16,6.12323399573677E-17));
#6139=DIRECTION('ref_axis',(6.12323399573677E-17,-2.22044604925031E-16,
-1.));
#6140=DIRECTION('center_axis',(-1.55066933368753E-16,2.42259069802168E-16,
1.));
#6141=DIRECTION('ref_axis',(1.,0.,1.55066933368753E-16));
#6142=DIRECTION('center_axis',(1.55066933368753E-16,-2.42259069802168E-16,
-1.));
#6143=DIRECTION('ref_axis',(0.,-1.,2.42259069802168E-16));
#6144=DIRECTION('',(-1.,9.31018376128579E-17,-6.12323399573677E-17));
#6145=DIRECTION('',(-1.,-2.86407051649255E-31,-1.55066933368753E-16));
#6146=DIRECTION('',(1.,1.23916712838816E-31,1.55066933368753E-16));
#6147=DIRECTION('',(-2.43900472846382E-33,1.,-2.12086612424002E-16));
#6148=DIRECTION('center_axis',(6.87294879018267E-31,-1.,-2.58525669309324E-15));
#6149=DIRECTION('ref_axis',(0.,2.58525669309324E-15,-1.));
#6150=DIRECTION('center_axis',(-1.55066933368753E-16,2.42259069802168E-16,
1.));
#6151=DIRECTION('ref_axis',(1.,0.,1.55066933368753E-16));
#6152=DIRECTION('',(1.,-9.31018376128579E-17,6.12323399573677E-17));
#6153=DIRECTION('',(2.43900472846382E-33,-1.,2.12086612424002E-16));
#6154=DIRECTION('',(1.,1.23916712838816E-31,1.55066933368753E-16));
#6155=DIRECTION('center_axis',(2.43900472846385E-31,-1.,-7.73754645177929E-16));
#6156=DIRECTION('ref_axis',(0.,7.73754645177929E-16,-1.));
#6157=DIRECTION('center_axis',(2.43900472846385E-31,-1.,-7.73754645177929E-16));
#6158=DIRECTION('ref_axis',(1.,5.43852429378756E-32,2.44929359829471E-16));
#6159=DIRECTION('center_axis',(-2.43900472846382E-33,1.,-2.12086612424002E-16));
#6160=DIRECTION('ref_axis',(8.4117094861807E-17,-2.12086612424002E-16,-1.));
#6161=DIRECTION('',(2.43900472846382E-33,-1.,2.12086612424002E-16));
#6162=DIRECTION('center_axis',(-2.43900472846385E-31,1.,7.73754645177929E-16));
#6163=DIRECTION('ref_axis',(0.,-7.73754645177929E-16,1.));
#6164=DIRECTION('center_axis',(2.43900472846385E-31,-1.,-7.73754645177929E-16));
#6165=DIRECTION('ref_axis',(1.,5.43852429378756E-32,2.44929359829471E-16));
#6166=DIRECTION('center_axis',(1.,-9.31018376128579E-17,6.12323399573677E-17));
#6167=DIRECTION('ref_axis',(6.12323399573677E-17,-2.22044604925031E-16,
-1.));
#6168=DIRECTION('center_axis',(-1.,2.77766639489601E-16,-6.12323399573677E-17));
#6169=DIRECTION('ref_axis',(6.12323399573677E-17,-2.22044604925031E-16,
-1.));
#6170=DIRECTION('center_axis',(-1.,2.77766639489601E-16,-6.12323399573677E-17));
#6171=DIRECTION('ref_axis',(6.12323399573677E-17,-2.22044604925031E-16,
-1.));
#6172=DIRECTION('center_axis',(1.,-1.39459599079841E-16,6.12323399573677E-17));
#6173=DIRECTION('ref_axis',(6.12323399573677E-17,-2.22044604925031E-16,
-1.));
#6174=DIRECTION('center_axis',(1.,-2.77766639489601E-16,6.12323399573677E-17));
#6175=DIRECTION('ref_axis',(6.12323399573677E-17,0.,-1.));
#6176=DIRECTION('center_axis',(1.,-2.77766639489601E-16,6.12323399573677E-17));
#6177=DIRECTION('ref_axis',(6.12323399573677E-17,-2.22044604925031E-16,
-1.));
#6178=DIRECTION('center_axis',(0.,-1.,0.));
#6179=DIRECTION('ref_axis',(0.,0.,1.));
#6180=DIRECTION('center_axis',(1.,0.,0.));
#6181=DIRECTION('ref_axis',(0.,0.,-1.));
#6182=DIRECTION('center_axis',(1.,-1.39459599079841E-16,6.12323399573677E-17));
#6183=DIRECTION('ref_axis',(6.12323399573677E-17,-2.22044604925031E-16,
-1.));
#6184=CARTESIAN_POINT('',(0.,0.,0.));
#6185=CARTESIAN_POINT('Origin',(-25.6292036672201,13.50425,6.99149999999999));
#6186=CARTESIAN_POINT('',(-24.4819435102111,17.0085,8.62972896206233));
#6187=CARTESIAN_POINT('',(-25.6292036672201,17.0084999999999,8.99149999999999));
#6188=CARTESIAN_POINT('Origin',(-25.6292036672201,17.0085,6.99149999999999));
#6189=CARTESIAN_POINT('',(-25.6292036672201,-17.0085000000001,8.9915));
#6190=CARTESIAN_POINT('',(-25.6292036672201,13.50425,8.99149999999999));
#6191=CARTESIAN_POINT('',(-24.4819435102111,-17.0085,8.62972896206234));
#6192=CARTESIAN_POINT('Origin',(-25.6292036672201,-17.0085,6.9915));
#6193=CARTESIAN_POINT('',(-24.4819435102111,13.50425,8.62972896206234));
#6194=CARTESIAN_POINT('Origin',(-23.4999999999999,-1.13979189409236E-13,
8.9915));
#6195=CARTESIAN_POINT('',(-51.,17.0084999999999,8.99149999999999));
#6196=CARTESIAN_POINT('',(-23.4999999999999,17.0084999999999,8.99149999999999));
#6197=CARTESIAN_POINT('',(-51.,-17.0085000000001,8.99149999999999));
#6198=CARTESIAN_POINT('',(-51.,-5.55174512450529E-14,8.99149999999999));
#6199=CARTESIAN_POINT('',(-23.4999999999999,-17.0085000000001,8.9915));
#6200=CARTESIAN_POINT('Origin',(-14.086732730121,27.0085,3.7915706000412));
#6201=CARTESIAN_POINT('',(-14.086732730121,-27.0085000000001,1.79157060004121));
#6202=CARTESIAN_POINT('',(-15.2339928871299,-27.0085000000001,2.15334163797887));
#6203=CARTESIAN_POINT('Origin',(-14.086732730121,-27.0085000000001,3.79157060004121));
#6204=CARTESIAN_POINT('',(-14.086732730121,27.0085,1.7915706000412));
#6205=CARTESIAN_POINT('',(-14.086732730121,27.0085,1.7915706000412));
#6206=CARTESIAN_POINT('',(-15.2339928871299,27.0085,2.15334163797886));
#6207=CARTESIAN_POINT('Origin',(-14.086732730121,27.0085,3.7915706000412));
#6208=CARTESIAN_POINT('',(-15.2339928871299,27.0085,2.15334163797886));
#6209=CARTESIAN_POINT('Origin',(42.2926644887269,-27.0085,29.8087288998681));
#6210=CARTESIAN_POINT('',(-53.5697145067803,-27.0085,29.0000444023126));
#6211=CARTESIAN_POINT('',(-14.7174023053302,-27.0085000000001,1.79157060004121));
#6212=CARTESIAN_POINT('',(-18.5232053535211,-27.0085,29.0000544254665));
#6213=CARTESIAN_POINT('',(43.3463115782003,-27.0085,29.0000721198878));
#6214=CARTESIAN_POINT('',(-15.6767918807483,-27.0085,29.0000552395288));
#6215=CARTESIAN_POINT('Origin',(-17.0999984741211,-27.0085,28.5));
#6216=CARTESIAN_POINT('',(41.0733909364963,-27.0085,29.000071469842));
#6217=CARTESIAN_POINT('',(43.3463115782003,-27.0085,29.0000721198878));
#6218=CARTESIAN_POINT('',(41.7887875491807,-27.0085,28.8677460948668));
#6219=CARTESIAN_POINT('Origin',(41.0733915084879,-27.0085,27.0000714698421));
#6220=CARTESIAN_POINT('',(27.29005242837,-27.0085000000001,1.7915706000414));
#6221=CARTESIAN_POINT('',(42.2926644887269,-27.0085,29.808728899868));
#6222=CARTESIAN_POINT('',(27.2900524283699,-27.0085000000001,1.79157060004122));
#6223=CARTESIAN_POINT('Origin',(-54.7244374118135,27.0085,29.8087027840215));
#6224=CARTESIAN_POINT('',(-53.5697145067803,27.0085,29.0000444023125));
#6225=CARTESIAN_POINT('',(-14.7174023053302,27.0085,1.7915706000412));
#6226=CARTESIAN_POINT('',(-53.5697145067803,28.504272459255,29.0000444023125));
#6227=CARTESIAN_POINT('',(-46.0085,-17.0085,23.7048870445117));
#6228=CARTESIAN_POINT('',(-49.8635643817357,-17.0085,26.4046084328467));
#6229=CARTESIAN_POINT('',(-48.0085,-15.0085,25.1054973176503));
#6230=CARTESIAN_POINT('Origin',(-46.0085,-15.0085,23.7048870445117));
#6231=CARTESIAN_POINT('',(-48.0085,-13.9598780457576,25.1054973176503));
#6232=CARTESIAN_POINT('',(-48.0085,13.50425,25.1054973176503));
#6233=CARTESIAN_POINT('',(-48.7063304388266,-8.99999999999727,25.594191558415));
#6234=CARTESIAN_POINT('Origin',(-48.5,-11.5,25.4496972922742));
#6235=CARTESIAN_POINT('',(-48.8752975000133,-8.99999999999727,25.7125200592751));
#6236=CARTESIAN_POINT('',(-50.8840053533003,-8.99999999999727,27.1192284867992));
#6237=CARTESIAN_POINT('',(-49.0000000000133,-8.25178499999738,25.7998498605682));
#6238=CARTESIAN_POINT('Origin',(-48.8752975000133,-8.25178499999738,25.7125200592751));
#6239=CARTESIAN_POINT('',(-49.0000000000133,8.25178500000011,25.7998498605682));
#6240=CARTESIAN_POINT('',(-49.0000000000133,13.5042500000007,25.7998498605682));
#6241=CARTESIAN_POINT('',(-48.8752975000133,9.,25.7125200592751));
#6242=CARTESIAN_POINT('Origin',(-48.8752975000133,8.25178500000011,25.7125200592751));
#6243=CARTESIAN_POINT('',(-48.70633043886,9.,25.5941915584384));
#6244=CARTESIAN_POINT('',(-50.8840053533003,9.,27.1192284867992));
#6245=CARTESIAN_POINT('',(-48.0085,13.9598780457576,25.1054973176503));
#6246=CARTESIAN_POINT('Origin',(-48.5,11.5,25.4496972922742));
#6247=CARTESIAN_POINT('',(-48.0085,17.0085,25.1054973176503));
#6248=CARTESIAN_POINT('',(-48.0085,13.50425,25.1054973176503));
#6249=CARTESIAN_POINT('',(-49.8635643817357,17.0085,26.4046084328467));
#6250=CARTESIAN_POINT('Origin',(44.3999590083927,-27.99995508149,27.0000724212264));
#6251=CARTESIAN_POINT('',(-57.0001365635986,-27.99995508149,29.0000434212263));
#6252=CARTESIAN_POINT('',(-54.1725630171905,-29.99995508149,27.0000442299003));
#6253=CARTESIAN_POINT('Origin',(-54.1725630171905,-27.99995508149,27.0000442299003));
#6254=CARTESIAN_POINT('',(-17.2604248025322,-29.99995508149,27.0000547866164));
#6255=CARTESIAN_POINT('',(44.3999590083927,-29.99995508149,27.0000724212264));
#6256=CARTESIAN_POINT('',(-18.5232053535211,-27.99995508149,29.0000544254665));
#6257=CARTESIAN_POINT('Ctrl Pts',(-17.2604248025322,-29.99995508149,27.0000547866164));
#6258=CARTESIAN_POINT('Ctrl Pts',(-17.3908886289054,-29.99995508149,27.0140085180385));
#6259=CARTESIAN_POINT('Ctrl Pts',(-17.5236126511166,-30.0000340125283,27.0459254692127));
#6260=CARTESIAN_POINT('Ctrl Pts',(-17.8270884916504,-29.9943912938133,27.164576278222));
#6261=CARTESIAN_POINT('Ctrl Pts',(-17.9906472239753,-29.9855143782245,27.2695695127779));
#6262=CARTESIAN_POINT('Ctrl Pts',(-18.234074595535,-29.9409759225381,27.4936023755871));
#6263=CARTESIAN_POINT('Ctrl Pts',(-18.3452204039293,-29.9010202509379,27.6362417527656));
#6264=CARTESIAN_POINT('Ctrl Pts',(-18.4752998280788,-29.805173061809,27.8685219903653));
#6265=CARTESIAN_POINT('Ctrl Pts',(-18.5230585221323,-29.7452957981957,27.9859898840829));
#6266=CARTESIAN_POINT('Ctrl Pts',(-18.5853696702328,-29.5967070103129,28.211939858265));
#6267=CARTESIAN_POINT('Ctrl Pts',(-18.600517257428,-29.5078679633551,28.3201734770234));
#6268=CARTESIAN_POINT('Ctrl Pts',(-18.6164583677608,-29.2385678840671,28.5906279344551));
#6269=CARTESIAN_POINT('Ctrl Pts',(-18.5922783892142,-29.0140167379799,28.7444122017176));
#6270=CARTESIAN_POINT('Ctrl Pts',(-18.5439145099584,-28.5215784879846,28.9491599558778));
#6271=CARTESIAN_POINT('Ctrl Pts',(-18.5232053535211,-28.2533276216801,29.0000544254665));
#6272=CARTESIAN_POINT('Ctrl Pts',(-18.5232053535211,-27.99995508149,29.0000544254665));
#6273=CARTESIAN_POINT('',(44.3999584364011,-27.99995508149,29.0000724212263));
#6274=CARTESIAN_POINT('Origin',(-57.0001365635986,30.00004491851,29.0000434212263));
#6275=CARTESIAN_POINT('',(-57.0001365635986,28.00004491851,29.0000434212263));
#6276=CARTESIAN_POINT('',(-57.0001365635986,30.00004491851,29.0000434212263));
#6277=CARTESIAN_POINT('',(-54.1725630171905,30.00004491851,27.0000442299003));
#6278=CARTESIAN_POINT('Origin',(-54.1725630171905,28.00004491851,27.0000442299003));
#6279=CARTESIAN_POINT('',(-18.8277142532998,30.00004491851,1.99992742122628));
#6280=CARTESIAN_POINT('',(-16.0001395635986,30.00004491851,-7.25787737165506E-5));
#6281=CARTESIAN_POINT('',(-16.0001395635986,28.00004491851,-7.25787737159881E-5));
#6282=CARTESIAN_POINT('Origin',(-18.8277142532998,28.00004491851,1.99992742122628));
#6283=CARTESIAN_POINT('',(-16.0001395635986,-27.99995508149,-7.25787737002389E-5));
#6284=CARTESIAN_POINT('',(-16.0001395635986,30.00004491851,-7.25787737165506E-5));
#6285=CARTESIAN_POINT('',(-18.8277142532998,-29.99995508149,1.9999274212263));
#6286=CARTESIAN_POINT('Origin',(-18.8277142532999,-27.99995508149,1.9999274212263));
#6287=CARTESIAN_POINT('',(-24.6113837883207,-29.99995508149,6.09083229181131));
#6288=CARTESIAN_POINT('',(-16.0001395635986,-29.99995508149,-7.25787736996764E-5));
#6289=CARTESIAN_POINT('',(-21.6553915539528,-23.70372,4.));
#6290=CARTESIAN_POINT('Origin',(-24.6225918818315,-23.70372,6.09876));
#6291=CARTESIAN_POINT('',(-21.6553915539529,23.70372,3.99999999999999));
#6292=CARTESIAN_POINT('',(-21.6553915539529,15.000022459255,4.));
#6293=CARTESIAN_POINT('',(-24.6225918818315,30.,6.09875999999999));
#6294=CARTESIAN_POINT('Origin',(-24.6225918818315,23.70372,6.09875999999999));
#6295=CARTESIAN_POINT('',(-44.074092,30.,19.8571941725903));
#6296=CARTESIAN_POINT('',(-40.4668044276255,30.,17.3056876921332));
#6297=CARTESIAN_POINT('',(-46.9639381230866,29.4257226986848,21.90124));
#6298=CARTESIAN_POINT('Origin',(-44.074092,23.70372,19.8571941725903));
#6299=CARTESIAN_POINT('',(-49.0346394131252,23.70372,23.3658883416199));
#6300=CARTESIAN_POINT('Ctrl Pts',(-49.0346394131252,23.70372,23.3658883416199));
#6301=CARTESIAN_POINT('Ctrl Pts',(-49.0346394131252,23.7991036413402,23.3658883416199));
#6302=CARTESIAN_POINT('Ctrl Pts',(-49.0336226980703,23.8943208380994,23.3651691987738));
#6303=CARTESIAN_POINT('Ctrl Pts',(-49.007563924901,25.1178041065038,23.3467373085293));
#6304=CARTESIAN_POINT('Ctrl Pts',(-48.842226492386,26.2026353098377,23.2297908433362));
#6305=CARTESIAN_POINT('Ctrl Pts',(-48.3765346705687,27.6852049513958,22.9003977252599));
#6306=CARTESIAN_POINT('Ctrl Pts',(-48.1565857172232,28.1702062616266,22.7448234416544));
#6307=CARTESIAN_POINT('Ctrl Pts',(-47.7384545036918,28.8083266619982,22.4490708908523));
#6308=CARTESIAN_POINT('Ctrl Pts',(-47.5431802360429,29.0407544418072,22.3109495048036));
#6309=CARTESIAN_POINT('Ctrl Pts',(-47.2072074874157,29.3017930409751,22.0733092756341));
#6310=CARTESIAN_POINT('Ctrl Pts',(-47.0885206979474,29.3737232675829,21.9893597411439));
#6311=CARTESIAN_POINT('Ctrl Pts',(-46.9639381230866,29.4257226986849,21.90124));
#6312=CARTESIAN_POINT('',(-49.0346394131252,20.,23.3658883416199));
#6313=CARTESIAN_POINT('',(-49.0346394131252,7.74111570740489E-15,23.3658883416199));
#6314=CARTESIAN_POINT('',(-50.5111201914114,20.,24.4102326580857));
#6315=CARTESIAN_POINT('',(-53.2528608095085,20.,26.3495205064904));
#6316=CARTESIAN_POINT('',(-50.9812317305489,15.,24.7427519304146));
#6317=CARTESIAN_POINT('Ctrl Pts',(-50.9812317305489,15.,24.7427519304146));
#6318=CARTESIAN_POINT('Ctrl Pts',(-50.9812317305489,15.9492324109953,24.7427519304146));
#6319=CARTESIAN_POINT('Ctrl Pts',(-50.9568123054507,16.9897608991765,24.725479583769));
#6320=CARTESIAN_POINT('Ctrl Pts',(-50.8674109754423,18.3512029493908,24.6622442391226));
#6321=CARTESIAN_POINT('Ctrl Pts',(-50.8230674443382,18.877383109053,24.6308791747364));
#6322=CARTESIAN_POINT('Ctrl Pts',(-50.7352232554911,19.4347298823416,24.5687452271049));
#6323=CARTESIAN_POINT('Ctrl Pts',(-50.7066002254008,19.5911911717309,24.5484995867728));
#6324=CARTESIAN_POINT('Ctrl Pts',(-50.6520910723196,19.7906520717097,24.5099441751122));
#6325=CARTESIAN_POINT('Ctrl Pts',(-50.6283644319905,19.8631822453757,24.4931618489617));
#6326=CARTESIAN_POINT('Ctrl Pts',(-50.5895094813205,19.9372115280848,24.4656789670336));
#6327=CARTESIAN_POINT('Ctrl Pts',(-50.5765071912855,19.9580999275588,24.4564821878416));
#6328=CARTESIAN_POINT('Ctrl Pts',(-50.5535537245174,19.9821917619031,24.4402467427786));
#6329=CARTESIAN_POINT('Ctrl Pts',(-50.5446149945954,19.9895155571193,24.4339242007396));
#6330=CARTESIAN_POINT('Ctrl Pts',(-50.5272163838955,19.9979647577983,24.4216178162163));
#6331=CARTESIAN_POINT('Ctrl Pts',(-50.519309810453,20.,24.4160253390511));
#6332=CARTESIAN_POINT('Ctrl Pts',(-50.5111201914114,20.,24.4102326580857));
#6333=CARTESIAN_POINT('',(-50.9812317305489,11.8688649472605,24.7427519304146));
#6334=CARTESIAN_POINT('',(-50.9812317305489,-20.,24.7427519304147));
#6335=CARTESIAN_POINT('',(-50.9812317305489,11.1311350527395,24.7427519304146));
#6336=CARTESIAN_POINT('Origin',(-48.5,11.5,22.9877272164178));
#6337=CARTESIAN_POINT('',(-50.9812317305489,-11.1311350527395,24.7427519304147));
#6338=CARTESIAN_POINT('',(-50.9812317305489,-20.,24.7427519304147));
#6339=CARTESIAN_POINT('',(-50.9812317305489,-11.8688649472605,24.7427519304147));
#6340=CARTESIAN_POINT('Origin',(-48.5,-11.5,22.9877272164178));
#6341=CARTESIAN_POINT('',(-50.9812317305489,-15.,24.7427519304147));
#6342=CARTESIAN_POINT('',(-50.9812317305489,-20.,24.7427519304147));
#6343=CARTESIAN_POINT('',(-50.5111201914114,-20.,24.4102326580858));
#6344=CARTESIAN_POINT('Ctrl Pts',(-50.5111201914113,-20.,24.4102326580857));
#6345=CARTESIAN_POINT('Ctrl Pts',(-50.5187266514017,-20.,24.4156128590177));
#6346=CARTESIAN_POINT('Ctrl Pts',(-50.5261011437903,-19.9982442895105,24.4208289846362));
#6347=CARTESIAN_POINT('Ctrl Pts',(-50.5412580075883,-19.991384492725,24.4315497368435));
#6348=CARTESIAN_POINT('Ctrl Pts',(-50.5487119952551,-19.9860107208558,24.4368220910586));
#6349=CARTESIAN_POINT('Ctrl Pts',(-50.5726141855442,-19.9639919587838,24.453728587199));
#6350=CARTESIAN_POINT('Ctrl Pts',(-50.5876667287278,-19.9408266357196,24.4643755513549));
#6351=CARTESIAN_POINT('Ctrl Pts',(-50.6372929681542,-19.8458665717676,24.4994771807528));
#6352=CARTESIAN_POINT('Ctrl Pts',(-50.6671707655244,-19.7422443173455,24.5206103430196));
#6353=CARTESIAN_POINT('Ctrl Pts',(-50.7658173975763,-19.3303978605135,24.5903850742839));
#6354=CARTESIAN_POINT('Ctrl Pts',(-50.8173184831038,-18.8660911188471,24.62681281974));
#6355=CARTESIAN_POINT('Ctrl Pts',(-50.9343182417636,-17.5948187323197,24.709569083676));
#6356=CARTESIAN_POINT('Ctrl Pts',(-50.9812317305489,-16.3304780396412,24.7427519304147));
#6357=CARTESIAN_POINT('Ctrl Pts',(-50.9812317305489,-15.,24.7427519304147));
#6358=CARTESIAN_POINT('',(-49.0346394131252,-20.,23.3658883416199));
#6359=CARTESIAN_POINT('',(-53.2528608095085,-20.,26.3495205064904));
#6360=CARTESIAN_POINT('',(-49.0346394131252,-23.70372,23.3658883416199));
#6361=CARTESIAN_POINT('',(-49.0346394131252,7.74111570740489E-15,23.3658883416199));
#6362=CARTESIAN_POINT('',(-46.9639381230866,-29.4257226986848,21.90124));
#6363=CARTESIAN_POINT('Ctrl Pts',(-46.9639381230866,-29.4257226986848,21.90124));
#6364=CARTESIAN_POINT('Ctrl Pts',(-47.0514274224895,-29.3892056030834,21.9631229272462));
#6365=CARTESIAN_POINT('Ctrl Pts',(-47.1361075143211,-29.3428174664735,22.0230188459216));
#6366=CARTESIAN_POINT('Ctrl Pts',(-47.3660511005905,-29.1887953422593,22.1856625328289));
#6367=CARTESIAN_POINT('Ctrl Pts',(-47.5025769455789,-29.0632230829208,22.2822299872524));
#6368=CARTESIAN_POINT('Ctrl Pts',(-47.8858877581544,-28.6283669824144,22.5533533736455));
#6369=CARTESIAN_POINT('Ctrl Pts',(-48.1209147521962,-28.2342795863918,22.7195926563055));
#6370=CARTESIAN_POINT('Ctrl Pts',(-48.6725673130231,-26.9237613764766,23.1097875203607));
#6371=CARTESIAN_POINT('Ctrl Pts',(-48.9071091064708,-25.8680430653814,23.2756836109612));
#6372=CARTESIAN_POINT('Ctrl Pts',(-49.0214877082004,-24.3886766258342,23.3565858782973));
#6373=CARTESIAN_POINT('Ctrl Pts',(-49.0346394131252,-24.0467369188633,23.3658883416199));
#6374=CARTESIAN_POINT('Ctrl Pts',(-49.0346394131252,-23.70372,23.3658883416199));
#6375=CARTESIAN_POINT('',(-44.1002534370222,-29.99995508149,19.8756986790265));
#6376=CARTESIAN_POINT('Origin',(-44.074092,-23.70372,19.8571941725903));
#6377=CARTESIAN_POINT('',(-16.0001395635986,-29.99995508149,-7.25787736996764E-5));
#6378=CARTESIAN_POINT('Origin',(44.3999584364012,30.00004491851,29.0000724212263));
#6379=CARTESIAN_POINT('',(-18.5232053535211,5.00850000000001,29.0000544254665));
#6380=CARTESIAN_POINT('',(-18.523205353521,27.0085,29.0000544254665));
#6381=CARTESIAN_POINT('',(43.3463115782003,27.0085,29.0000721198877));
#6382=CARTESIAN_POINT('',(-18.523205353521,29.9915,29.0000544254665));
#6383=CARTESIAN_POINT('',(-18.523205353521,-5.00850000000002,29.0000544254665));
#6384=CARTESIAN_POINT('',(-19.5494771666417,29.9915,29.0000541319571));
#6385=CARTESIAN_POINT('',(20.2999810296409,29.9915,29.0000655287343));
#6386=CARTESIAN_POINT('',(-19.5494771666417,28.00004491851,29.0000541319571));
#6387=CARTESIAN_POINT('',(-19.5494771666417,30.,29.0000541319571));
#6388=CARTESIAN_POINT('',(44.3999584364011,28.00004491851,29.0000724212263));
#6389=CARTESIAN_POINT('Origin',(44.3999590083927,28.00004491851,27.0000724212264));
#6390=CARTESIAN_POINT('',(-19.1000391683418,30.00004491851,27.0000542604944));
#6391=CARTESIAN_POINT('Ctrl Pts',(-19.1000391683418,30.00004491851,27.0000542604944));
#6392=CARTESIAN_POINT('Ctrl Pts',(-19.1120222592382,30.00004491851,27.0160326181137));
#6393=CARTESIAN_POINT('Ctrl Pts',(-19.1238042081979,29.9998534295672,27.0321417207422));
#6394=CARTESIAN_POINT('Ctrl Pts',(-19.2357849468005,29.9960587996832,27.1891545937234));
#6395=CARTESIAN_POINT('Ctrl Pts',(-19.3285026421701,29.9761928114788,27.3526924640104));
#6396=CARTESIAN_POINT('Ctrl Pts',(-19.4701387361556,29.8871055940385,27.6845366869953));
#6397=CARTESIAN_POINT('Ctrl Pts',(-19.5193885952312,29.8172631964177,27.8525343626992));
#6398=CARTESIAN_POINT('Ctrl Pts',(-19.5780794205681,29.6512572932517,28.1400755156207));
#6399=CARTESIAN_POINT('Ctrl Pts',(-19.5937462115509,29.5445141727897,28.2830337576591));
#6400=CARTESIAN_POINT('Ctrl Pts',(-19.6029266862231,29.2947863612664,28.5346767600069));
#6401=CARTESIAN_POINT('Ctrl Pts',(-19.5972725846281,29.1518036061731,28.643332391672));
#6402=CARTESIAN_POINT('Ctrl Pts',(-19.5820736969349,28.8659320287827,28.8106309772004));
#6403=CARTESIAN_POINT('Ctrl Pts',(-19.5709591518977,28.6981651337191,28.8829681866629));
#6404=CARTESIAN_POINT('Ctrl Pts',(-19.5544082606159,28.3489129550762,28.9776860933375));
#6405=CARTESIAN_POINT('Ctrl Pts',(-19.5494771666417,28.1674004781779,29.0000541319571));
#6406=CARTESIAN_POINT('Ctrl Pts',(-19.5494771666417,28.00004491851,29.0000541319571));
#6407=CARTESIAN_POINT('',(44.3999590083927,30.00004491851,27.0000724212264));
#6408=CARTESIAN_POINT('Origin',(-3.79999923706053,60.5,28.9915));
#6409=CARTESIAN_POINT('',(-19.5512079204965,29.9915,28.9915));
#6410=CARTESIAN_POINT('',(-19.5512086791354,80.,28.9915000107877));
#6411=CARTESIAN_POINT('',(-19.5512079204965,30.,28.9915));
#6412=CARTESIAN_POINT('',(-18.5261821930016,29.9915,28.9915));
#6413=CARTESIAN_POINT('',(-3.79999923706053,29.9915,28.9915));
#6414=CARTESIAN_POINT('',(-18.5261821930016,80.0085,28.9915));
#6415=CARTESIAN_POINT('',(-18.5261821930016,-5.00850000000002,28.9915));
#6416=CARTESIAN_POINT('',(-16.0085,80.0085,28.9915));
#6417=CARTESIAN_POINT('',(-10.4499988555908,80.0085,28.9915));
#6418=CARTESIAN_POINT('',(-16.0085,80.9797321348491,28.9915));
#6419=CARTESIAN_POINT('',(-16.0085,68.5,28.9915));
#6420=CARTESIAN_POINT('',(1.33759090909127,80.9797321348491,28.9915));
#6421=CARTESIAN_POINT('',(-16.0085,80.9797321348491,28.9915));
#6422=CARTESIAN_POINT('',(-0.374999999999966,81.9764429833608,28.9915));
#6423=CARTESIAN_POINT('Ctrl Pts',(-0.374999999999967,81.9764429833608,28.9915));
#6424=CARTESIAN_POINT('Ctrl Pts',(0.567019034029369,81.4287175832681,28.9915));
#6425=CARTESIAN_POINT('Ctrl Pts',(1.33759090909127,80.9797321348491,28.9915));
#6426=CARTESIAN_POINT('',(-14.625,81.9764429833608,28.9915));
#6427=CARTESIAN_POINT('',(-17.,81.9764429833608,28.9915));
#6428=CARTESIAN_POINT('',(-15.2528042718437,81.6113024830494,28.9915));
#6429=CARTESIAN_POINT('Ctrl Pts',(-15.2528042718437,81.6113024830494,28.9915));
#6430=CARTESIAN_POINT('Ctrl Pts',(-14.9497277062347,81.7876340459683,28.9915));
#6431=CARTESIAN_POINT('Ctrl Pts',(-14.625,81.9764429833608,28.9915));
#6432=CARTESIAN_POINT('Origin',(-17.1,80.,28.9915));
#6433=CARTESIAN_POINT('Origin',(-3.79999923706054,29.9915,39.));
#6434=CARTESIAN_POINT('Origin',(-17.0999984741211,29.9915,28.5));
#6435=CARTESIAN_POINT('Origin',(-17.0999984741211,29.9915,28.5));
#6436=CARTESIAN_POINT('Origin',(-46.0085,-15.0085,33.));
#6437=CARTESIAN_POINT('',(-46.0085,-17.0085,21.0085));
#6438=CARTESIAN_POINT('',(-48.0085,-15.0085,21.0085));
#6439=CARTESIAN_POINT('Origin',(-46.0085,-15.0085,21.0085));
#6440=CARTESIAN_POINT('',(-48.0085,-15.0085,33.));
#6441=CARTESIAN_POINT('',(-46.0085,-17.0085,33.));
#6442=CARTESIAN_POINT('Origin',(-48.0085,5.70407389068316E-15,33.));
#6443=CARTESIAN_POINT('',(-48.0085,-13.9598780457576,21.0085));
#6444=CARTESIAN_POINT('',(-48.0085,-5.41371677062837E-14,21.0085));
#6445=CARTESIAN_POINT('',(-48.0085,-13.9598780457576,16.9895001449585));
#6446=CARTESIAN_POINT('Origin',(14.1999094364013,-27.99995508149,1.99992742122631));
#6447=CARTESIAN_POINT('',(27.7975313930759,-27.99995508149,-7.25787736896579E-5));
#6448=CARTESIAN_POINT('',(14.1999094364013,-27.99995508149,-7.25787736929884E-5));
#6449=CARTESIAN_POINT('',(27.7975313930759,-29.99995508149,1.99992742122631));
#6450=CARTESIAN_POINT('Origin',(27.7975313930759,-27.99995508149,1.99992742122631));
#6451=CARTESIAN_POINT('',(14.1999094364013,-29.99995508149,1.99992742122631));
#6452=CARTESIAN_POINT('Origin',(27.7975313930759,30.00004491851,1.99992742122629));
#6453=CARTESIAN_POINT('',(27.7975313930759,28.00004491851,-7.25787737051935E-5));
#6454=CARTESIAN_POINT('',(29.5639228287305,28.00004491851,1.06191820163096));
#6455=CARTESIAN_POINT('Origin',(27.7975313930759,28.00004491851,1.99992742122629));
#6456=CARTESIAN_POINT('',(29.5639228287305,-27.99995508149,1.06191820163097));
#6457=CARTESIAN_POINT('',(29.5639228287305,30.00004491851,1.06191820163095));
#6458=CARTESIAN_POINT('Origin',(27.7975313930759,-27.99995508149,1.99992742122631));
#6459=CARTESIAN_POINT('',(27.7975313930759,30.00004491851,-7.25787737057559E-5));
#6460=CARTESIAN_POINT('Origin',(27.7975313930759,-27.99995508149,1.99992742122631));
#6461=CARTESIAN_POINT('Origin',(27.7975313930758,-27.99995508149,1.9999274212263));
#6462=CARTESIAN_POINT('Origin',(14.1999094364013,28.00004491851,1.99992742122629));
#6463=CARTESIAN_POINT('',(27.7975313930759,30.00004491851,1.9999274212263));
#6464=CARTESIAN_POINT('',(14.1999094364013,30.00004491851,1.99992742122629));
#6465=CARTESIAN_POINT('Origin',(27.7975313930759,28.00004491851,1.9999274212263));
#6466=CARTESIAN_POINT('',(14.1999094364013,28.00004491851,-7.25787737085315E-5));
#6467=CARTESIAN_POINT('Origin',(27.7975313930759,28.00004491851,1.9999274212263));
#6468=CARTESIAN_POINT('Origin',(27.7975313930759,28.00004491851,1.9999274212263));
#6469=CARTESIAN_POINT('Origin',(44.3999584364011,-29.99995508149,29.0000724212264));
#6470=CARTESIAN_POINT('',(-44.1002534370219,-29.99995508149,21.90124));
#6471=CARTESIAN_POINT('',(-44.1002534370226,-29.99995508149,14.));
#6472=CARTESIAN_POINT('',(-44.074092,-29.99995508149,21.9091677081883));
#6473=CARTESIAN_POINT('Ctrl Pts',(-44.074092,-29.99995508149,21.9091677081887));
#6474=CARTESIAN_POINT('Ctrl Pts',(-44.0751645027959,-29.99995508149,21.9091677081887));
#6475=CARTESIAN_POINT('Ctrl Pts',(-44.0762357795541,-29.99995508149,21.9091477222339));
#6476=CARTESIAN_POINT('Ctrl Pts',(-44.0802900055541,-29.99995508149,21.9089959407472));
#6477=CARTESIAN_POINT('Ctrl Pts',(-44.083357690533,-29.99995508149,21.9087221625064));
#6478=CARTESIAN_POINT('Ctrl Pts',(-44.0895383313094,-29.99995508149,21.907733770859));
#6479=CARTESIAN_POINT('Ctrl Pts',(-44.0923299937775,-29.99995508149,21.9070272227017));
#6480=CARTESIAN_POINT('Ctrl Pts',(-44.095845188704,-29.99995508149,21.9056877272353));
#6481=CARTESIAN_POINT('Ctrl Pts',(-44.0972281646114,-29.99995508149,21.9050432268795));
#6482=CARTESIAN_POINT('Ctrl Pts',(-44.0988116031583,-29.99995508149,21.90386533578));
#6483=CARTESIAN_POINT('Ctrl Pts',(-44.0992897341949,-29.99995508149,21.9034315497577));
#6484=CARTESIAN_POINT('Ctrl Pts',(-44.0998671239414,-29.99995508149,21.9026323636686));
#6485=CARTESIAN_POINT('Ctrl Pts',(-44.1000458114007,-29.99995508149,21.902299861672));
#6486=CARTESIAN_POINT('Ctrl Pts',(-44.1002184016269,-29.99995508149,21.901710832137));
#6487=CARTESIAN_POINT('Ctrl Pts',(-44.1002534370231,-29.99995508149,21.9014768805469));
#6488=CARTESIAN_POINT('Ctrl Pts',(-44.1002534370231,-29.99995508149,21.90124));
#6489=CARTESIAN_POINT('',(8.07409199999999,-29.99995508149,21.9091677081887));
#6490=CARTESIAN_POINT('',(-18.,-29.99995508149,21.9091677081886));
#6491=CARTESIAN_POINT('',(8.10025343702193,-29.99995508149,21.90124));
#6492=CARTESIAN_POINT('Ctrl Pts',(8.10025343702308,-29.99995508149,21.90124));
#6493=CARTESIAN_POINT('Ctrl Pts',(8.10025343702308,-29.99995508149,21.9014747249483));
#6494=CARTESIAN_POINT('Ctrl Pts',(8.1002190360777,-29.99995508149,21.9017068051491));
#6495=CARTESIAN_POINT('Ctrl Pts',(8.10003212314066,-29.99995508149,21.9023498869536));
#6496=CARTESIAN_POINT('Ctrl Pts',(8.09981344141859,-29.99995508149,21.9027294073096));
#6497=CARTESIAN_POINT('Ctrl Pts',(8.09909272073547,-29.99995508149,21.9036503155831));
#6498=CARTESIAN_POINT('Ctrl Pts',(8.09847502803956,-29.99995508149,21.9041475945325));
#6499=CARTESIAN_POINT('Ctrl Pts',(8.09632385960509,-29.99995508149,21.9055643436574));
#6500=CARTESIAN_POINT('Ctrl Pts',(8.09410435703715,-29.99995508149,21.9064658919778));
#6501=CARTESIAN_POINT('Ctrl Pts',(8.08839200593797,-29.99995508149,21.9079844205727));
#6502=CARTESIAN_POINT('Ctrl Pts',(8.08517040857182,-29.99995508149,21.9084878207028));
#6503=CARTESIAN_POINT('Ctrl Pts',(8.07947011427876,-29.99995508149,21.9090435795508));
#6504=CARTESIAN_POINT('Ctrl Pts',(8.07676598560831,-29.99995508149,21.9091677081887));
#6505=CARTESIAN_POINT('Ctrl Pts',(8.07409199999999,-29.99995508149,21.9091677081887));
#6506=CARTESIAN_POINT('',(8.10025343702288,-29.99995508149,6.09876000000001));
#6507=CARTESIAN_POINT('',(8.10025343702261,-29.99995508149,14.));
#6508=CARTESIAN_POINT('',(8.07409199999999,-29.99995508149,6.09083229181141));
#6509=CARTESIAN_POINT('Ctrl Pts',(8.07409199999999,-29.99995508149,6.09083229181063));
#6510=CARTESIAN_POINT('Ctrl Pts',(8.07670176922449,-29.99995508149,6.09083229181063));
#6511=CARTESIAN_POINT('Ctrl Pts',(8.07933487308079,-29.99995508149,6.09095052340063));
#6512=CARTESIAN_POINT('Ctrl Pts',(8.08506031419956,-29.99995508149,6.09149309170065));
#6513=CARTESIAN_POINT('Ctrl Pts',(8.0883902969674,-29.99995508149,6.09200820822577));
#6514=CARTESIAN_POINT('Ctrl Pts',(8.09382878555669,-29.99995508149,6.09346648982638));
#6515=CARTESIAN_POINT('Ctrl Pts',(8.09581570740012,-29.99995508149,6.09423752410896));
#6516=CARTESIAN_POINT('Ctrl Pts',(8.09799406373215,-29.99995508149,6.09550455741407));
#6517=CARTESIAN_POINT('Ctrl Pts',(8.09870844261565,-29.99995508149,6.09600652751017));
#6518=CARTESIAN_POINT('Ctrl Pts',(8.09956089777873,-29.99995508149,6.09691771790948));
#6519=CARTESIAN_POINT('Ctrl Pts',(8.0998273428691,-29.99995508149,6.09727926093446));
#6520=CARTESIAN_POINT('Ctrl Pts',(8.10014343540013,-29.99995508149,6.09797451097686));
#6521=CARTESIAN_POINT('Ctrl Pts',(8.10022870494637,-29.99995508149,6.09828625363713));
#6522=CARTESIAN_POINT('Ctrl Pts',(8.10025191314777,-29.99995508149,6.09866101317072));
#6523=CARTESIAN_POINT('Ctrl Pts',(8.10025343702605,-29.99995508149,6.09871059741916));
#6524=CARTESIAN_POINT('Ctrl Pts',(8.10025343702605,-29.99995508149,6.09876000000001));
#6525=CARTESIAN_POINT('',(-18.,-29.99995508149,6.09083229181141));
#6526=CARTESIAN_POINT('',(41.0733915084879,-29.99995508149,27.0000714698421));
#6527=CARTESIAN_POINT('',(34.9335740007465,-29.99995508149,15.4380091408218));
#6528=CARTESIAN_POINT('',(-16.939571287754,-29.99995508149,27.0000548783791));
#6529=CARTESIAN_POINT('',(44.3999590083927,-29.99995508149,27.0000724212264));
#6530=CARTESIAN_POINT('Origin',(-17.0999984741211,-29.99995508149,28.5));
#6531=CARTESIAN_POINT('Origin',(34.9335740007465,-27.99995508149,15.4380091408218));
#6532=CARTESIAN_POINT('',(42.8397829441426,-27.99995508149,26.0620622502468));
#6533=CARTESIAN_POINT('',(36.6999654364011,-27.99995508149,14.4999999212264));
#6534=CARTESIAN_POINT('Origin',(41.0733915084879,-27.99995508149,27.0000714698421));
#6535=CARTESIAN_POINT('Origin',(28.9999724364011,30.00004491851,-7.25787735775035E-5));
#6536=CARTESIAN_POINT('',(42.8397829441426,28.00004491851,26.0620622502468));
#6537=CARTESIAN_POINT('',(36.6999654364011,28.00004491851,14.4999999212264));
#6538=CARTESIAN_POINT('',(42.8397829441426,30.00004491851,26.0620622502468));
#6539=CARTESIAN_POINT('Origin',(34.9335740007465,28.00004491851,15.4380091408218));
#6540=CARTESIAN_POINT('',(41.0733915084879,30.00004491851,27.0000714698421));
#6541=CARTESIAN_POINT('',(34.9335740007465,30.00004491851,15.4380091408218));
#6542=CARTESIAN_POINT('Origin',(41.0733915084879,28.00004491851,27.0000714698421));
#6543=CARTESIAN_POINT('Origin',(44.3999584364011,30.00004491851,29.0000724212264));
#6544=CARTESIAN_POINT('',(-15.0999569219443,30.00004491851,27.0000554045011));
#6545=CARTESIAN_POINT('Origin',(-17.0999984741211,30.00004491851,28.5));
#6546=CARTESIAN_POINT('',(44.3999590083927,30.00004491851,27.0000724212264));
#6547=CARTESIAN_POINT('Origin',(44.3999590083927,28.00004491851,27.0000724212264));
#6548=CARTESIAN_POINT('',(-14.6505200676276,28.00004491851,29.0000555330382));
#6549=CARTESIAN_POINT('Ctrl Pts',(-14.6505200676276,28.00004491851,29.0000555330382));
#6550=CARTESIAN_POINT('Ctrl Pts',(-14.6505200676276,28.1674004781779,29.0000555330382));
#6551=CARTESIAN_POINT('Ctrl Pts',(-14.6455889608591,28.3489129550762,28.9776874972392));
#6552=CARTESIAN_POINT('Ctrl Pts',(-14.6290380153994,28.6981651337191,28.8829696000315));
#6553=CARTESIAN_POINT('Ctrl Pts',(-14.617923428986,28.8659320287827,28.8106323969265));
#6554=CARTESIAN_POINT('Ctrl Pts',(-14.6027244455994,29.1518036061731,28.6433338200917));
#6555=CARTESIAN_POINT('Ctrl Pts',(-14.5970702818543,29.2947863612664,28.5346781916608));
#6556=CARTESIAN_POINT('Ctrl Pts',(-14.6062506125888,29.5445141727897,28.2830351840619));
#6557=CARTESIAN_POINT('Ctrl Pts',(-14.6219173218007,29.6512572932517,28.1400769330621));
#6558=CARTESIAN_POINT('Ctrl Pts',(-14.6806079826665,29.8172631964177,27.85253574657));
#6559=CARTESIAN_POINT('Ctrl Pts',(-14.7298577456488,29.8871055940385,27.6845380426956));
#6560=CARTESIAN_POINT('Ctrl Pts',(-14.8714936498222,29.9761928114788,27.3526937386962));
#6561=CARTESIAN_POINT('Ctrl Pts',(-14.9642112516495,29.9960587996832,27.1891558153755));
#6562=CARTESIAN_POINT('Ctrl Pts',(-15.076191900442,29.9998534295672,27.0321428783422));
#6563=CARTESIAN_POINT('Ctrl Pts',(-15.0879738401874,30.00004491851,27.0160337689746));
#6564=CARTESIAN_POINT('Ctrl Pts',(-15.0999569219443,30.00004491851,27.0000554045011));
#6565=CARTESIAN_POINT('',(41.0733909364963,28.00004491851,29.000071469842));
#6566=CARTESIAN_POINT('',(44.3999584364011,28.00004491851,29.0000724212263));
#6567=CARTESIAN_POINT('Origin',(41.0733915084879,28.00004491851,27.0000714698421));
#6568=CARTESIAN_POINT('Origin',(41.0733915084879,28.00004491851,27.0000714698421));
#6569=CARTESIAN_POINT('Origin',(41.0733915084879,28.00004491851,27.0000714698421));
#6570=CARTESIAN_POINT('Origin',(-16.0001395635986,30.00004491851,-7.25787737165506E-5));
#6571=CARTESIAN_POINT('',(2.59959468188908,-25.09090562895,-7.25787736965012E-5));
#6572=CARTESIAN_POINT('',(1.78075218965438,-25.09090562895,-7.25787736967024E-5));
#6573=CARTESIAN_POINT('',(-6.70027244085478,-25.09090562895,-7.25787736987789E-5));
#6574=CARTESIAN_POINT('',(1.78075218965438,-23.9336463972621,-7.25787736970285E-5));
#6575=CARTESIAN_POINT('',(1.78075218965438,2.45456964477997,-7.25787737044488E-5));
#6576=CARTESIAN_POINT('',(2.75275946460924,-23.9336463972621,-7.25787736967892E-5));
#6577=CARTESIAN_POINT('',(-7.10969368697213,-23.9336463972621,-7.25787736992048E-5));
#6578=CARTESIAN_POINT('',(2.75275946460924,-23.6879877879779,-7.25787736968585E-5));
#6579=CARTESIAN_POINT('',(2.75275946460924,3.03319926062395,-7.25787737043734E-5));
#6580=CARTESIAN_POINT('',(1.78075218965438,-23.6879877879779,-7.25787736970962E-5));
#6581=CARTESIAN_POINT('',(-6.6236900494947,-23.6879877879779,-7.25787736991544E-5));
#6582=CARTESIAN_POINT('',(1.78075218965438,-22.6609572166334,-7.25787736973859E-5));
#6583=CARTESIAN_POINT('',(1.78075218965438,3.15602856526602,-7.25787737046457E-5));
#6584=CARTESIAN_POINT('',(2.4699937118951,-22.6609572166334,-7.25787736972176E-5));
#6585=CARTESIAN_POINT('',(-7.10969368697213,-22.6609572166334,-7.2578773699563E-5));
#6586=CARTESIAN_POINT('',(2.75275946460924,-23.1670731466043,-7.2578773697006E-5));
#6587=CARTESIAN_POINT('Ctrl Pts',(2.4699937118951,-22.6609572166334,-7.25787736972158E-5));
#6588=CARTESIAN_POINT('Ctrl Pts',(2.55443070749724,-22.6609572166334,-7.25787736971949E-5));
#6589=CARTESIAN_POINT('Ctrl Pts',(2.61534048498703,-22.689272397411,-7.25787736971732E-5));
#6590=CARTESIAN_POINT('Ctrl Pts',(2.65555873711375,-22.7438300004883,-7.2578773697151E-5));
#6591=CARTESIAN_POINT('Ctrl Pts',(2.69483175832405,-22.7971053615378,-7.25787736971294E-5));
#6592=CARTESIAN_POINT('Ctrl Pts',(2.72134420153783,-22.8739471487483,-7.25787736971064E-5));
#6593=CARTESIAN_POINT('Ctrl Pts',(2.73214112847383,-22.9746898983697,-7.25787736970818E-5));
#6594=CARTESIAN_POINT('Ctrl Pts',(2.73901390718563,-23.0388176477813,-7.25787736970662E-5));
#6595=CARTESIAN_POINT('Ctrl Pts',(2.74588668589744,-23.1029453971928,-7.25787736970475E-5));
#6596=CARTESIAN_POINT('Ctrl Pts',(2.75275946460924,-23.1670731466043,-7.25787736970315E-5));
#6597=CARTESIAN_POINT('',(3.02963426414183,-23.1670731466043,-7.25787736969383E-5));
#6598=CARTESIAN_POINT('',(-6.6236900494947,-23.1670731466043,-7.2578773699301E-5));
#6599=CARTESIAN_POINT('',(3.02963426414183,-22.4093791227881,-7.257877369715E-5));
#6600=CARTESIAN_POINT('',(3.02963426414183,3.41648588595283,-7.25787737044133E-5));
#6601=CARTESIAN_POINT('',(0.749835382884077,-22.4093791227881,-7.25787736977086E-5));
#6602=CARTESIAN_POINT('',(-6.4852526497284,-22.4093791227881,-7.25787736994806E-5));
#6603=CARTESIAN_POINT('',(0.749835382884077,-22.6284000515475,-7.25787736976478E-5));
#6604=CARTESIAN_POINT('',(0.749835382884076,3.79533289786091,-7.25787737050777E-5));
#6605=CARTESIAN_POINT('',(0.92067302514887,-22.6284000515475,-7.25787736976062E-5));
#6606=CARTESIAN_POINT('',(-7.62515209035728,-22.6284000515475,-7.25787736996983E-5));
#6607=CARTESIAN_POINT('',(1.07089233127826,-22.675755928036,-7.25787736975559E-5));
#6608=CARTESIAN_POINT('Ctrl Pts',(0.920673025148869,-22.6284000515475,-7.25787736976039E-5));
#6609=CARTESIAN_POINT('Ctrl Pts',(0.952091442117107,-22.6284000515475,-7.25787736975962E-5));
#6610=CARTESIAN_POINT('Ctrl Pts',(0.980564382494574,-22.631359793828,-7.25787736975882E-5));
#6611=CARTESIAN_POINT('Ctrl Pts',(1.00609184628127,-22.6372792783891,-7.25787736975806E-5));
#6612=CARTESIAN_POINT('Ctrl Pts',(1.03161931006796,-22.6431987629502,-7.25787736975732E-5));
#6613=CARTESIAN_POINT('Ctrl Pts',(1.05321947173362,-22.6560243128325,-7.2578773697565E-5));
#6614=CARTESIAN_POINT('Ctrl Pts',(1.07089233127826,-22.675755928036,-7.25787736975562E-5));
#6615=CARTESIAN_POINT('',(1.13274733968447,-22.8947768567954,-7.25787736974796E-5));
#6616=CARTESIAN_POINT('Ctrl Pts',(1.07089233127826,-22.675755928036,-7.2578773697554E-5));
#6617=CARTESIAN_POINT('Ctrl Pts',(1.09052884188341,-22.6935143817192,-7.25787736975452E-5));
#6618=CARTESIAN_POINT('Ctrl Pts',(1.10286529723712,-22.7209087435777,-7.25787736975366E-5));
#6619=CARTESIAN_POINT('Ctrl Pts',(1.11507448013984,-22.7556689696104,-7.2578773697526E-5));
#6620=CARTESIAN_POINT('Ctrl Pts',(1.12685638650293,-22.7892127154564,-7.25787736975157E-5));
#6621=CARTESIAN_POINT('Ctrl Pts',(1.13274733968448,-22.8355820111847,-7.25787736975032E-5));
#6622=CARTESIAN_POINT('Ctrl Pts',(1.13274733968448,-22.8947768567954,-7.257877369749E-5));
#6623=CARTESIAN_POINT('',(1.13274733968448,-24.8807639270323,-7.2578773696921E-5));
#6624=CARTESIAN_POINT('',(1.13274733968447,3.5526340308573,-7.25787737049163E-5));
#6625=CARTESIAN_POINT('',(0.749835382884077,-25.1234627940359,-7.25787736969453E-5));
#6626=CARTESIAN_POINT('Ctrl Pts',(1.13274733968448,-24.8807639270323,-7.25787736969184E-5));
#6627=CARTESIAN_POINT('Ctrl Pts',(1.13274733968448,-24.9340392880818,-7.25787736969065E-5));
#6628=CARTESIAN_POINT('Ctrl Pts',(1.12685638650293,-24.9764622607695,-7.25787736968999E-5));
#6629=CARTESIAN_POINT('Ctrl Pts',(1.11507448013984,-25.0080328450951,-7.25787736968956E-5));
#6630=CARTESIAN_POINT('Ctrl Pts',(1.10285679397706,-25.0407711371321,-7.25787736968911E-5));
#6631=CARTESIAN_POINT('Ctrl Pts',(1.09052884188341,-25.0662411099456,-7.25787736968875E-5));
#6632=CARTESIAN_POINT('Ctrl Pts',(1.07089233127826,-25.0820264021084,-7.25787736968888E-5));
#6633=CARTESIAN_POINT('Ctrl Pts',(1.05026316483685,-25.0986096650874,-7.25787736968902E-5));
#6634=CARTESIAN_POINT('Ctrl Pts',(1.0290400998792,-25.1135403648459,-7.25787736968922E-5));
#6635=CARTESIAN_POINT('Ctrl Pts',(1.00314636969049,-25.1175433094748,-7.25787736968978E-5));
#6636=CARTESIAN_POINT('Ctrl Pts',(0.977618905903801,-25.1214896325155,-7.25787736969034E-5));
#6637=CARTESIAN_POINT('Ctrl Pts',(0.950127791056592,-25.1234627940359,-7.25787736969094E-5));
#6638=CARTESIAN_POINT('Ctrl Pts',(0.92067302514887,-25.1234627940359,-7.25787736969167E-5));
#6639=CARTESIAN_POINT('Ctrl Pts',(0.863727144393939,-25.1234627940359,-7.25787736969308E-5));
#6640=CARTESIAN_POINT('Ctrl Pts',(0.806781263639007,-25.1234627940359,-7.25787736969445E-5));
#6641=CARTESIAN_POINT('Ctrl Pts',(0.749835382884076,-25.1234627940359,-7.25787736969586E-5));
#6642=CARTESIAN_POINT('',(0.749835382884077,-25.3424837227952,-7.25787736968846E-5));
#6643=CARTESIAN_POINT('',(0.749835382884076,2.43829106223704,-7.2578773704696E-5));
#6644=CARTESIAN_POINT('',(3.16218071072659,-25.3424837227952,-7.2578773696293E-5));
#6645=CARTESIAN_POINT('',(-7.62515209035728,-25.3424837227952,-7.2578773698935E-5));
#6646=CARTESIAN_POINT('',(3.16218071072659,-24.5877494412596,-7.25787736965064E-5));
#6647=CARTESIAN_POINT('',(3.16218071072659,2.32878059785736,-7.2578773704075E-5));
#6648=CARTESIAN_POINT('',(2.89414234096631,-24.5877494412596,-7.25787736965706E-5));
#6649=CARTESIAN_POINT('',(-6.41897942643603,-24.5877494412596,-7.25787736988517E-5));
#6650=CARTESIAN_POINT('Ctrl Pts',(2.89414234096631,-24.5877494412596,-7.25787736965694E-5));
#6651=CARTESIAN_POINT('Ctrl Pts',(2.88334226013348,-24.6518771906711,-7.25787736965577E-5));
#6652=CARTESIAN_POINT('Ctrl Pts',(2.87254217930064,-24.7160049400827,-7.25787736965441E-5));
#6653=CARTESIAN_POINT('Ctrl Pts',(2.86174209846781,-24.7801326894942,-7.25787736965324E-5));
#6654=CARTESIAN_POINT('Ctrl Pts',(2.85414227895378,-24.8252582148409,-7.25787736965242E-5));
#6655=CARTESIAN_POINT('Ctrl Pts',(2.84426058783177,-24.8663429234669,-7.25787736965187E-5));
#6656=CARTESIAN_POINT('Ctrl Pts',(2.83228733256009,-24.9044418652765,-7.25787736965137E-5));
#6657=CARTESIAN_POINT('Ctrl Pts',(2.820505426197,-24.9419319341633,-7.25787736965088E-5));
#6658=CARTESIAN_POINT('Ctrl Pts',(2.80478079356955,-24.9762129190939,-7.25787736965048E-5));
#6659=CARTESIAN_POINT('Ctrl Pts',(2.78221423051696,-25.0050731028146,-7.25787736965032E-5));
#6660=CARTESIAN_POINT('Ctrl Pts',(2.7606140688513,-25.0326973640996,-7.25787736965017E-5));
#6661=CARTESIAN_POINT('Ctrl Pts',(2.73588210638271,-25.0560022704153,-7.25787736965027E-5));
#6662=CARTESIAN_POINT('Ctrl Pts',(2.70563183915688,-25.0701874329863,-7.25787736965072E-5));
#6663=CARTESIAN_POINT('Ctrl Pts',(2.67617707324916,-25.0839995636288,-7.25787736965116E-5));
#6664=CARTESIAN_POINT('Ctrl Pts',(2.64083135415989,-25.09090562895,-7.25787736965191E-5));
#6665=CARTESIAN_POINT('Ctrl Pts',(2.59959468188908,-25.09090562895,-7.25787736965293E-5));
#6666=CARTESIAN_POINT('',(12.4993415034748,-24.8807639270323,-7.25787736941368E-5));
#6667=CARTESIAN_POINT('',(12.1164295466744,-25.1234627940359,-7.2578773694161E-5));
#6668=CARTESIAN_POINT('Ctrl Pts',(12.4993415034748,-24.8807639270323,-7.25787736941349E-5));
#6669=CARTESIAN_POINT('Ctrl Pts',(12.4993415034748,-24.9340392880818,-7.2578773694123E-5));
#6670=CARTESIAN_POINT('Ctrl Pts',(12.494098492038,-24.9776857900077,-7.2578773694115E-5));
#6671=CARTESIAN_POINT('Ctrl Pts',(12.4816686439301,-25.0109925873757,-7.25787736941106E-5));
#6672=CARTESIAN_POINT('Ctrl Pts',(12.469886737567,-25.0425631717013,-7.25787736941065E-5));
#6673=CARTESIAN_POINT('Ctrl Pts',(12.4551701849192,-25.0684028814101,-7.25787736941032E-5));
#6674=CARTESIAN_POINT('Ctrl Pts',(12.4345410184778,-25.084986144389,-7.25787736941046E-5));
#6675=CARTESIAN_POINT('Ctrl Pts',(12.4149045078726,-25.1007714365518,-7.25787736941059E-5));
#6676=CARTESIAN_POINT('Ctrl Pts',(12.3926887870787,-25.113540364846,-7.25787736941104E-5));
#6677=CARTESIAN_POINT('Ctrl Pts',(12.36679505689,-25.1175433094748,-7.25787736941161E-5));
#6678=CARTESIAN_POINT('Ctrl Pts',(12.3412675931033,-25.1214896325155,-7.25787736941217E-5));
#6679=CARTESIAN_POINT('Ctrl Pts',(12.3147583037864,-25.1234627940359,-7.25787736941256E-5));
#6680=CARTESIAN_POINT('Ctrl Pts',(12.2872671889392,-25.1234627940359,-7.25787736941322E-5));
#6681=CARTESIAN_POINT('Ctrl Pts',(12.2303213081842,-25.1234627940359,-7.25787736941461E-5));
#6682=CARTESIAN_POINT('Ctrl Pts',(12.1733754274293,-25.1234627940359,-7.25787736941609E-5));
#6683=CARTESIAN_POINT('Ctrl Pts',(12.1164295466744,-25.1234627940359,-7.2578773694175E-5));
#6684=CARTESIAN_POINT('',(12.1164295466744,-25.3424837227952,-7.25787736941003E-5));
#6685=CARTESIAN_POINT('',(12.1164295466744,2.43829106223704,-7.25787737019127E-5));
#6686=CARTESIAN_POINT('',(13.5302583102451,-25.3424837227952,-7.25787736937534E-5));
#6687=CARTESIAN_POINT('',(-1.94185500846214,-25.3424837227952,-7.25787736975429E-5));
#6688=CARTESIAN_POINT('',(13.5302583102451,-25.1234627940359,-7.25787736938158E-5));
#6689=CARTESIAN_POINT('',(13.5302583102451,2.32878059785736,-7.25787737015354E-5));
#6690=CARTESIAN_POINT('',(13.1444008768539,-24.8807639270323,-7.25787736939789E-5));
#6691=CARTESIAN_POINT('Ctrl Pts',(13.5302583102451,-25.1234627940359,-7.25787736938145E-5));
#6692=CARTESIAN_POINT('Ctrl Pts',(13.4713487784296,-25.1234627940359,-7.25787736938291E-5));
#6693=CARTESIAN_POINT('Ctrl Pts',(13.4124392466142,-25.1234627940359,-7.25787736938434E-5));
#6694=CARTESIAN_POINT('Ctrl Pts',(13.3535297147987,-25.1234627940359,-7.25787736938581E-5));
#6695=CARTESIAN_POINT('Ctrl Pts',(13.3260385999515,-25.1234627940359,-7.25787736938649E-5));
#6696=CARTESIAN_POINT('Ctrl Pts',(13.2995293106346,-25.1214896325155,-7.25787736938721E-5));
#6697=CARTESIAN_POINT('Ctrl Pts',(13.2740018468479,-25.1175433094748,-7.25787736938791E-5));
#6698=CARTESIAN_POINT('Ctrl Pts',(13.2481081166592,-25.1135403648459,-7.25787736938861E-5));
#6699=CARTESIAN_POINT('Ctrl Pts',(13.2258923958653,-25.1007714365518,-7.25787736938944E-5));
#6700=CARTESIAN_POINT('Ctrl Pts',(13.2062558852601,-25.084986144389,-7.25787736939031E-5));
#6701=CARTESIAN_POINT('Ctrl Pts',(13.1856267188187,-25.06840288141,-7.25787736939122E-5));
#6702=CARTESIAN_POINT('Ctrl Pts',(13.1709101661709,-25.0425631717013,-7.25787736939216E-5));
#6703=CARTESIAN_POINT('Ctrl Pts',(13.1591282598078,-25.0109925873757,-7.25787736939318E-5));
#6704=CARTESIAN_POINT('Ctrl Pts',(13.146910573645,-24.9782542953387,-7.25787736939424E-5));
#6705=CARTESIAN_POINT('Ctrl Pts',(13.1444008768539,-24.9340392880818,-7.25787736939522E-5));
#6706=CARTESIAN_POINT('Ctrl Pts',(13.1444008768539,-24.8807639270323,-7.25787736939641E-5));
#6707=CARTESIAN_POINT('',(13.1444008768539,-24.0697945421665,-7.25787736942062E-5));
#6708=CARTESIAN_POINT('',(13.1444008768539,2.55964049573885,-7.2578773701695E-5));
#6709=CARTESIAN_POINT('',(13.415384723205,-24.0697945421665,-7.25787736941402E-5));
#6710=CARTESIAN_POINT('',(-1.42786934337237,-24.0697945421665,-7.25787736977745E-5));
#6711=CARTESIAN_POINT('',(14.9087413547265,-25.3424837227952,-7.25787736934169E-5));
#6712=CARTESIAN_POINT('Ctrl Pts',(13.415384723205,-24.0697945421665,-7.25787736941398E-5));
#6713=CARTESIAN_POINT('Ctrl Pts',(13.5764041101672,-24.3716882547808,-7.25787736940325E-5));
#6714=CARTESIAN_POINT('Ctrl Pts',(13.7374234971294,-24.673581967395,-7.25787736939268E-5));
#6715=CARTESIAN_POINT('Ctrl Pts',(13.8984428840916,-24.9754756800093,-7.25787736938185E-5));
#6716=CARTESIAN_POINT('Ctrl Pts',(13.9391725171861,-25.0518392805688,-7.25787736937911E-5));
#6717=CARTESIAN_POINT('Ctrl Pts',(13.9887315762042,-25.1126514632057,-7.25787736937642E-5));
#6718=CARTESIAN_POINT('Ctrl Pts',(14.0398257604487,-25.1619394436828,-7.2578773693741E-5));
#6719=CARTESIAN_POINT('Ctrl Pts',(14.0889170369615,-25.2092953201713,-7.25787736937188E-5));
#6720=CARTESIAN_POINT('Ctrl Pts',(14.147826568777,-25.246785389058,-7.25787736936959E-5));
#6721=CARTESIAN_POINT('Ctrl Pts',(14.216554355895,-25.274409650343,-7.25787736936732E-5));
#6722=CARTESIAN_POINT('Ctrl Pts',(14.285282143013,-25.302033911628,-7.25787736936505E-5));
#6723=CARTESIAN_POINT('Ctrl Pts',(14.3648100109639,-25.3207789460713,-7.25787736936266E-5));
#6724=CARTESIAN_POINT('Ctrl Pts',(14.4551379597476,-25.3306447536731,-7.25787736936018E-5));
#6725=CARTESIAN_POINT('Ctrl Pts',(14.5472208245359,-25.3407022368736,-7.25787736935765E-5));
#6726=CARTESIAN_POINT('Ctrl Pts',(14.6544485423898,-25.3424837227952,-7.25787736935491E-5));
#6727=CARTESIAN_POINT('Ctrl Pts',(14.7761949081417,-25.3424837227952,-7.25787736935198E-5));
#6728=CARTESIAN_POINT('Ctrl Pts',(14.8203770570033,-25.3424837227952,-7.25787736935091E-5));
#6729=CARTESIAN_POINT('Ctrl Pts',(14.8645592058649,-25.3424837227952,-7.2578773693498E-5));
#6730=CARTESIAN_POINT('Ctrl Pts',(14.9087413547265,-25.3424837227952,-7.25787736934871E-5));
#6731=CARTESIAN_POINT('',(14.9087413547265,-25.1234627940359,-7.25787736934776E-5));
#6732=CARTESIAN_POINT('',(14.9087413547265,2.32878059785736,-7.2578773701198E-5));
#6733=CARTESIAN_POINT('',(14.4845927256553,-24.7890119163358,-7.25787736936753E-5));
#6734=CARTESIAN_POINT('Ctrl Pts',(14.9087413547265,-25.1234627940359,-7.25787736934772E-5));
#6735=CARTESIAN_POINT('Ctrl Pts',(14.9038322270752,-25.1234627940359,-7.25787736934784E-5));
#6736=CARTESIAN_POINT('Ctrl Pts',(14.8989230994239,-25.1234627940359,-7.25787736934796E-5));
#6737=CARTESIAN_POINT('Ctrl Pts',(14.8940139717726,-25.1234627940359,-7.25787736934808E-5));
#6738=CARTESIAN_POINT('Ctrl Pts',(14.8547409505624,-25.1234627940359,-7.25787736934905E-5));
#6739=CARTESIAN_POINT('Ctrl Pts',(14.8184134059428,-25.1175433094748,-7.25787736935007E-5));
#6740=CARTESIAN_POINT('Ctrl Pts',(14.7850313379141,-25.1057043403527,-7.25787736935116E-5));
#6741=CARTESIAN_POINT('Ctrl Pts',(14.7498977253553,-25.093244184982,-7.2578773693523E-5));
#6742=CARTESIAN_POINT('Ctrl Pts',(14.7144847827683,-25.075124400838,-7.25787736935358E-5));
#6743=CARTESIAN_POINT('Ctrl Pts',(14.681939657237,-25.046509494742,-7.25787736935503E-5));
#6744=CARTESIAN_POINT('Ctrl Pts',(14.6505212402688,-25.0188852334571,-7.25787736935644E-5));
#6745=CARTESIAN_POINT('Ctrl Pts',(14.6181209977703,-24.9843549068509,-7.25787736935808E-5));
#6746=CARTESIAN_POINT('Ctrl Pts',(14.5847389297416,-24.9429185149234,-7.25787736935982E-5));
#6747=CARTESIAN_POINT('Ctrl Pts',(14.5511289951219,-24.9011992774468,-7.25787736936157E-5));
#6748=CARTESIAN_POINT('Ctrl Pts',(14.5191044364042,-24.8487015900223,-7.25787736936353E-5));
#6749=CARTESIAN_POINT('Ctrl Pts',(14.4845927256553,-24.7890119163358,-7.25787736936572E-5));
#6750=CARTESIAN_POINT('',(13.9985890881779,-23.9484451086647,-7.25787736940309E-5));
#6751=CARTESIAN_POINT('',(-1.20501674242322,2.34692684461804,-7.25787737051497E-5));
#6752=CARTESIAN_POINT('',(12.1164295466744,-22.4093791227881,-7.25787736949243E-5));
#6753=CARTESIAN_POINT('Ctrl Pts',(13.9985890881779,-23.9484451086647,-7.25787736940317E-5));
#6754=CARTESIAN_POINT('Ctrl Pts',(14.0673168752959,-23.9208208473798,-7.25787736940208E-5));
#6755=CARTESIAN_POINT('Ctrl Pts',(14.1350628368837,-23.8853039400134,-7.25787736940116E-5));
#6756=CARTESIAN_POINT('Ctrl Pts',(14.2018269729412,-23.8418943865656,-7.25787736940047E-5));
#6757=CARTESIAN_POINT('Ctrl Pts',(14.2672131085422,-23.7993807989461,-7.2578773693998E-5));
#6758=CARTESIAN_POINT('Ctrl Pts',(14.3255369897536,-23.7452094720682,-7.25787736939957E-5));
#6759=CARTESIAN_POINT('Ctrl Pts',(14.3785555683875,-23.6820683034168,-7.25787736939967E-5));
#6760=CARTESIAN_POINT('Ctrl Pts',(14.4315741470214,-23.6189271347655,-7.25787736939977E-5));
#6761=CARTESIAN_POINT('Ctrl Pts',(14.4737926448225,-23.5449335777522,-7.25787736940037E-5));
#6762=CARTESIAN_POINT('Ctrl Pts',(14.5052110617907,-23.4600876323769,-7.2578773694015E-5));
#6763=CARTESIAN_POINT('Ctrl Pts',(14.5368747936769,-23.374579210081,-7.25787736940263E-5));
#6764=CARTESIAN_POINT('Ctrl Pts',(14.5552841638338,-23.2795433532645,-7.2578773694043E-5));
#6765=CARTESIAN_POINT('Ctrl Pts',(14.5552841638338,-23.1729926311654,-7.25787736940668E-5));
#6766=CARTESIAN_POINT('Ctrl Pts',(14.5552841638338,-22.9243742796007,-7.25787736941224E-5));
#6767=CARTESIAN_POINT('Ctrl Pts',(14.4649562150501,-22.7349507736466,-7.25787736941867E-5));
#6768=CARTESIAN_POINT('Ctrl Pts',(14.2843003174828,-22.6047221133032,-7.25787736942606E-5));
#6769=CARTESIAN_POINT('Ctrl Pts',(14.1036444199154,-22.4744934529598,-7.25787736943345E-5));
#6770=CARTESIAN_POINT('Ctrl Pts',(13.819896841671,-22.4093791227881,-7.25787736944188E-5));
#6771=CARTESIAN_POINT('Ctrl Pts',(13.4330575827496,-22.4093791227881,-7.25787736945143E-5));
#6772=CARTESIAN_POINT('Ctrl Pts',(12.9941815707245,-22.4093791227881,-7.25787736946227E-5));
#6773=CARTESIAN_POINT('Ctrl Pts',(12.5553055586994,-22.4093791227881,-7.25787736947308E-5));
#6774=CARTESIAN_POINT('Ctrl Pts',(12.1164295466744,-22.4093791227881,-7.25787736948394E-5));
#6775=CARTESIAN_POINT('',(12.1164295466744,-22.6284000515475,-7.25787736948636E-5));
#6776=CARTESIAN_POINT('',(12.1164295466744,3.79533289786091,-7.25787737022943E-5));
#6777=CARTESIAN_POINT('',(12.4993415034748,-22.8770184031122,-7.25787736947005E-5));
#6778=CARTESIAN_POINT('Ctrl Pts',(12.1164295466744,-22.6284000515475,-7.2578773694862E-5));
#6779=CARTESIAN_POINT('Ctrl Pts',(12.1733754274293,-22.6284000515475,-7.25787736948479E-5));
#6780=CARTESIAN_POINT('Ctrl Pts',(12.2303213081842,-22.6284000515475,-7.25787736948344E-5));
#6781=CARTESIAN_POINT('Ctrl Pts',(12.2872671889392,-22.6284000515475,-7.257877369482E-5));
#6782=CARTESIAN_POINT('Ctrl Pts',(12.3147583037864,-22.6284000515475,-7.25787736948131E-5));
#6783=CARTESIAN_POINT('Ctrl Pts',(12.3412675931033,-22.631359793828,-7.25787736948057E-5));
#6784=CARTESIAN_POINT('Ctrl Pts',(12.36679505689,-22.6372792783891,-7.25787736947982E-5));
#6785=CARTESIAN_POINT('Ctrl Pts',(12.3923225206767,-22.6431987629502,-7.25787736947908E-5));
#6786=CARTESIAN_POINT('Ctrl Pts',(12.4139118520364,-22.6562129227766,-7.25787736947826E-5));
#6787=CARTESIAN_POINT('Ctrl Pts',(12.4345410184778,-22.6727961857555,-7.25787736947738E-5));
#6788=CARTESIAN_POINT('Ctrl Pts',(12.4541775290829,-22.6885814779183,-7.25787736947655E-5));
#6789=CARTESIAN_POINT('Ctrl Pts',(12.469886737567,-22.7132459969228,-7.25787736947555E-5));
#6790=CARTESIAN_POINT('Ctrl Pts',(12.4816686439301,-22.7467897427688,-7.25787736947452E-5));
#6791=CARTESIAN_POINT('Ctrl Pts',(12.4934505502932,-22.7803334886148,-7.25787736947349E-5));
#6792=CARTESIAN_POINT('Ctrl Pts',(12.4993415034748,-22.8237430420626,-7.25787736947232E-5));
#6793=CARTESIAN_POINT('Ctrl Pts',(12.4993415034748,-22.8770184031122,-7.25787736947113E-5));
#6794=CARTESIAN_POINT('',(12.4993415034748,3.56151325769889,-7.25787737021347E-5));
#6795=CARTESIAN_POINT('',(11.2916961012581,-25.09090562895,-7.25787736943727E-5));
#6796=CARTESIAN_POINT('',(10.4728536090234,-25.09090562895,-7.25787736945739E-5));
#6797=CARTESIAN_POINT('',(-2.35422173117026,-25.09090562895,-7.25787736977146E-5));
#6798=CARTESIAN_POINT('',(10.4728536090234,-23.9336463972621,-7.25787736948983E-5));
#6799=CARTESIAN_POINT('',(10.4728536090234,2.45456964477997,-7.25787737023195E-5));
#6800=CARTESIAN_POINT('',(11.4448608839783,-23.9336463972621,-7.25787736946606E-5));
#6801=CARTESIAN_POINT('',(-2.76364297728761,-23.9336463972621,-7.25787736981405E-5));
#6802=CARTESIAN_POINT('',(11.4448608839783,-23.6879877879779,-7.257877369473E-5));
#6803=CARTESIAN_POINT('',(11.4448608839783,3.03319926062395,-7.2578773702244E-5));
#6804=CARTESIAN_POINT('',(10.4728536090234,-23.6879877879779,-7.25787736949677E-5));
#6805=CARTESIAN_POINT('',(-2.27763933981018,-23.6879877879779,-7.25787736980902E-5));
#6806=CARTESIAN_POINT('',(10.4728536090234,-22.6609572166334,-7.25787736952574E-5));
#6807=CARTESIAN_POINT('',(10.4728536090234,3.15602856526602,-7.25787737025163E-5));
#6808=CARTESIAN_POINT('',(11.1620951312641,-22.6609572166334,-7.25787736950874E-5));
#6809=CARTESIAN_POINT('',(-2.76364297728761,-22.6609572166334,-7.25787736984979E-5));
#6810=CARTESIAN_POINT('',(11.4448608839783,-23.1670731466043,-7.25787736948758E-5));
#6811=CARTESIAN_POINT('Ctrl Pts',(11.1620951312641,-22.6609572166334,-7.25787736950853E-5));
#6812=CARTESIAN_POINT('Ctrl Pts',(11.2465321268663,-22.6609572166334,-7.25787736950644E-5));
#6813=CARTESIAN_POINT('Ctrl Pts',(11.3074419043561,-22.689272397411,-7.25787736950434E-5));
#6814=CARTESIAN_POINT('Ctrl Pts',(11.3476601564828,-22.7438300004882,-7.25787736950215E-5));
#6815=CARTESIAN_POINT('Ctrl Pts',(11.3869331776931,-22.7971053615378,-7.2578773695E-5));
#6816=CARTESIAN_POINT('Ctrl Pts',(11.4134456209069,-22.8739471487483,-7.25787736949747E-5));
#6817=CARTESIAN_POINT('Ctrl Pts',(11.4242425478429,-22.9746898983697,-7.25787736949499E-5));
#6818=CARTESIAN_POINT('Ctrl Pts',(11.4311153265547,-23.0388176477813,-7.25787736949341E-5));
#6819=CARTESIAN_POINT('Ctrl Pts',(11.4379881052665,-23.1029453971928,-7.25787736949181E-5));
#6820=CARTESIAN_POINT('Ctrl Pts',(11.4448608839783,-23.1670731466043,-7.2578773694902E-5));
#6821=CARTESIAN_POINT('',(11.7217356835109,-23.1670731466043,-7.25787736948081E-5));
#6822=CARTESIAN_POINT('',(-2.27763933981018,-23.1670731466043,-7.25787736982368E-5));
#6823=CARTESIAN_POINT('',(11.7217356835109,-22.4093791227881,-7.25787736950215E-5));
#6824=CARTESIAN_POINT('',(11.7217356835109,3.41648588595283,-7.25787737022839E-5));
#6825=CARTESIAN_POINT('',(9.44193680225312,-22.4093791227881,-7.25787736955801E-5));
#6826=CARTESIAN_POINT('',(-2.13920194004388,-22.4093791227881,-7.25787736984163E-5));
#6827=CARTESIAN_POINT('',(9.44193680225312,-22.6284000515475,-7.25787736955193E-5));
#6828=CARTESIAN_POINT('',(9.44193680225312,3.79533289786091,-7.25787737029492E-5));
#6829=CARTESIAN_POINT('',(9.61277444451792,-22.6284000515475,-7.2578773695476E-5));
#6830=CARTESIAN_POINT('',(-3.27910138067276,-22.6284000515475,-7.25787736986332E-5));
#6831=CARTESIAN_POINT('',(9.7629937506473,-22.675755928036,-7.25787736954274E-5));
#6832=CARTESIAN_POINT('Ctrl Pts',(9.61277444451792,-22.6284000515475,-7.25787736954755E-5));
#6833=CARTESIAN_POINT('Ctrl Pts',(9.64419286148615,-22.6284000515475,-7.25787736954678E-5));
#6834=CARTESIAN_POINT('Ctrl Pts',(9.67266580186361,-22.631359793828,-7.25787736954598E-5));
#6835=CARTESIAN_POINT('Ctrl Pts',(9.69819326565031,-22.6372792783891,-7.25787736954523E-5));
#6836=CARTESIAN_POINT('Ctrl Pts',(9.72372072943701,-22.6431987629502,-7.25787736954448E-5));
#6837=CARTESIAN_POINT('Ctrl Pts',(9.74532089110267,-22.6560243128325,-7.25787736954366E-5));
#6838=CARTESIAN_POINT('Ctrl Pts',(9.7629937506473,-22.675755928036,-7.25787736954278E-5));
#6839=CARTESIAN_POINT('',(9.82484875905352,-22.8947768567954,-7.25787736953493E-5));
#6840=CARTESIAN_POINT('Ctrl Pts',(9.7629937506473,-22.675755928036,-7.25787736954258E-5));
#6841=CARTESIAN_POINT('Ctrl Pts',(9.78263026125245,-22.6935143817192,-7.25787736954169E-5));
#6842=CARTESIAN_POINT('Ctrl Pts',(9.79496671660617,-22.7209087435777,-7.2578773695408E-5));
#6843=CARTESIAN_POINT('Ctrl Pts',(9.80717589950889,-22.7556689696104,-7.25787736953973E-5));
#6844=CARTESIAN_POINT('Ctrl Pts',(9.81895780587198,-22.7892127154564,-7.2578773695387E-5));
#6845=CARTESIAN_POINT('Ctrl Pts',(9.82484875905352,-22.8355820111847,-7.2578773695375E-5));
#6846=CARTESIAN_POINT('Ctrl Pts',(9.82484875905352,-22.8947768567954,-7.25787736953618E-5));
#6847=CARTESIAN_POINT('',(9.82484875905352,-24.8807639270323,-7.25787736947908E-5));
#6848=CARTESIAN_POINT('',(9.82484875905352,3.5526340308573,-7.2578773702787E-5));
#6849=CARTESIAN_POINT('',(9.44193680225312,-25.1234627940359,-7.25787736948168E-5));
#6850=CARTESIAN_POINT('Ctrl Pts',(9.82484875905352,-24.8807639270323,-7.25787736947901E-5));
#6851=CARTESIAN_POINT('Ctrl Pts',(9.82484875905352,-24.9340392880818,-7.25787736947782E-5));
#6852=CARTESIAN_POINT('Ctrl Pts',(9.81895780587198,-24.9764622607695,-7.25787736947704E-5));
#6853=CARTESIAN_POINT('Ctrl Pts',(9.80717589950889,-25.0080328450951,-7.25787736947661E-5));
#6854=CARTESIAN_POINT('Ctrl Pts',(9.79495821334611,-25.0407711371321,-7.25787736947617E-5));
#6855=CARTESIAN_POINT('Ctrl Pts',(9.78263026125245,-25.0662411099456,-7.2578773694759E-5));
#6856=CARTESIAN_POINT('Ctrl Pts',(9.76299375064731,-25.0820264021084,-7.25787736947603E-5));
#6857=CARTESIAN_POINT('Ctrl Pts',(9.7423645842059,-25.0986096650874,-7.25787736947616E-5));
#6858=CARTESIAN_POINT('Ctrl Pts',(9.72114151924825,-25.113540364846,-7.25787736947636E-5));
#6859=CARTESIAN_POINT('Ctrl Pts',(9.69524778905954,-25.1175433094748,-7.25787736947691E-5));
#6860=CARTESIAN_POINT('Ctrl Pts',(9.66972032527284,-25.1214896325155,-7.25787736947746E-5));
#6861=CARTESIAN_POINT('Ctrl Pts',(9.64222921042564,-25.1234627940359,-7.25787736947808E-5));
#6862=CARTESIAN_POINT('Ctrl Pts',(9.61277444451792,-25.1234627940359,-7.25787736947881E-5));
#6863=CARTESIAN_POINT('Ctrl Pts',(9.55582856376299,-25.1234627940359,-7.25787736948023E-5));
#6864=CARTESIAN_POINT('Ctrl Pts',(9.49888268300806,-25.1234627940359,-7.25787736948161E-5));
#6865=CARTESIAN_POINT('Ctrl Pts',(9.44193680225313,-25.1234627940359,-7.25787736948302E-5));
#6866=CARTESIAN_POINT('',(9.44193680225312,-25.3424837227952,-7.25787736947561E-5));
#6867=CARTESIAN_POINT('',(9.44193680225312,2.43829106223704,-7.25787737025675E-5));
#6868=CARTESIAN_POINT('',(11.8542821300956,-25.3424837227952,-7.25787736941645E-5));
#6869=CARTESIAN_POINT('',(-3.27910138067276,-25.3424837227952,-7.25787736978699E-5));
#6870=CARTESIAN_POINT('',(11.8542821300956,-24.5877494412596,-7.25787736943762E-5));
#6871=CARTESIAN_POINT('',(11.8542821300956,2.32878059785736,-7.25787737019456E-5));
#6872=CARTESIAN_POINT('',(11.5862437603354,-24.5877494412596,-7.25787736944421E-5));
#6873=CARTESIAN_POINT('',(-2.0729287167515,-24.5877494412596,-7.25787736977866E-5));
#6874=CARTESIAN_POINT('Ctrl Pts',(11.5862437603354,-24.5877494412596,-7.25787736944431E-5));
#6875=CARTESIAN_POINT('Ctrl Pts',(11.5754436795025,-24.6518771906711,-7.25787736944315E-5));
#6876=CARTESIAN_POINT('Ctrl Pts',(11.5646435986697,-24.7160049400826,-7.25787736944174E-5));
#6877=CARTESIAN_POINT('Ctrl Pts',(11.5538435178369,-24.7801326894942,-7.25787736944058E-5));
#6878=CARTESIAN_POINT('Ctrl Pts',(11.5462436983228,-24.8252582148409,-7.25787736943976E-5));
#6879=CARTESIAN_POINT('Ctrl Pts',(11.5363620072008,-24.8663429234669,-7.25787736943924E-5));
#6880=CARTESIAN_POINT('Ctrl Pts',(11.5243887519291,-24.9044418652765,-7.25787736943872E-5));
#6881=CARTESIAN_POINT('Ctrl Pts',(11.512606845566,-24.9419319341633,-7.25787736943821E-5));
#6882=CARTESIAN_POINT('Ctrl Pts',(11.4968822129386,-24.9762129190939,-7.25787736943778E-5));
#6883=CARTESIAN_POINT('Ctrl Pts',(11.474315649886,-25.0050731028146,-7.25787736943766E-5));
#6884=CARTESIAN_POINT('Ctrl Pts',(11.4527154882203,-25.0326973640996,-7.25787736943755E-5));
#6885=CARTESIAN_POINT('Ctrl Pts',(11.4279835257518,-25.0560022704152,-7.25787736943764E-5));
#6886=CARTESIAN_POINT('Ctrl Pts',(11.3977332585259,-25.0701874329863,-7.25787736943809E-5));
#6887=CARTESIAN_POINT('Ctrl Pts',(11.3682784926182,-25.0839995636288,-7.25787736943853E-5));
#6888=CARTESIAN_POINT('Ctrl Pts',(11.3329327735289,-25.09090562895,-7.25787736943928E-5));
#6889=CARTESIAN_POINT('Ctrl Pts',(11.2916961012581,-25.09090562895,-7.2578773694403E-5));
#6890=CARTESIAN_POINT('',(7.80130634119296,-25.1234627940359,-7.25787736952192E-5));
#6891=CARTESIAN_POINT('',(7.80130634119296,-25.3424837227952,-7.25787736951568E-5));
#6892=CARTESIAN_POINT('',(7.80130634119296,2.43829106223704,-7.25787737029691E-5));
#6893=CARTESIAN_POINT('',(9.21513510476366,-25.3424837227952,-7.25787736948116E-5));
#6894=CARTESIAN_POINT('',(-4.09941661120284,-25.3424837227952,-7.25787736980711E-5));
#6895=CARTESIAN_POINT('',(9.21513510476366,-25.1234627940359,-7.25787736948723E-5));
#6896=CARTESIAN_POINT('',(9.21513510476366,2.32878059785736,-7.25787737025918E-5));
#6897=CARTESIAN_POINT('',(9.04135198590809,-25.1234627940359,-7.25787736949157E-5));
#6898=CARTESIAN_POINT('',(-3.39250222941749,-25.1234627940359,-7.25787736979592E-5));
#6899=CARTESIAN_POINT('',(8.96182411795724,-25.1175433094748,-7.25787736949365E-5));
#6900=CARTESIAN_POINT('Ctrl Pts',(9.04135198590809,-25.1234627940359,-7.25787736949144E-5));
#6901=CARTESIAN_POINT('Ctrl Pts',(9.01386087106088,-25.1234627940359,-7.25787736949212E-5));
#6902=CARTESIAN_POINT('Ctrl Pts',(8.98735158174393,-25.1214896325155,-7.257877369493E-5));
#6903=CARTESIAN_POINT('Ctrl Pts',(8.96182411795724,-25.1175433094748,-7.25787736949372E-5));
#6904=CARTESIAN_POINT('',(8.83516862455404,-24.8807639270323,-7.25787736950336E-5));
#6905=CARTESIAN_POINT('Ctrl Pts',(8.96182411795724,-25.1175433094748,-7.25787736949351E-5));
#6906=CARTESIAN_POINT('Ctrl Pts',(8.93826030523106,-25.1116238249137,-7.25787736949423E-5));
#6907=CARTESIAN_POINT('Ctrl Pts',(8.9166601435654,-25.1007714365518,-7.25787736949491E-5));
#6908=CARTESIAN_POINT('Ctrl Pts',(8.89702363296025,-25.084986144389,-7.25787736949574E-5));
#6909=CARTESIAN_POINT('Ctrl Pts',(8.87639446651884,-25.0684028814101,-7.25787736949661E-5));
#6910=CARTESIAN_POINT('Ctrl Pts',(8.86167791387098,-25.0425631717013,-7.25787736949755E-5));
#6911=CARTESIAN_POINT('Ctrl Pts',(8.84989600750789,-25.0109925873757,-7.25787736949857E-5));
#6912=CARTESIAN_POINT('Ctrl Pts',(8.83767832134511,-24.9782542953387,-7.25787736949963E-5));
#6913=CARTESIAN_POINT('Ctrl Pts',(8.83516862455403,-24.9340392880818,-7.25787736950067E-5));
#6914=CARTESIAN_POINT('Ctrl Pts',(8.83516862455403,-24.8807639270323,-7.25787736950186E-5));
#6915=CARTESIAN_POINT('',(8.83516862455403,-22.8947768567954,-7.25787736955922E-5));
#6916=CARTESIAN_POINT('',(8.83516862455404,2.55964049573885,-7.25787737027505E-5));
#6917=CARTESIAN_POINT('',(9.21513510476366,-22.6284000515475,-7.25787736955748E-5));
#6918=CARTESIAN_POINT('Ctrl Pts',(8.83516862455403,-22.8947768567954,-7.25787736955913E-5));
#6919=CARTESIAN_POINT('Ctrl Pts',(8.83516862455403,-22.8375551727051,-7.25787736956041E-5));
#6920=CARTESIAN_POINT('Ctrl Pts',(8.84007775220531,-22.7911858769768,-7.25787736956131E-5));
#6921=CARTESIAN_POINT('Ctrl Pts',(8.84989600750789,-22.7556689696104,-7.25787736956186E-5));
#6922=CARTESIAN_POINT('Ctrl Pts',(8.85971426281046,-22.720152062244,-7.25787736956241E-5));
#6923=CARTESIAN_POINT('Ctrl Pts',(8.87444164576433,-22.6935143817192,-7.25787736956263E-5));
#6924=CARTESIAN_POINT('Ctrl Pts',(8.89407815636948,-22.675755928036,-7.25787736956255E-5));
#6925=CARTESIAN_POINT('Ctrl Pts',(8.91471959804966,-22.6570886559629,-7.25787736956246E-5));
#6926=CARTESIAN_POINT('Ctrl Pts',(8.93629665417055,-22.6431987629502,-7.25787736956223E-5));
#6927=CARTESIAN_POINT('Ctrl Pts',(8.96182411795724,-22.6372792783891,-7.25787736956172E-5));
#6928=CARTESIAN_POINT('Ctrl Pts',(8.98735158174393,-22.631359793828,-7.2578773695612E-5));
#6929=CARTESIAN_POINT('Ctrl Pts',(9.01386087106088,-22.6284000515475,-7.25787736956061E-5));
#6930=CARTESIAN_POINT('Ctrl Pts',(9.04135198590809,-22.6284000515475,-7.25787736955994E-5));
#6931=CARTESIAN_POINT('Ctrl Pts',(9.09927969219328,-22.6284000515475,-7.25787736955853E-5));
#6932=CARTESIAN_POINT('Ctrl Pts',(9.15720739847847,-22.6284000515475,-7.2578773695571E-5));
#6933=CARTESIAN_POINT('Ctrl Pts',(9.21513510476366,-22.6284000515475,-7.25787736955566E-5));
#6934=CARTESIAN_POINT('',(9.21513510476366,-22.4093791227881,-7.25787736956356E-5));
#6935=CARTESIAN_POINT('',(9.21513510476366,3.68582243348123,-7.25787737029734E-5));
#6936=CARTESIAN_POINT('',(7.80130634119296,-22.4093791227881,-7.25787736959825E-5));
#6937=CARTESIAN_POINT('',(-3.39250222941749,-22.4093791227881,-7.25787736987225E-5));
#6938=CARTESIAN_POINT('',(7.80130634119296,-22.6284000515475,-7.25787736959201E-5));
#6939=CARTESIAN_POINT('',(7.80130634119296,3.79533289786091,-7.25787737033507E-5));
#6940=CARTESIAN_POINT('',(8.18716377458413,-22.8947768567954,-7.25787736957518E-5));
#6941=CARTESIAN_POINT('Ctrl Pts',(7.80130634119295,-22.6284000515475,-7.25787736959202E-5));
#6942=CARTESIAN_POINT('Ctrl Pts',(7.85923404747814,-22.6284000515475,-7.25787736959059E-5));
#6943=CARTESIAN_POINT('Ctrl Pts',(7.91716175376333,-22.6284000515475,-7.25787736958913E-5));
#6944=CARTESIAN_POINT('Ctrl Pts',(7.97508946004852,-22.6284000515475,-7.25787736958767E-5));
#6945=CARTESIAN_POINT('Ctrl Pts',(8.00454422595624,-22.6284000515475,-7.25787736958693E-5));
#6946=CARTESIAN_POINT('Ctrl Pts',(8.03203534080345,-22.631359793828,-7.25787736958615E-5));
#6947=CARTESIAN_POINT('Ctrl Pts',(8.05756280459014,-22.6372792783891,-7.25787736958542E-5));
#6948=CARTESIAN_POINT('Ctrl Pts',(8.08309026837684,-22.6431987629502,-7.25787736958469E-5));
#6949=CARTESIAN_POINT('Ctrl Pts',(8.10466732449772,-22.6570886559629,-7.25787736958384E-5));
#6950=CARTESIAN_POINT('Ctrl Pts',(8.12530876617791,-22.675755928036,-7.25787736958291E-5));
#6951=CARTESIAN_POINT('Ctrl Pts',(8.14494527678306,-22.6935143817192,-7.25787736958202E-5));
#6952=CARTESIAN_POINT('Ctrl Pts',(8.15967265973692,-22.720152062244,-7.25787736958107E-5));
#6953=CARTESIAN_POINT('Ctrl Pts',(8.16949091503949,-22.7556689696104,-7.25787736958004E-5));
#6954=CARTESIAN_POINT('Ctrl Pts',(8.17946269892647,-22.7917412567609,-7.257877369579E-5));
#6955=CARTESIAN_POINT('Ctrl Pts',(8.18716377458412,-22.8375551727051,-7.25787736957769E-5));
#6956=CARTESIAN_POINT('Ctrl Pts',(8.18716377458412,-22.8947768567954,-7.25787736957641E-5));
#6957=CARTESIAN_POINT('',(8.18716377458412,-23.6879877879779,-7.2578773695528E-5));
#6958=CARTESIAN_POINT('',(8.18716377458413,3.5526340308573,-7.25787737031885E-5));
#6959=CARTESIAN_POINT('',(7.12090124872455,-23.6879877879779,-7.257877369579E-5));
#6960=CARTESIAN_POINT('',(-3.90648789450726,-23.6879877879779,-7.25787736984892E-5));
#6961=CARTESIAN_POINT('',(7.12090124872455,-22.8947768567954,-7.2578773696012E-5));
#6962=CARTESIAN_POINT('',(7.12090124872455,3.15602856526602,-7.25787737033377E-5));
#6963=CARTESIAN_POINT('',(7.18275625713077,-22.675755928036,-7.25787736960588E-5));
#6964=CARTESIAN_POINT('Ctrl Pts',(7.12090124872455,-22.8947768567954,-7.25787736960128E-5));
#6965=CARTESIAN_POINT('Ctrl Pts',(7.12090124872455,-22.8375551727051,-7.25787736960256E-5));
#6966=CARTESIAN_POINT('Ctrl Pts',(7.12581037637584,-22.7911858769767,-7.25787736960343E-5));
#6967=CARTESIAN_POINT('Ctrl Pts',(7.13562863167841,-22.7556689696104,-7.25787736960398E-5));
#6968=CARTESIAN_POINT('Ctrl Pts',(7.1456004155654,-22.7195966824599,-7.25787736960453E-5));
#6969=CARTESIAN_POINT('Ctrl Pts',(7.16311974652562,-22.6935143817192,-7.25787736960463E-5));
#6970=CARTESIAN_POINT('Ctrl Pts',(7.18275625713077,-22.675755928036,-7.25787736960454E-5));
#6971=CARTESIAN_POINT('',(7.33003008666939,-22.6284000515475,-7.25787736960363E-5));
#6972=CARTESIAN_POINT('Ctrl Pts',(7.18275625713077,-22.675755928036,-7.25787736960569E-5));
#6973=CARTESIAN_POINT('Ctrl Pts',(7.20042911667541,-22.6560243128325,-7.2578773696057E-5));
#6974=CARTESIAN_POINT('Ctrl Pts',(7.22202927834107,-22.6431987629502,-7.25787736960531E-5));
#6975=CARTESIAN_POINT('Ctrl Pts',(7.24755674212776,-22.6372792783891,-7.25787736960482E-5));
#6976=CARTESIAN_POINT('Ctrl Pts',(7.27308420591446,-22.631359793828,-7.25787736960433E-5));
#6977=CARTESIAN_POINT('Ctrl Pts',(7.30057532076166,-22.6284000515475,-7.25787736960382E-5));
#6978=CARTESIAN_POINT('Ctrl Pts',(7.33003008666939,-22.6284000515475,-7.25787736960309E-5));
#6979=CARTESIAN_POINT('',(7.50675868211573,-22.6284000515475,-7.25787736959929E-5));
#6980=CARTESIAN_POINT('',(-4.33505473846463,-22.6284000515475,-7.25787736988925E-5));
#6981=CARTESIAN_POINT('',(7.50675868211573,-22.4093791227881,-7.25787736960536E-5));
#6982=CARTESIAN_POINT('',(7.50675868211572,3.68582243348123,-7.25787737033924E-5));
#6983=CARTESIAN_POINT('',(6.09292991854502,-22.4093791227881,-7.25787736964006E-5));
#6984=CARTESIAN_POINT('',(-4.24669044074146,-22.4093791227881,-7.25787736989324E-5));
#6985=CARTESIAN_POINT('',(6.09292991854502,-22.6284000515475,-7.25787736963381E-5));
#6986=CARTESIAN_POINT('',(6.09292991854502,3.79533289786091,-7.25787737037697E-5));
#6987=CARTESIAN_POINT('',(6.47584187534541,-22.8799781453927,-7.25787736961751E-5));
#6988=CARTESIAN_POINT('Ctrl Pts',(6.09292991854502,-22.6284000515475,-7.25787736963376E-5));
#6989=CARTESIAN_POINT('Ctrl Pts',(6.14987579929995,-22.6284000515475,-7.25787736963235E-5));
#6990=CARTESIAN_POINT('Ctrl Pts',(6.20682168005489,-22.6284000515475,-7.25787736963098E-5));
#6991=CARTESIAN_POINT('Ctrl Pts',(6.26376756080982,-22.6284000515475,-7.25787736962957E-5));
#6992=CARTESIAN_POINT('Ctrl Pts',(6.29125867565702,-22.6284000515475,-7.2578773696289E-5));
#6993=CARTESIAN_POINT('Ctrl Pts',(6.31776796497397,-22.631359793828,-7.25787736962801E-5));
#6994=CARTESIAN_POINT('Ctrl Pts',(6.34329542876067,-22.6372792783891,-7.25787736962726E-5));
#6995=CARTESIAN_POINT('Ctrl Pts',(6.36882289254736,-22.6431987629502,-7.25787736962651E-5));
#6996=CARTESIAN_POINT('Ctrl Pts',(6.39140487974329,-22.6550377320723,-7.25787736962578E-5));
#6997=CARTESIAN_POINT('Ctrl Pts',(6.41104139034843,-22.6727961857555,-7.25787736962495E-5));
#6998=CARTESIAN_POINT('Ctrl Pts',(6.43067790095358,-22.6905546394387,-7.25787736962412E-5));
#6999=CARTESIAN_POINT('Ctrl Pts',(6.44573916769296,-22.7164426876814,-7.25787736962312E-5));
#7000=CARTESIAN_POINT('Ctrl Pts',(6.45816901580079,-22.7497494850493,-7.25787736962207E-5));
#7001=CARTESIAN_POINT('Ctrl Pts',(6.46995092216388,-22.781320069375,-7.25787736962108E-5));
#7002=CARTESIAN_POINT('Ctrl Pts',(6.47584187534542,-22.8247296228228,-7.25787736961992E-5));
#7003=CARTESIAN_POINT('Ctrl Pts',(6.47584187534542,-22.8799781453927,-7.25787736961869E-5));
#7004=CARTESIAN_POINT('',(6.47584187534542,-24.857085988788,-7.25787736956182E-5));
#7005=CARTESIAN_POINT('',(6.47584187534541,3.56003338655863,-7.25787737036092E-5));
#7006=CARTESIAN_POINT('',(6.09292991854502,-25.1234627940359,-7.25787736956373E-5));
#7007=CARTESIAN_POINT('Ctrl Pts',(6.47584187534542,-24.857085988788,-7.25787736956177E-5));
#7008=CARTESIAN_POINT('Ctrl Pts',(6.47584187534542,-24.9162808343986,-7.25787736956044E-5));
#7009=CARTESIAN_POINT('Ctrl Pts',(6.4686818725621,-24.9632367894026,-7.25787736955962E-5));
#7010=CARTESIAN_POINT('Ctrl Pts',(6.45816901580079,-24.9991536182535,-7.25787736955907E-5));
#7011=CARTESIAN_POINT('Ctrl Pts',(6.44835076049821,-25.0326973640996,-7.25787736955855E-5));
#7012=CARTESIAN_POINT('Ctrl Pts',(6.43462830861939,-25.0603993877548,-7.25787736955825E-5));
#7013=CARTESIAN_POINT('Ctrl Pts',(6.4139868669392,-25.0790666598279,-7.25787736955836E-5));
#7014=CARTESIAN_POINT('Ctrl Pts',(6.39435035633405,-25.0968251135111,-7.25787736955847E-5));
#7015=CARTESIAN_POINT('Ctrl Pts',(6.37176836913813,-25.1086640826332,-7.25787736955877E-5));
#7016=CARTESIAN_POINT('Ctrl Pts',(6.34624090535144,-25.1145835671943,-7.25787736955927E-5));
#7017=CARTESIAN_POINT('Ctrl Pts',(6.32071344156475,-25.1205030517553,-7.25787736955977E-5));
#7018=CARTESIAN_POINT('Ctrl Pts',(6.29322232671754,-25.1234627940359,-7.25787736956039E-5));
#7019=CARTESIAN_POINT('Ctrl Pts',(6.26376756080982,-25.1234627940359,-7.2578773695611E-5));
#7020=CARTESIAN_POINT('Ctrl Pts',(6.20682168005488,-25.1234627940359,-7.25787736956248E-5));
#7021=CARTESIAN_POINT('Ctrl Pts',(6.14987579929995,-25.1234627940359,-7.25787736956393E-5));
#7022=CARTESIAN_POINT('Ctrl Pts',(6.09292991854502,-25.1234627940359,-7.25787736956534E-5));
#7023=CARTESIAN_POINT('',(6.09292991854502,-25.3424837227952,-7.25787736955748E-5));
#7024=CARTESIAN_POINT('',(6.09292991854502,2.43829106223704,-7.2578773703388E-5));
#7025=CARTESIAN_POINT('',(7.50675868211573,-25.3424837227952,-7.25787736952296E-5));
#7026=CARTESIAN_POINT('',(-4.95360482252681,-25.3424837227952,-7.25787736982801E-5));
#7027=CARTESIAN_POINT('',(7.50675868211573,-25.1234627940359,-7.25787736952904E-5));
#7028=CARTESIAN_POINT('',(7.50675868211572,2.32878059785736,-7.25787737030107E-5));
#7029=CARTESIAN_POINT('',(7.12090124872455,-24.857085988788,-7.25787736954604E-5));
#7030=CARTESIAN_POINT('Ctrl Pts',(7.50675868211572,-25.1234627940359,-7.25787736952908E-5));
#7031=CARTESIAN_POINT('Ctrl Pts',(7.44784915030028,-25.1234627940359,-7.25787736953054E-5));
#7032=CARTESIAN_POINT('Ctrl Pts',(7.38893961848483,-25.1234627940359,-7.25787736953197E-5));
#7033=CARTESIAN_POINT('Ctrl Pts',(7.33003008666939,-25.1234627940359,-7.25787736953345E-5));
#7034=CARTESIAN_POINT('Ctrl Pts',(7.30057532076166,-25.1234627940359,-7.25787736953419E-5));
#7035=CARTESIAN_POINT('Ctrl Pts',(7.27308420591446,-25.1205030517553,-7.25787736953498E-5));
#7036=CARTESIAN_POINT('Ctrl Pts',(7.24755674212776,-25.1145835671943,-7.25787736953572E-5));
#7037=CARTESIAN_POINT('Ctrl Pts',(7.22202927834107,-25.1086640826332,-7.25787736953646E-5));
#7038=CARTESIAN_POINT('Ctrl Pts',(7.20042911667541,-25.0968251135111,-7.25787736953729E-5));
#7039=CARTESIAN_POINT('Ctrl Pts',(7.18275625713077,-25.0790666598279,-7.2578773695381E-5));
#7040=CARTESIAN_POINT('Ctrl Pts',(7.16311974652562,-25.0593350446244,-7.25787736953899E-5));
#7041=CARTESIAN_POINT('Ctrl Pts',(7.1474105380415,-25.0326973640996,-7.25787736954003E-5));
#7042=CARTESIAN_POINT('Ctrl Pts',(7.13562863167842,-24.9991536182535,-7.25787736954108E-5));
#7043=CARTESIAN_POINT('Ctrl Pts',(7.12341944877569,-24.9643933922209,-7.25787736954218E-5));
#7044=CARTESIAN_POINT('Ctrl Pts',(7.12090124872455,-24.9162808343986,-7.25787736954327E-5));
#7045=CARTESIAN_POINT('Ctrl Pts',(7.12090124872455,-24.857085988788,-7.25787736954459E-5));
#7046=CARTESIAN_POINT('',(7.12090124872455,-23.9395658818231,-7.25787736957188E-5));
#7047=CARTESIAN_POINT('',(7.12090124872455,2.57147946486098,-7.25787737031729E-5));
#7048=CARTESIAN_POINT('',(8.18716377458413,-23.9395658818231,-7.25787736954569E-5));
#7049=CARTESIAN_POINT('',(-4.43961915743704,-23.9395658818231,-7.2578773698549E-5));
#7050=CARTESIAN_POINT('',(8.18716377458412,-24.857085988788,-7.25787736951984E-5));
#7051=CARTESIAN_POINT('',(8.18716377458413,3.03023951834342,-7.25787737030411E-5));
#7052=CARTESIAN_POINT('Ctrl Pts',(8.18716377458412,-24.857085988788,-7.25787736951979E-5));
#7053=CARTESIAN_POINT('Ctrl Pts',(8.18716377458412,-24.9162808343986,-7.25787736951846E-5));
#7054=CARTESIAN_POINT('Ctrl Pts',(8.18000377180081,-24.9632367894026,-7.25787736951768E-5));
#7055=CARTESIAN_POINT('Ctrl Pts',(8.16949091503949,-24.9991536182535,-7.25787736951713E-5));
#7056=CARTESIAN_POINT('Ctrl Pts',(8.15967265973692,-25.0326973640996,-7.25787736951661E-5));
#7057=CARTESIAN_POINT('Ctrl Pts',(8.1459502078581,-25.0603993877548,-7.25787736951632E-5));
#7058=CARTESIAN_POINT('Ctrl Pts',(8.12530876617791,-25.0790666598279,-7.25787736951642E-5));
#7059=CARTESIAN_POINT('Ctrl Pts',(8.10567225557276,-25.0968251135111,-7.25787736951652E-5));
#7060=CARTESIAN_POINT('Ctrl Pts',(8.08309026837684,-25.1086640826332,-7.25787736951682E-5));
#7061=CARTESIAN_POINT('Ctrl Pts',(8.05756280459015,-25.1145835671943,-7.25787736951732E-5));
#7062=CARTESIAN_POINT('Ctrl Pts',(8.03203534080345,-25.1205030517553,-7.25787736951783E-5));
#7063=CARTESIAN_POINT('Ctrl Pts',(8.00454422595625,-25.1234627940359,-7.25787736951843E-5));
#7064=CARTESIAN_POINT('Ctrl Pts',(7.97508946004852,-25.1234627940359,-7.25787736951916E-5));
#7065=CARTESIAN_POINT('Ctrl Pts',(7.91716175376333,-25.1234627940359,-7.25787736952058E-5));
#7066=CARTESIAN_POINT('Ctrl Pts',(7.85923404747814,-25.1234627940359,-7.25787736952204E-5));
#7067=CARTESIAN_POINT('Ctrl Pts',(7.80130634119295,-25.1234627940359,-7.25787736952347E-5));
#7068=CARTESIAN_POINT('',(5.35066981767041,-25.1234627940359,-7.25787736958194E-5));
#7069=CARTESIAN_POINT('',(4.96775786087001,-24.857085988788,-7.25787736959877E-5));
#7070=CARTESIAN_POINT('Ctrl Pts',(5.3506698176704,-25.1234627940359,-7.25787736958181E-5));
#7071=CARTESIAN_POINT('Ctrl Pts',(5.29274211138522,-25.1234627940359,-7.25787736958324E-5));
#7072=CARTESIAN_POINT('Ctrl Pts',(5.23481440510003,-25.1234627940359,-7.25787736958471E-5));
#7073=CARTESIAN_POINT('Ctrl Pts',(5.17688669881484,-25.1234627940359,-7.25787736958614E-5));
#7074=CARTESIAN_POINT('Ctrl Pts',(5.14743193290712,-25.1234627940359,-7.25787736958687E-5));
#7075=CARTESIAN_POINT('Ctrl Pts',(5.11994081805991,-25.1205030517553,-7.25787736958764E-5));
#7076=CARTESIAN_POINT('Ctrl Pts',(5.09441335427321,-25.1145835671943,-7.2578773695884E-5));
#7077=CARTESIAN_POINT('Ctrl Pts',(5.06888589048652,-25.1086640826332,-7.25787736958917E-5));
#7078=CARTESIAN_POINT('Ctrl Pts',(5.0463039032906,-25.0968251135111,-7.25787736958999E-5));
#7079=CARTESIAN_POINT('Ctrl Pts',(5.02666739268545,-25.0790666598279,-7.25787736959084E-5));
#7080=CARTESIAN_POINT('Ctrl Pts',(5.00602595100526,-25.0603993877548,-7.25787736959173E-5));
#7081=CARTESIAN_POINT('Ctrl Pts',(4.99230349912644,-25.0326973640996,-7.25787736959273E-5));
#7082=CARTESIAN_POINT('Ctrl Pts',(4.98248524382387,-24.9991536182535,-7.25787736959376E-5));
#7083=CARTESIAN_POINT('Ctrl Pts',(4.9721342461677,-24.963789775704,-7.25787736959484E-5));
#7084=CARTESIAN_POINT('Ctrl Pts',(4.96775786087,-24.9162808343986,-7.25787736959588E-5));
#7085=CARTESIAN_POINT('Ctrl Pts',(4.96775786087,-24.857085988788,-7.2578773695972E-5));
#7086=CARTESIAN_POINT('',(4.96775786087001,-22.6609572166334,-7.25787736966053E-5));
#7087=CARTESIAN_POINT('',(4.96775786087,2.57147946486098,-7.25787737037003E-5));
#7088=CARTESIAN_POINT('',(5.66289033629227,-23.2085095385318,-7.25787736962809E-5));
#7089=CARTESIAN_POINT('Ctrl Pts',(4.96775786087,-22.6609572166334,-7.25787736966033E-5));
#7090=CARTESIAN_POINT('Ctrl Pts',(5.07674049472858,-22.6609572166334,-7.25787736965763E-5));
#7091=CARTESIAN_POINT('Ctrl Pts',(5.18572312858716,-22.6609572166334,-7.25787736965497E-5));
#7092=CARTESIAN_POINT('Ctrl Pts',(5.29470576244573,-22.6609572166334,-7.25787736965228E-5));
#7093=CARTESIAN_POINT('Ctrl Pts',(5.35557894532169,-22.6609572166334,-7.25787736965077E-5));
#7094=CARTESIAN_POINT('Ctrl Pts',(5.40663387289508,-22.6678632819546,-7.25787736964933E-5));
#7095=CARTESIAN_POINT('Ctrl Pts',(5.44787054516589,-22.6816754125971,-7.257877369648E-5));
#7096=CARTESIAN_POINT('Ctrl Pts',(5.4891072174367,-22.6954875432396,-7.25787736964666E-5));
#7097=CARTESIAN_POINT('Ctrl Pts',(5.52248928546545,-22.7152191584431,-7.25787736964541E-5));
#7098=CARTESIAN_POINT('Ctrl Pts',(5.54801674925215,-22.7408702582077,-7.2578773696442E-5));
#7099=CARTESIAN_POINT('Ctrl Pts',(5.57361962668552,-22.7665971368664,-7.257877369643E-5));
#7100=CARTESIAN_POINT('Ctrl Pts',(5.5951443747045,-22.7941456192573,-7.25787736964188E-5));
#7101=CARTESIAN_POINT('Ctrl Pts',(5.60692628106759,-22.8296625266237,-7.2578773696408E-5));
#7102=CARTESIAN_POINT('Ctrl Pts',(5.6192988411039,-22.8669599770661,-7.25787736963966E-5));
#7103=CARTESIAN_POINT('Ctrl Pts',(5.62817490515893,-22.9085108643432,-7.25787736963843E-5));
#7104=CARTESIAN_POINT('Ctrl Pts',(5.63343557038454,-22.953971702406,-7.25787736963727E-5));
#7105=CARTESIAN_POINT('Ctrl Pts',(5.64325382568712,-23.0388176477813,-7.2578773696351E-5));
#7106=CARTESIAN_POINT('Ctrl Pts',(5.65307208098969,-23.1236635931565,-7.25787736963308E-5));
#7107=CARTESIAN_POINT('Ctrl Pts',(5.66289033629227,-23.2085095385318,-7.25787736963094E-5));
#7108=CARTESIAN_POINT('',(5.92798322946177,-23.2085095385318,-7.25787736962167E-5));
#7109=CARTESIAN_POINT('',(-5.16862461365319,-23.2085095385318,-7.25787736989333E-5));
#7110=CARTESIAN_POINT('',(5.92798322946177,-22.4093791227881,-7.25787736964405E-5));
#7111=CARTESIAN_POINT('',(5.92798322946177,3.39576768998911,-7.25787737036977E-5));
#7112=CARTESIAN_POINT('',(3.35658216571756,-22.4093791227881,-7.25787736970702E-5));
#7113=CARTESIAN_POINT('',(-5.03607816706843,-22.4093791227881,-7.25787736991258E-5));
#7114=CARTESIAN_POINT('',(3.35658216571756,-23.2085095385318,-7.25787736968464E-5));
#7115=CARTESIAN_POINT('',(3.35658216571756,3.79533289786091,-7.25787737044393E-5));
#7116=CARTESIAN_POINT('',(3.62167505888707,-23.2085095385318,-7.25787736967805E-5));
#7117=CARTESIAN_POINT('',(-6.32177869894054,-23.2085095385318,-7.25787736992152E-5));
#7118=CARTESIAN_POINT('',(4.3197530109001,-22.6609572166334,-7.25787736967649E-5));
#7119=CARTESIAN_POINT('Ctrl Pts',(3.62167505888707,-23.2085095385318,-7.25787736967784E-5));
#7120=CARTESIAN_POINT('Ctrl Pts',(3.63149331418964,-23.1236635931565,-7.2578773696795E-5));
#7121=CARTESIAN_POINT('Ctrl Pts',(3.64131156949221,-23.0388176477813,-7.25787736968127E-5));
#7122=CARTESIAN_POINT('Ctrl Pts',(3.65112982479479,-22.953971702406,-7.25787736968292E-5));
#7123=CARTESIAN_POINT('Ctrl Pts',(3.65636598748746,-22.9087226067055,-7.25787736968381E-5));
#7124=CARTESIAN_POINT('Ctrl Pts',(3.6650656124123,-22.8675657216897,-7.2578773696845E-5));
#7125=CARTESIAN_POINT('Ctrl Pts',(3.67763911411174,-22.8296625266237,-7.25787736968503E-5));
#7126=CARTESIAN_POINT('Ctrl Pts',(3.68942102047483,-22.7941456192573,-7.25787736968552E-5));
#7127=CARTESIAN_POINT('Ctrl Pts',(3.71094576849381,-22.7665971368664,-7.25787736968549E-5));
#7128=CARTESIAN_POINT('Ctrl Pts',(3.73654864592718,-22.7408702582077,-7.25787736968543E-5));
#7129=CARTESIAN_POINT('Ctrl Pts',(3.76207610971388,-22.7152191584431,-7.25787736968536E-5));
#7130=CARTESIAN_POINT('Ctrl Pts',(3.79545817774263,-22.6954875432396,-7.2578773696849E-5));
#7131=CARTESIAN_POINT('Ctrl Pts',(3.83669485001344,-22.6816754125971,-7.25787736968419E-5));
#7132=CARTESIAN_POINT('Ctrl Pts',(3.87793152228426,-22.6678632819546,-7.25787736968349E-5));
#7133=CARTESIAN_POINT('Ctrl Pts',(3.92898644985764,-22.6609572166334,-7.25787736968249E-5));
#7134=CARTESIAN_POINT('Ctrl Pts',(3.9898596327336,-22.6609572166334,-7.25787736968098E-5));
#7135=CARTESIAN_POINT('Ctrl Pts',(4.09982409212244,-22.6609572166333,-7.25787736967825E-5));
#7136=CARTESIAN_POINT('Ctrl Pts',(4.20978855151127,-22.6609572166334,-7.25787736967547E-5));
#7137=CARTESIAN_POINT('Ctrl Pts',(4.3197530109001,-22.6609572166334,-7.25787736967275E-5));
#7138=CARTESIAN_POINT('',(4.3197530109001,-24.857085988788,-7.25787736961456E-5));
#7139=CARTESIAN_POINT('',(4.3197530109001,3.66954385093831,-7.25787737041687E-5));
#7140=CARTESIAN_POINT('',(3.9368410540997,-25.1234627940359,-7.25787736961647E-5));
#7141=CARTESIAN_POINT('Ctrl Pts',(4.3197530109001,-24.857085988788,-7.25787736961449E-5));
#7142=CARTESIAN_POINT('Ctrl Pts',(4.3197530109001,-24.9162808343986,-7.25787736961317E-5));
#7143=CARTESIAN_POINT('Ctrl Pts',(4.31259300811678,-24.9632367894026,-7.25787736961226E-5));
#7144=CARTESIAN_POINT('Ctrl Pts',(4.30208015135547,-24.9991536182535,-7.25787736961171E-5));
#7145=CARTESIAN_POINT('Ctrl Pts',(4.29226189605289,-25.0326973640996,-7.2578773696112E-5));
#7146=CARTESIAN_POINT('Ctrl Pts',(4.27753451309903,-25.0593350446244,-7.25787736961105E-5));
#7147=CARTESIAN_POINT('Ctrl Pts',(4.25789800249388,-25.0790666598279,-7.25787736961111E-5));
#7148=CARTESIAN_POINT('Ctrl Pts',(4.24022514294925,-25.0968251135111,-7.25787736961116E-5));
#7149=CARTESIAN_POINT('Ctrl Pts',(4.21862498128358,-25.1086640826332,-7.25787736961143E-5));
#7150=CARTESIAN_POINT('Ctrl Pts',(4.19309751749689,-25.1145835671943,-7.25787736961194E-5));
#7151=CARTESIAN_POINT('Ctrl Pts',(4.1675700537102,-25.1205030517553,-7.25787736961245E-5));
#7152=CARTESIAN_POINT('Ctrl Pts',(4.13909711333273,-25.1234627940359,-7.25787736961309E-5));
#7153=CARTESIAN_POINT('Ctrl Pts',(4.10767869636449,-25.1234627940359,-7.25787736961385E-5));
#7154=CARTESIAN_POINT('Ctrl Pts',(4.05073281560956,-25.1234627940359,-7.25787736961525E-5));
#7155=CARTESIAN_POINT('Ctrl Pts',(3.99378693485463,-25.1234627940359,-7.25787736961666E-5));
#7156=CARTESIAN_POINT('Ctrl Pts',(3.9368410540997,-25.1234627940359,-7.25787736961807E-5));
#7157=CARTESIAN_POINT('',(3.9368410540997,-25.3424837227952,-7.25787736961039E-5));
#7158=CARTESIAN_POINT('',(3.9368410540997,2.43829106223704,-7.25787737039154E-5));
#7159=CARTESIAN_POINT('',(5.35066981767041,-25.3424837227952,-7.2578773695757E-5));
#7160=CARTESIAN_POINT('',(-6.03164925474947,-25.3424837227952,-7.25787736985447E-5));
#7161=CARTESIAN_POINT('',(5.35066981767041,2.32878059785736,-7.2578773703539E-5));
#7162=CARTESIAN_POINT('',(-1.65956446836766,-25.084986144389,-7.25787736975472E-5));
#7163=CARTESIAN_POINT('',(-1.55058183450909,-24.3776077393418,-7.2578773697719E-5));
#7164=CARTESIAN_POINT('Ctrl Pts',(-1.65956446836766,-25.084986144389,-7.2578773697545E-5));
#7165=CARTESIAN_POINT('Ctrl Pts',(-1.6772373279123,-25.0731471752668,-7.2578773697552E-5));
#7166=CARTESIAN_POINT('Ctrl Pts',(-1.69196471086616,-25.057361883104,-7.25787736975595E-5));
#7167=CARTESIAN_POINT('Ctrl Pts',(-1.70374661722925,-25.0376302679005,-7.25787736975669E-5));
#7168=CARTESIAN_POINT('Ctrl Pts',(-1.71504200433221,-25.0187134453573,-7.2578773697574E-5));
#7169=CARTESIAN_POINT('Ctrl Pts',(-1.71847400018311,-24.9942207144527,-7.25787736975816E-5));
#7170=CARTESIAN_POINT('Ctrl Pts',(-1.71847400018311,-24.9665964531677,-7.25787736975877E-5));
#7171=CARTESIAN_POINT('Ctrl Pts',(-1.71847400018311,-24.9330527073217,-7.25787736975952E-5));
#7172=CARTESIAN_POINT('Ctrl Pts',(-1.71114540601355,-24.8939419691538,-7.25787736976012E-5));
#7173=CARTESIAN_POINT('Ctrl Pts',(-1.70080114063847,-24.8482067619464,-7.25787736976088E-5));
#7174=CARTESIAN_POINT('Ctrl Pts',(-1.6909828853359,-24.8047972084986,-7.25787736976161E-5));
#7175=CARTESIAN_POINT('Ctrl Pts',(-1.67959543155332,-24.7665230671346,-7.25787736976217E-5));
#7176=CARTESIAN_POINT('Ctrl Pts',(-1.66840089813998,-24.7327768130057,-7.25787736976265E-5));
#7177=CARTESIAN_POINT('Ctrl Pts',(-1.62912787692968,-24.6143871217844,-7.25787736976435E-5));
#7178=CARTESIAN_POINT('Ctrl Pts',(-1.58985485571938,-24.4959974305631,-7.25787736976594E-5));
#7179=CARTESIAN_POINT('Ctrl Pts',(-1.55058183450909,-24.3776077393418,-7.25787736976761E-5));
#7180=CARTESIAN_POINT('',(-0.557956223418822,-24.3776077393418,-7.25787736974761E-5));
#7181=CARTESIAN_POINT('',(-8.77536069905386,-24.3776077393419,-7.25787736994875E-5));
#7182=CARTESIAN_POINT('',(-0.711121006138981,-25.1234627940359,-7.25787736973044E-5));
#7183=CARTESIAN_POINT('Ctrl Pts',(-0.557956223418823,-24.3776077393418,
-7.25787736974744E-5));
#7184=CARTESIAN_POINT('Ctrl Pts',(-0.509846772436209,-24.5147424650065,
-7.25787736974319E-5));
#7185=CARTESIAN_POINT('Ctrl Pts',(-0.461737321453596,-24.6518771906711,
-7.25787736973918E-5));
#7186=CARTESIAN_POINT('Ctrl Pts',(-0.41362787047098,-24.7890119163358,-7.25787736973487E-5));
#7187=CARTESIAN_POINT('Ctrl Pts',(-0.405369954047885,-24.8125508900741,
-7.25787736973413E-5));
#7188=CARTESIAN_POINT('Ctrl Pts',(-0.397457528801309,-24.8392078398663,
-7.25787736973325E-5));
#7189=CARTESIAN_POINT('Ctrl Pts',(-0.390064057744802,-24.8689249579101,
-7.25787736973242E-5));
#7190=CARTESIAN_POINT('Ctrl Pts',(-0.382209453502744,-24.9004955422358,
-7.25787736973153E-5));
#7191=CARTESIAN_POINT('Ctrl Pts',(-0.378282151381714,-24.9330527073217,
-7.25787736973081E-5));
#7192=CARTESIAN_POINT('Ctrl Pts',(-0.378282151381713,-24.9665964531677,
-7.25787736973006E-5));
#7193=CARTESIAN_POINT('Ctrl Pts',(-0.378282151381713,-24.9942207144527,
-7.25787736972945E-5));
#7194=CARTESIAN_POINT('Ctrl Pts',(-0.383924786034118,-25.0175470222118,
-7.25787736972905E-5));
#7195=CARTESIAN_POINT('Ctrl Pts',(-0.393009534335574,-25.0376302679005,
-7.25787736972882E-5));
#7196=CARTESIAN_POINT('Ctrl Pts',(-0.402827789638149,-25.0593350446244,
-7.25787736972857E-5));
#7197=CARTESIAN_POINT('Ctrl Pts',(-0.417254099600453,-25.075140083604,-7.25787736972857E-5));
#7198=CARTESIAN_POINT('Ctrl Pts',(-0.434246206606386,-25.0879458866695,
-7.25787736972871E-5));
#7199=CARTESIAN_POINT('Ctrl Pts',(-0.449955415090504,-25.0997848557916,
-7.25787736972884E-5));
#7200=CARTESIAN_POINT('Ctrl Pts',(-0.468610100165395,-25.1086640826332,
-7.25787736972889E-5));
#7201=CARTESIAN_POINT('Ctrl Pts',(-0.490210261831059,-25.1145835671943,
-7.2578773697293E-5));
#7202=CARTESIAN_POINT('Ctrl Pts',(-0.511810423496724,-25.1205030517553,
-7.2578773697297E-5));
#7203=CARTESIAN_POINT('Ctrl Pts',(-0.532428759632128,-25.1234627940359,
-7.25787736973025E-5));
#7204=CARTESIAN_POINT('Ctrl Pts',(-0.552065270237277,-25.1234627940359,
-7.25787736973073E-5));
#7205=CARTESIAN_POINT('Ctrl Pts',(-0.605083848871178,-25.1234627940359,
-7.25787736973205E-5));
#7206=CARTESIAN_POINT('Ctrl Pts',(-0.65810242750508,-25.1234627940359,-7.25787736973334E-5));
#7207=CARTESIAN_POINT('Ctrl Pts',(-0.711121006138982,-25.1234627940359,
-7.25787736973465E-5));
#7208=CARTESIAN_POINT('',(-0.711121006138981,-25.3424837227952,-7.25787736972419E-5));
#7209=CARTESIAN_POINT('',(-0.711121006138981,2.43829106223704,-7.25787737050542E-5));
#7210=CARTESIAN_POINT('',(0.637907272434731,-25.3424837227952,-7.25787736969123E-5));
#7211=CARTESIAN_POINT('',(-8.35563028486881,-25.3424837227952,-7.25787736991137E-5));
#7212=CARTESIAN_POINT('',(0.637907272434731,-25.1234627940359,-7.2578773696973E-5));
#7213=CARTESIAN_POINT('',(0.637907272434731,2.32878059785736,-7.25787737046926E-5));
#7214=CARTESIAN_POINT('',(0.252049839043557,-24.8304483082632,-7.257877369715E-5));
#7215=CARTESIAN_POINT('Ctrl Pts',(0.63790727243473,-25.1234627940359,-7.25787736969723E-5));
#7216=CARTESIAN_POINT('Ctrl Pts',(0.612379808648036,-25.1234627940359,-7.25787736969786E-5));
#7217=CARTESIAN_POINT('Ctrl Pts',(0.586852344861342,-25.1234627940359,-7.25787736969848E-5));
#7218=CARTESIAN_POINT('Ctrl Pts',(0.561324881074648,-25.1234627940359,-7.25787736969912E-5));
#7219=CARTESIAN_POINT('Ctrl Pts',(0.52990646410641,-25.1234627940359,-7.25787736969991E-5));
#7220=CARTESIAN_POINT('Ctrl Pts',(0.498934827337339,-25.1213104202851,-7.25787736970073E-5));
#7221=CARTESIAN_POINT('Ctrl Pts',(0.470015106760709,-25.1116238249137,-7.25787736970165E-5));
#7222=CARTESIAN_POINT('Ctrl Pts',(0.440560340852986,-25.101758017312,-7.25787736970259E-5));
#7223=CARTESIAN_POINT('Ctrl Pts',(0.413069226005777,-25.0859727251491,-7.25787736970362E-5));
#7224=CARTESIAN_POINT('Ctrl Pts',(0.387541762219085,-25.0642679484252,-7.25787736970471E-5));
#7225=CARTESIAN_POINT('Ctrl Pts',(0.362014298432393,-25.0425631717014,-7.25787736970579E-5));
#7226=CARTESIAN_POINT('Ctrl Pts',(0.33930735533302,-25.0114932223981,-7.25787736970724E-5));
#7227=CARTESIAN_POINT('Ctrl Pts',(0.316850324040548,-24.9725159377288,-7.25787736970871E-5));
#7228=CARTESIAN_POINT('Ctrl Pts',(0.295250162374885,-24.935025868842,-7.25787736971011E-5));
#7229=CARTESIAN_POINT('Ctrl Pts',(0.272400933763765,-24.8881304533275,-7.25787736971148E-5));
#7230=CARTESIAN_POINT('Ctrl Pts',(0.252049839043559,-24.8304483082632,-7.25787736971328E-5));
#7231=CARTESIAN_POINT('',(-0.602138372280407,-22.4093791227881,-7.25787736980399E-5));
#7232=CARTESIAN_POINT('',(-9.24926127711822,2.09960207173047,-7.25787737070509E-5));
#7233=CARTESIAN_POINT('',(-1.16177892452714,-22.4093791227881,-7.25787736981769E-5));
#7234=CARTESIAN_POINT('',(-8.30113896793952,-22.4093791227881,-7.25787736999255E-5));
#7235=CARTESIAN_POINT('',(-2.0483673783496,-24.8274885659827,-7.25787736977138E-5));
#7236=CARTESIAN_POINT('',(6.42836979178374,-1.70776699708178,-7.25787737021399E-5));
#7237=CARTESIAN_POINT('',(-2.42538838196846,-25.1234627940359,-7.25787736977242E-5));
#7238=CARTESIAN_POINT('Ctrl Pts',(-2.0483673783496,-24.8274885659827,-7.25787736977123E-5));
#7239=CARTESIAN_POINT('Ctrl Pts',(-2.07093322160335,-24.88903536194,-7.25787736977042E-5));
#7240=CARTESIAN_POINT('Ctrl Pts',(-2.09549500380196,-24.9379856111225,-7.25787736976993E-5));
#7241=CARTESIAN_POINT('Ctrl Pts',(-2.11905881652814,-24.9754756800093,-7.25787736976975E-5));
#7242=CARTESIAN_POINT('Ctrl Pts',(-2.14351559914183,-25.0143864656105,-7.25787736976956E-5));
#7243=CARTESIAN_POINT('Ctrl Pts',(-2.16716826751075,-25.0455229139819,-7.25787736976934E-5));
#7244=CARTESIAN_POINT('Ctrl Pts',(-2.19269573129745,-25.0672276907058,-7.25787736976952E-5));
#7245=CARTESIAN_POINT('Ctrl Pts',(-2.21938509997642,-25.0899203793692,-7.25787736976972E-5));
#7246=CARTESIAN_POINT('Ctrl Pts',(-2.24865978652212,-25.1037311788323,-7.25787736976997E-5));
#7247=CARTESIAN_POINT('Ctrl Pts',(-2.27811455242985,-25.1116238249137,-7.25787736977052E-5));
#7248=CARTESIAN_POINT('Ctrl Pts',(-2.30756931833757,-25.1195164709952,-7.25787736977108E-5));
#7249=CARTESIAN_POINT('Ctrl Pts',(-2.34095138636632,-25.1234627940359,-7.25787736977184E-5));
#7250=CARTESIAN_POINT('Ctrl Pts',(-2.3782607565161,-25.1234627940359,-7.25787736977281E-5));
#7251=CARTESIAN_POINT('Ctrl Pts',(-2.39396996500022,-25.1234627940359,-7.25787736977321E-5));
#7252=CARTESIAN_POINT('Ctrl Pts',(-2.40967917348434,-25.1234627940359,-7.25787736977356E-5));
#7253=CARTESIAN_POINT('Ctrl Pts',(-2.42538838196846,-25.1234627940359,-7.25787736977394E-5));
#7254=CARTESIAN_POINT('',(-2.42538838196846,-25.3424837227952,-7.25787736976617E-5));
#7255=CARTESIAN_POINT('',(-2.42538838196846,2.43829106223704,-7.2578773705474E-5));
#7256=CARTESIAN_POINT('',(-1.35912585610889,-25.3424837227952,-7.25787736974015E-5));
#7257=CARTESIAN_POINT('',(-9.21276397278355,-25.3424837227952,-7.25787736993236E-5));
#7258=CARTESIAN_POINT('',(-1.35912585610889,-25.1234627940359,-7.25787736974622E-5));
#7259=CARTESIAN_POINT('',(-1.35912585610889,2.32878059785736,-7.25787737051817E-5));
#7260=CARTESIAN_POINT('',(-1.53290897496445,-25.1234627940359,-7.25787736975056E-5));
#7261=CARTESIAN_POINT('',(-8.67963270985376,-25.1234627940359,-7.25787736992542E-5));
#7262=CARTESIAN_POINT('Ctrl Pts',(-1.53290897496445,-25.1234627940359,-7.25787736975039E-5));
#7263=CARTESIAN_POINT('Ctrl Pts',(-1.55647278769063,-25.1234627940359,-7.25787736975097E-5));
#7264=CARTESIAN_POINT('Ctrl Pts',(-1.57905477488655,-25.1205030517553,-7.25787736975159E-5));
#7265=CARTESIAN_POINT('Ctrl Pts',(-1.60065493655221,-25.1145835671943,-7.25787736975224E-5));
#7266=CARTESIAN_POINT('Ctrl Pts',(-1.62408810642698,-25.1081617501062,-7.25787736975295E-5));
#7267=CARTESIAN_POINT('Ctrl Pts',(-1.64385525988354,-25.0987982750314,-7.25787736975359E-5));
#7268=CARTESIAN_POINT('Ctrl Pts',(-1.65956446836766,-25.084986144389,-7.25787736975429E-5));
#7269=CARTESIAN_POINT('Origin',(41.0733915084879,30.00004491851,27.0000714698421));
#7270=CARTESIAN_POINT('',(41.0733909364963,27.0085,29.000071469842));
#7271=CARTESIAN_POINT('',(41.0733909364963,30.00004491851,29.000071469842));
#7272=CARTESIAN_POINT('',(41.7887875491807,27.0085,28.8677460948668));
#7273=CARTESIAN_POINT('Origin',(41.0733915084879,27.0085,27.0000714698421));
#7274=CARTESIAN_POINT('',(41.7887875491806,30.00004491851,28.8677460948668));
#7275=CARTESIAN_POINT('',(41.0733909364963,-27.99995508149,29.000071469842));
#7276=CARTESIAN_POINT('',(41.0733909364963,30.00004491851,29.000071469842));
#7277=CARTESIAN_POINT('Origin',(41.0733915084879,-27.99995508149,27.0000714698421));
#7278=CARTESIAN_POINT('Origin',(44.3999584364012,30.00004491851,29.0000724212263));
#7279=CARTESIAN_POINT('',(-14.6505200676276,29.9915,29.0000555330382));
#7280=CARTESIAN_POINT('',(-14.6505200676276,30.,29.0000555330382));
#7281=CARTESIAN_POINT('',(-15.6767918807483,29.9915,29.0000552395288));
#7282=CARTESIAN_POINT('',(20.2999810296409,29.9915,29.0000655287343));
#7283=CARTESIAN_POINT('',(-15.6767918807483,27.0085,29.0000552395288));
#7284=CARTESIAN_POINT('',(-15.6767918807483,-5.00850000000002,29.0000552395288));
#7285=CARTESIAN_POINT('',(43.3463115782003,27.0085,29.0000721198877));
#7286=CARTESIAN_POINT('Origin',(44.3999590083927,-27.99995508149,27.0000724212264));
#7287=CARTESIAN_POINT('',(-15.6767918807483,-27.99995508149,29.0000552395288));
#7288=CARTESIAN_POINT('Ctrl Pts',(-15.6767918807483,-27.99995508149,29.0000552395288));
#7289=CARTESIAN_POINT('Ctrl Pts',(-15.6767918807483,-28.2533276216801,29.0000552395288));
#7290=CARTESIAN_POINT('Ctrl Pts',(-15.6560826951997,-28.5215784879846,28.9491607817855));
#7291=CARTESIAN_POINT('Ctrl Pts',(-15.6077186988299,-29.0140167379799,28.7444130552891));
#7292=CARTESIAN_POINT('Ctrl Pts',(-15.58353863232,-29.2385678840671,28.5906288018574));
#7293=CARTESIAN_POINT('Ctrl Pts',(-15.5994795879552,-29.5078679633551,28.3201743353075));
#7294=CARTESIAN_POINT('Ctrl Pts',(-15.6146271132417,-29.5967070103129,28.2119407078849));
#7295=CARTESIAN_POINT('Ctrl Pts',(-15.6769381321007,-29.7452957981957,27.9859906980613));
#7296=CARTESIAN_POINT('Ctrl Pts',(-15.7246967589636,-29.805173061809,27.8685227770262));
#7297=CARTESIAN_POINT('Ctrl Pts',(-15.8547760502506,-29.9010202509379,27.6362424650221));
#7298=CARTESIAN_POINT('Ctrl Pts',(-15.9659217770564,-29.9409759225381,27.4936030242692));
#7299=CARTESIAN_POINT('Ctrl Pts',(-16.2093490204712,-29.9855143782245,27.2695700222217));
#7300=CARTESIAN_POINT('Ctrl Pts',(-16.3729076927408,-29.9943912938133,27.1645766941116));
#7301=CARTESIAN_POINT('Ctrl Pts',(-16.6763834654073,-30.0000340125283,27.0459257115167));
#7302=CARTESIAN_POINT('Ctrl Pts',(-16.8091074693623,-29.99995508149,27.0140086844255));
#7303=CARTESIAN_POINT('Ctrl Pts',(-16.939571287754,-29.99995508149,27.0000548783791));
#7304=CARTESIAN_POINT('Origin',(41.0733915084879,-27.99995508149,27.0000714698421));
#7305=CARTESIAN_POINT('',(44.3999584364011,-27.99995508149,29.0000724212263));
#7306=CARTESIAN_POINT('Origin',(41.0733915084879,-27.99995508149,27.0000714698421));
#7307=CARTESIAN_POINT('Origin',(42.2926644887269,27.0085,29.8087288998681));
#7308=CARTESIAN_POINT('',(27.2900524283699,27.0085,1.79157060004139));
#7309=CARTESIAN_POINT('',(27.2900524283699,27.0085,1.79157060004121));
#7310=CARTESIAN_POINT('',(42.2926644887269,27.0085,29.808728899868));
#7311=CARTESIAN_POINT('Origin',(-17.0999984741211,27.0085,28.5));
#7312=CARTESIAN_POINT('Origin',(44.3999584364012,30.00004491851,29.0000724212263));
#7313=CARTESIAN_POINT('',(-15.6767918807483,5.00850000000001,29.0000552395288));
#7314=CARTESIAN_POINT('Ctrl Pts',(-0.855449359086825,-23.4541681478159,
-7.25787736978445E-5));
#7315=CARTESIAN_POINT('Ctrl Pts',(-0.855449359086825,-23.4541681478159,
0.493216262611237));
#7316=CARTESIAN_POINT('Ctrl Pts',(-0.855449359086825,-23.4541681478159,
0.986505103996172));
#7317=CARTESIAN_POINT('Ctrl Pts',(-0.855449359086825,-23.4541681478159,
1.47979394538111));
#7318=CARTESIAN_POINT('Ctrl Pts',(-0.870664625807728,-23.4072682357621,
-7.25787736978588E-5));
#7319=CARTESIAN_POINT('Ctrl Pts',(-0.870664625807728,-23.4072682357621,
0.493216262611236));
#7320=CARTESIAN_POINT('Ctrl Pts',(-0.870664625807728,-23.4072682357621,
0.986505103996172));
#7321=CARTESIAN_POINT('Ctrl Pts',(-0.870664625807728,-23.4072682357621,
1.47979394538111));
#7322=CARTESIAN_POINT('Ctrl Pts',(-0.88392229946429,-23.3574832333185,-7.25787736978731E-5));
#7323=CARTESIAN_POINT('Ctrl Pts',(-0.88392229946429,-23.3574832333185,0.493216262611237));
#7324=CARTESIAN_POINT('Ctrl Pts',(-0.88392229946429,-23.3574832333185,0.986505103996171));
#7325=CARTESIAN_POINT('Ctrl Pts',(-0.88392229946429,-23.3574832333185,1.47979394538111));
#7326=CARTESIAN_POINT('Ctrl Pts',(-0.915340716432529,-23.2548788342601,
-7.25787736979036E-5));
#7327=CARTESIAN_POINT('Ctrl Pts',(-0.915340716432529,-23.2548788342601,
0.493216262611236));
#7328=CARTESIAN_POINT('Ctrl Pts',(-0.915340716432529,-23.2548788342601,
0.986505103996172));
#7329=CARTESIAN_POINT('Ctrl Pts',(-0.915340716432529,-23.2548788342601,
1.47979394538111));
#7330=CARTESIAN_POINT('Ctrl Pts',(-0.930068099386391,-23.2025900539707,
-7.25787736979185E-5));
#7331=CARTESIAN_POINT('Ctrl Pts',(-0.930068099386391,-23.2025900539707,
0.493216262611237));
#7332=CARTESIAN_POINT('Ctrl Pts',(-0.93006809938639,-23.2025900539707,0.986505103996171));
#7333=CARTESIAN_POINT('Ctrl Pts',(-0.930068099386391,-23.2025900539707,
1.47979394538111));
#7334=CARTESIAN_POINT('Ctrl Pts',(-0.957691090206295,-23.0955282038145,
-7.25787736979492E-5));
#7335=CARTESIAN_POINT('Ctrl Pts',(-0.957691090206295,-23.0955282038145,
0.493216262611237));
#7336=CARTESIAN_POINT('Ctrl Pts',(-0.957691090206295,-23.0955282038145,
0.986505103996172));
#7337=CARTESIAN_POINT('Ctrl Pts',(-0.957691090206295,-23.0955282038145,
1.47979394538111));
#7338=CARTESIAN_POINT('Ctrl Pts',(-0.974250248247974,-23.042763970822,-7.25787736979655E-5));
#7339=CARTESIAN_POINT('Ctrl Pts',(-0.974250248247974,-23.042763970822,0.493216262611237));
#7340=CARTESIAN_POINT('Ctrl Pts',(-0.974250248247974,-23.042763970822,0.986505103996171));
#7341=CARTESIAN_POINT('Ctrl Pts',(-0.974250248247974,-23.042763970822,1.47979394538111));
#7342=CARTESIAN_POINT('Ctrl Pts',(-1.00174136309518,-22.9362132487228,-7.25787736979956E-5));
#7343=CARTESIAN_POINT('Ctrl Pts',(-1.00174136309518,-22.9362132487228,0.493216262611236));
#7344=CARTESIAN_POINT('Ctrl Pts',(-1.00174136309518,-22.9362132487228,0.986505103996172));
#7345=CARTESIAN_POINT('Ctrl Pts',(-1.00174136309518,-22.9362132487228,1.47979394538111));
#7346=CARTESIAN_POINT('Ctrl Pts',(-1.01450509498853,-22.8858976299538,-7.2578773698011E-5));
#7347=CARTESIAN_POINT('Ctrl Pts',(-1.01450509498853,-22.8858976299538,0.493216262611237));
#7348=CARTESIAN_POINT('Ctrl Pts',(-1.01450509498853,-22.8858976299538,0.986505103996171));
#7349=CARTESIAN_POINT('Ctrl Pts',(-1.01450509498853,-22.8858976299538,1.47979394538111));
#7350=CARTESIAN_POINT('Ctrl Pts',(-1.02628700135162,-22.8385417534653,-7.25787736980245E-5));
#7351=CARTESIAN_POINT('Ctrl Pts',(-1.02628700135162,-22.8385417534653,0.493216262611237));
#7352=CARTESIAN_POINT('Ctrl Pts',(-1.02628700135162,-22.8385417534653,0.986505103996172));
#7353=CARTESIAN_POINT('Ctrl Pts',(-1.02628700135162,-22.8385417534653,1.47979394538111));
#7354=CARTESIAN_POINT('',(-1.02628700135162,-22.8385417534653,-7.25787736980243E-5));
#7355=CARTESIAN_POINT('',(-0.855449359086825,-23.4541681478159,-7.25787736978092E-5));
#7356=CARTESIAN_POINT('Ctrl Pts',(-1.02628700135162,-22.8385417534653,-7.25787736980235E-5));
#7357=CARTESIAN_POINT('Ctrl Pts',(-1.01450509498853,-22.8858976299538,-7.257877369801E-5));
#7358=CARTESIAN_POINT('Ctrl Pts',(-1.00174136309518,-22.9362132487228,-7.25787736979946E-5));
#7359=CARTESIAN_POINT('Ctrl Pts',(-0.987995805671578,-22.9894886097724,
-7.25787736979795E-5));
#7360=CARTESIAN_POINT('Ctrl Pts',(-0.974250248247974,-23.042763970822,-7.25787736979645E-5));
#7361=CARTESIAN_POINT('Ctrl Pts',(-0.957691090206295,-23.0955282038145,
-7.25787736979481E-5));
#7362=CARTESIAN_POINT('Ctrl Pts',(-0.943813656809995,-23.1493146929211,
-7.25787736979328E-5));
#7363=CARTESIAN_POINT('Ctrl Pts',(-0.930068099386391,-23.2025900539707,
-7.25787736979175E-5));
#7364=CARTESIAN_POINT('Ctrl Pts',(-0.915340716432529,-23.2548788342601,
-7.25787736979017E-5));
#7365=CARTESIAN_POINT('Ctrl Pts',(-0.89963150794841,-23.3061810337893,-7.25787736978863E-5));
#7366=CARTESIAN_POINT('Ctrl Pts',(-0.88392229946429,-23.3574832333185,-7.25787736978709E-5));
#7367=CARTESIAN_POINT('Ctrl Pts',(-0.870664625807728,-23.4072682357621,
-7.25787736978577E-5));
#7368=CARTESIAN_POINT('Ctrl Pts',(-0.855449359086825,-23.4541681478159,
-7.25787736978435E-5));
#7369=CARTESIAN_POINT('',(-1.02628700135162,-22.8385417534653,1.47979394538111));
#7370=CARTESIAN_POINT('',(-1.02628700135162,-22.8385417534653,-0.00849999999999232));
#7371=CARTESIAN_POINT('',(-0.855449359086825,-23.4541681478159,1.47979394538111));
#7372=CARTESIAN_POINT('Ctrl Pts',(-1.02628700135162,-22.8385417534653,1.47979394538111));
#7373=CARTESIAN_POINT('Ctrl Pts',(-1.01450509498853,-22.8858976299538,1.47979394538111));
#7374=CARTESIAN_POINT('Ctrl Pts',(-1.00174136309518,-22.9362132487228,1.47979394538111));
#7375=CARTESIAN_POINT('Ctrl Pts',(-0.987995805671577,-22.9894886097724,
1.47979394538111));
#7376=CARTESIAN_POINT('Ctrl Pts',(-0.974250248247974,-23.042763970822,1.47979394538111));
#7377=CARTESIAN_POINT('Ctrl Pts',(-0.957691090206294,-23.0955282038145,
1.47979394538111));
#7378=CARTESIAN_POINT('Ctrl Pts',(-0.943813656809994,-23.1493146929211,
1.47979394538111));
#7379=CARTESIAN_POINT('Ctrl Pts',(-0.930068099386389,-23.2025900539707,
1.47979394538111));
#7380=CARTESIAN_POINT('Ctrl Pts',(-0.915340716432528,-23.2548788342601,
1.47979394538111));
#7381=CARTESIAN_POINT('Ctrl Pts',(-0.899631507948409,-23.3061810337893,
1.47979394538111));
#7382=CARTESIAN_POINT('Ctrl Pts',(-0.883922299464289,-23.3574832333185,
1.47979394538111));
#7383=CARTESIAN_POINT('Ctrl Pts',(-0.870664625807727,-23.4072682357621,
1.47979394538111));
#7384=CARTESIAN_POINT('Ctrl Pts',(-0.855449359086825,-23.4541681478159,
1.47979394538111));
#7385=CARTESIAN_POINT('',(-0.855449359086825,-23.4541681478159,-0.00849999999999214));
#7386=CARTESIAN_POINT('Origin',(-0.637484091369674,-24.1260296454966,-0.00849999999999193));
#7387=CARTESIAN_POINT('',(-0.637484091369674,-24.1260296454966,-7.25787736975663E-5));
#7388=CARTESIAN_POINT('',(-9.31267106712274,2.61457988020751,-7.25787737072105E-5));
#7389=CARTESIAN_POINT('',(-0.637484091369674,-24.1260296454966,1.47979394538111));
#7390=CARTESIAN_POINT('',(-0.644452632732967,-24.1045496423474,1.47979394538111));
#7391=CARTESIAN_POINT('',(-0.637484091369674,-24.1260296454966,-0.00849999999999193));
#7392=CARTESIAN_POINT('Origin',(-0.602138372280407,-22.4093791227881,-0.00849999999999231));
#7393=CARTESIAN_POINT('',(-0.602138372280407,-22.4093791227881,1.47979394538111));
#7394=CARTESIAN_POINT('',(-0.602138372280407,-22.4093791227881,-0.00849999999999231));
#7395=CARTESIAN_POINT('',(-1.16177892452714,-22.4093791227881,1.47979394538111));
#7396=CARTESIAN_POINT('',(-1.16177892452714,-22.4093791227881,1.47979394538111));
#7397=CARTESIAN_POINT('',(-1.16177892452714,-22.4093791227881,-0.00849999999999245));
#7398=CARTESIAN_POINT('Origin',(-1.16177892452714,-22.4093791227881,-0.00849999999999245));
#7399=CARTESIAN_POINT('',(-2.0483673783496,-24.8274885659827,1.47979394538111));
#7400=CARTESIAN_POINT('',(-2.0483673783496,-24.8274885659827,1.47979394538111));
#7401=CARTESIAN_POINT('',(-2.0483673783496,-24.8274885659827,-0.00849999999999213));
#7402=CARTESIAN_POINT('Ctrl Pts',(-2.0483673783496,-24.8274885659827,-7.25787736977795E-5));
#7403=CARTESIAN_POINT('Ctrl Pts',(-2.0483673783496,-24.8274885659827,0.493216262611237));
#7404=CARTESIAN_POINT('Ctrl Pts',(-2.0483673783496,-24.8274885659827,0.986505103996172));
#7405=CARTESIAN_POINT('Ctrl Pts',(-2.0483673783496,-24.8274885659827,1.47979394538111));
#7406=CARTESIAN_POINT('Ctrl Pts',(-2.07093322160335,-24.88903536194,-7.25787736977713E-5));
#7407=CARTESIAN_POINT('Ctrl Pts',(-2.07093322160335,-24.88903536194,0.493216262611237));
#7408=CARTESIAN_POINT('Ctrl Pts',(-2.07093322160335,-24.88903536194,0.986505103996171));
#7409=CARTESIAN_POINT('Ctrl Pts',(-2.07093322160335,-24.88903536194,1.47979394538111));
#7410=CARTESIAN_POINT('Ctrl Pts',(-2.09549500380196,-24.9379856111225,-7.25787736977664E-5));
#7411=CARTESIAN_POINT('Ctrl Pts',(-2.09549500380196,-24.9379856111225,0.493216262611237));
#7412=CARTESIAN_POINT('Ctrl Pts',(-2.09549500380196,-24.9379856111225,0.986505103996171));
#7413=CARTESIAN_POINT('Ctrl Pts',(-2.09549500380196,-24.9379856111225,1.47979394538111));
#7414=CARTESIAN_POINT('Ctrl Pts',(-2.14351559914183,-25.0143864656105,-7.25787736977627E-5));
#7415=CARTESIAN_POINT('Ctrl Pts',(-2.14351559914183,-25.0143864656105,0.493216262611237));
#7416=CARTESIAN_POINT('Ctrl Pts',(-2.14351559914183,-25.0143864656105,0.986505103996172));
#7417=CARTESIAN_POINT('Ctrl Pts',(-2.14351559914183,-25.0143864656105,1.47979394538111));
#7418=CARTESIAN_POINT('Ctrl Pts',(-2.16716826751075,-25.0455229139819,-7.25787736977605E-5));
#7419=CARTESIAN_POINT('Ctrl Pts',(-2.16716826751075,-25.0455229139819,0.493216262611237));
#7420=CARTESIAN_POINT('Ctrl Pts',(-2.16716826751075,-25.0455229139819,0.986505103996171));
#7421=CARTESIAN_POINT('Ctrl Pts',(-2.16716826751075,-25.0455229139819,1.47979394538111));
#7422=CARTESIAN_POINT('Ctrl Pts',(-2.21938509997642,-25.0899203793692,-7.25787736977643E-5));
#7423=CARTESIAN_POINT('Ctrl Pts',(-2.21938509997642,-25.0899203793692,0.493216262611237));
#7424=CARTESIAN_POINT('Ctrl Pts',(-2.21938509997642,-25.0899203793692,0.986505103996171));
#7425=CARTESIAN_POINT('Ctrl Pts',(-2.21938509997642,-25.0899203793692,1.47979394538111));
#7426=CARTESIAN_POINT('Ctrl Pts',(-2.24865978652212,-25.1037311788323,-7.25787736977677E-5));
#7427=CARTESIAN_POINT('Ctrl Pts',(-2.24865978652212,-25.1037311788323,0.493216262611237));
#7428=CARTESIAN_POINT('Ctrl Pts',(-2.24865978652212,-25.1037311788323,0.98650510399617));
#7429=CARTESIAN_POINT('Ctrl Pts',(-2.24865978652212,-25.1037311788323,1.47979394538111));
#7430=CARTESIAN_POINT('Ctrl Pts',(-2.30756931833757,-25.1195164709952,-7.25787736977791E-5));
#7431=CARTESIAN_POINT('Ctrl Pts',(-2.30756931833757,-25.1195164709952,0.493216262611236));
#7432=CARTESIAN_POINT('Ctrl Pts',(-2.30756931833757,-25.1195164709952,0.986505103996172));
#7433=CARTESIAN_POINT('Ctrl Pts',(-2.30756931833757,-25.1195164709952,1.47979394538111));
#7434=CARTESIAN_POINT('Ctrl Pts',(-2.34095138636632,-25.1234627940359,-7.25787736977855E-5));
#7435=CARTESIAN_POINT('Ctrl Pts',(-2.34095138636632,-25.1234627940359,0.493216262611237));
#7436=CARTESIAN_POINT('Ctrl Pts',(-2.34095138636632,-25.1234627940359,0.98650510399617));
#7437=CARTESIAN_POINT('Ctrl Pts',(-2.34095138636632,-25.1234627940359,1.47979394538111));
#7438=CARTESIAN_POINT('Ctrl Pts',(-2.39396996500022,-25.1234627940359,-7.25787736977993E-5));
#7439=CARTESIAN_POINT('Ctrl Pts',(-2.39396996500022,-25.1234627940359,0.493216262611237));
#7440=CARTESIAN_POINT('Ctrl Pts',(-2.39396996500022,-25.1234627940359,0.986505103996171));
#7441=CARTESIAN_POINT('Ctrl Pts',(-2.39396996500022,-25.1234627940359,1.47979394538111));
#7442=CARTESIAN_POINT('Ctrl Pts',(-2.40967917348434,-25.1234627940359,-7.25787736978027E-5));
#7443=CARTESIAN_POINT('Ctrl Pts',(-2.40967917348434,-25.1234627940359,0.493216262611237));
#7444=CARTESIAN_POINT('Ctrl Pts',(-2.40967917348434,-25.1234627940359,0.986505103996171));
#7445=CARTESIAN_POINT('Ctrl Pts',(-2.40967917348434,-25.1234627940359,1.47979394538111));
#7446=CARTESIAN_POINT('Ctrl Pts',(-2.42538838196846,-25.1234627940359,-7.25787736978066E-5));
#7447=CARTESIAN_POINT('Ctrl Pts',(-2.42538838196846,-25.1234627940359,0.493216262611237));
#7448=CARTESIAN_POINT('Ctrl Pts',(-2.42538838196846,-25.1234627940359,0.986505103996171));
#7449=CARTESIAN_POINT('Ctrl Pts',(-2.42538838196846,-25.1234627940359,1.47979394538111));
#7450=CARTESIAN_POINT('',(-2.42538838196846,-25.1234627940359,1.47979394538111));
#7451=CARTESIAN_POINT('Ctrl Pts',(-2.0483673783496,-24.8274885659827,1.47979394538111));
#7452=CARTESIAN_POINT('Ctrl Pts',(-2.07093322160335,-24.88903536194,1.47979394538111));
#7453=CARTESIAN_POINT('Ctrl Pts',(-2.09549500380196,-24.9379856111225,1.47979394538111));
#7454=CARTESIAN_POINT('Ctrl Pts',(-2.11905881652814,-24.9754756800093,1.47979394538111));
#7455=CARTESIAN_POINT('Ctrl Pts',(-2.14351559914183,-25.0143864656105,1.47979394538111));
#7456=CARTESIAN_POINT('Ctrl Pts',(-2.16716826751075,-25.0455229139819,1.47979394538111));
#7457=CARTESIAN_POINT('Ctrl Pts',(-2.19269573129745,-25.0672276907058,1.47979394538111));
#7458=CARTESIAN_POINT('Ctrl Pts',(-2.21938509997642,-25.0899203793692,1.47979394538111));
#7459=CARTESIAN_POINT('Ctrl Pts',(-2.24865978652212,-25.1037311788323,1.47979394538111));
#7460=CARTESIAN_POINT('Ctrl Pts',(-2.27811455242984,-25.1116238249137,1.47979394538111));
#7461=CARTESIAN_POINT('Ctrl Pts',(-2.30756931833757,-25.1195164709952,1.47979394538111));
#7462=CARTESIAN_POINT('Ctrl Pts',(-2.34095138636632,-25.1234627940359,1.47979394538111));
#7463=CARTESIAN_POINT('Ctrl Pts',(-2.3782607565161,-25.1234627940359,1.47979394538111));
#7464=CARTESIAN_POINT('Ctrl Pts',(-2.39396996500022,-25.1234627940359,1.47979394538111));
#7465=CARTESIAN_POINT('Ctrl Pts',(-2.40967917348434,-25.1234627940359,1.47979394538111));
#7466=CARTESIAN_POINT('Ctrl Pts',(-2.42538838196846,-25.1234627940359,1.47979394538111));
#7467=CARTESIAN_POINT('',(-2.42538838196846,-25.1234627940359,-0.00849999999999216));
#7468=CARTESIAN_POINT('Origin',(-2.42538838196846,-25.1234627940359,-0.00849999999999216));
#7469=CARTESIAN_POINT('',(-2.42538838196846,-25.3424837227952,1.47979394538111));
#7470=CARTESIAN_POINT('',(-2.42538838196846,-25.3424837227952,1.47979394538111));
#7471=CARTESIAN_POINT('',(-2.42538838196846,-25.3424837227952,-0.00849999999999211));
#7472=CARTESIAN_POINT('Origin',(-2.42538838196846,-25.3424837227952,-0.00849999999999211));
#7473=CARTESIAN_POINT('',(-1.35912585610889,-25.3424837227952,1.47979394538111));
#7474=CARTESIAN_POINT('',(-1.35912585610889,-25.3424837227952,1.47979394538111));
#7475=CARTESIAN_POINT('',(-1.35912585610889,-25.3424837227952,-0.00849999999999184));
#7476=CARTESIAN_POINT('Origin',(-1.35912585610889,-25.3424837227952,-0.00849999999999184));
#7477=CARTESIAN_POINT('',(-1.35912585610889,-25.1234627940359,1.47979394538111));
#7478=CARTESIAN_POINT('',(-1.35912585610889,-25.1234627940359,1.47979394538111));
#7479=CARTESIAN_POINT('',(-1.35912585610889,-25.1234627940359,-0.00849999999999189));
#7480=CARTESIAN_POINT('Origin',(-1.35912585610889,-25.1234627940359,-0.00849999999999189));
#7481=CARTESIAN_POINT('',(-1.53290897496445,-25.1234627940359,1.47979394538111));
#7482=CARTESIAN_POINT('',(-1.53290897496445,-25.1234627940359,1.47979394538111));
#7483=CARTESIAN_POINT('',(-1.53290897496445,-25.1234627940359,-0.00849999999999193));
#7484=CARTESIAN_POINT('Ctrl Pts',(-1.53290897496445,-25.1234627940359,-7.25787736975865E-5));
#7485=CARTESIAN_POINT('Ctrl Pts',(-1.53290897496445,-25.1234627940359,0.493216262611237));
#7486=CARTESIAN_POINT('Ctrl Pts',(-1.53290897496445,-25.1234627940359,0.986505103996172));
#7487=CARTESIAN_POINT('Ctrl Pts',(-1.53290897496445,-25.1234627940359,1.47979394538111));
#7488=CARTESIAN_POINT('Ctrl Pts',(-1.55647278769063,-25.1234627940359,-7.25787736975923E-5));
#7489=CARTESIAN_POINT('Ctrl Pts',(-1.55647278769063,-25.1234627940359,0.493216262611237));
#7490=CARTESIAN_POINT('Ctrl Pts',(-1.55647278769063,-25.1234627940359,0.986505103996172));
#7491=CARTESIAN_POINT('Ctrl Pts',(-1.55647278769063,-25.1234627940359,1.47979394538111));
#7492=CARTESIAN_POINT('Ctrl Pts',(-1.57905477488655,-25.1205030517553,-7.25787736975985E-5));
#7493=CARTESIAN_POINT('Ctrl Pts',(-1.57905477488655,-25.1205030517553,0.493216262611238));
#7494=CARTESIAN_POINT('Ctrl Pts',(-1.57905477488655,-25.1205030517553,0.986505103996171));
#7495=CARTESIAN_POINT('Ctrl Pts',(-1.57905477488655,-25.1205030517553,1.47979394538111));
#7496=CARTESIAN_POINT('Ctrl Pts',(-1.62408810642698,-25.1081617501062,-7.25787736976121E-5));
#7497=CARTESIAN_POINT('Ctrl Pts',(-1.62408810642698,-25.1081617501062,0.493216262611236));
#7498=CARTESIAN_POINT('Ctrl Pts',(-1.62408810642698,-25.1081617501062,0.986505103996172));
#7499=CARTESIAN_POINT('Ctrl Pts',(-1.62408810642698,-25.1081617501062,1.47979394538111));
#7500=CARTESIAN_POINT('Ctrl Pts',(-1.64385525988354,-25.0987982750314,-7.25787736976185E-5));
#7501=CARTESIAN_POINT('Ctrl Pts',(-1.64385525988354,-25.0987982750314,0.493216262611238));
#7502=CARTESIAN_POINT('Ctrl Pts',(-1.64385525988354,-25.0987982750314,0.986505103996171));
#7503=CARTESIAN_POINT('Ctrl Pts',(-1.64385525988354,-25.0987982750314,1.47979394538111));
#7504=CARTESIAN_POINT('Ctrl Pts',(-1.65956446836766,-25.084986144389,-7.25787736976255E-5));
#7505=CARTESIAN_POINT('Ctrl Pts',(-1.65956446836766,-25.084986144389,0.493216262611237));
#7506=CARTESIAN_POINT('Ctrl Pts',(-1.65956446836766,-25.084986144389,0.986505103996172));
#7507=CARTESIAN_POINT('Ctrl Pts',(-1.65956446836766,-25.084986144389,1.47979394538111));
#7508=CARTESIAN_POINT('',(-1.65956446836766,-25.084986144389,1.47979394538111));
#7509=CARTESIAN_POINT('Ctrl Pts',(-1.53290897496445,-25.1234627940359,1.47979394538111));
#7510=CARTESIAN_POINT('Ctrl Pts',(-1.55647278769063,-25.1234627940359,1.47979394538111));
#7511=CARTESIAN_POINT('Ctrl Pts',(-1.57905477488655,-25.1205030517553,1.47979394538111));
#7512=CARTESIAN_POINT('Ctrl Pts',(-1.60065493655221,-25.1145835671943,1.47979394538111));
#7513=CARTESIAN_POINT('Ctrl Pts',(-1.62408810642698,-25.1081617501062,1.47979394538111));
#7514=CARTESIAN_POINT('Ctrl Pts',(-1.64385525988354,-25.0987982750314,1.47979394538111));
#7515=CARTESIAN_POINT('Ctrl Pts',(-1.65956446836766,-25.084986144389,1.47979394538111));
#7516=CARTESIAN_POINT('',(-1.65956446836766,-25.084986144389,-0.00849999999999197));
#7517=CARTESIAN_POINT('Origin',(-1.46516301337669,-24.1260296454966,-0.00849999999999214));
#7518=CARTESIAN_POINT('',(-1.46516301337669,-24.1260296454966,-7.25787736977693E-5));
#7519=CARTESIAN_POINT('',(-8.73265128848766,-24.1260296454966,-7.25787736995482E-5));
#7520=CARTESIAN_POINT('',(-1.46516301337669,-24.1260296454966,1.47979394538111));
#7521=CARTESIAN_POINT('',(-1.50787242394289,-24.1260296454966,1.47979394538111));
#7522=CARTESIAN_POINT('',(-1.46516301337669,-24.1260296454966,-0.00849999999999214));
#7523=CARTESIAN_POINT('Origin',(-1.22363393293336,-23.4334499518522,-0.00849999999999223));
#7524=CARTESIAN_POINT('',(-1.22363393293336,-23.4334499518522,-7.25787736979046E-5));
#7525=CARTESIAN_POINT('',(6.28213267399477,-1.91081786278235,-7.25787737021174E-5));
#7526=CARTESIAN_POINT('',(-1.22363393293336,-23.4334499518522,1.47979394538111));
#7527=CARTESIAN_POINT('',(-1.38813927962308,-23.90516566577,1.47979394538111));
#7528=CARTESIAN_POINT('',(-1.22363393293336,-23.4334499518522,-0.00849999999999223));
#7529=CARTESIAN_POINT('Ctrl Pts',(-1.02628700135162,-22.8385417534653,-7.25787736980277E-5));
#7530=CARTESIAN_POINT('Ctrl Pts',(-1.02628700135162,-22.8385417534653,0.493216262611237));
#7531=CARTESIAN_POINT('Ctrl Pts',(-1.02628700135162,-22.8385417534653,0.986505103996172));
#7532=CARTESIAN_POINT('Ctrl Pts',(-1.02628700135162,-22.8385417534653,1.47979394538111));
#7533=CARTESIAN_POINT('Ctrl Pts',(-1.03806890771471,-22.8799781453927,-7.25787736980214E-5));
#7534=CARTESIAN_POINT('Ctrl Pts',(-1.03806890771471,-22.8799781453927,0.493216262611237));
#7535=CARTESIAN_POINT('Ctrl Pts',(-1.03806890771471,-22.8799781453927,0.986505103996171));
#7536=CARTESIAN_POINT('Ctrl Pts',(-1.03806890771471,-22.8799781453927,1.47979394538111));
#7537=CARTESIAN_POINT('Ctrl Pts',(-1.05181446513831,-22.9253608603609,-7.25787736980141E-5));
#7538=CARTESIAN_POINT('Ctrl Pts',(-1.05181446513831,-22.9253608603609,0.493216262611236));
#7539=CARTESIAN_POINT('Ctrl Pts',(-1.05181446513831,-22.9253608603609,0.986505103996172));
#7540=CARTESIAN_POINT('Ctrl Pts',(-1.05181446513831,-22.9253608603609,1.47979394538111));
#7541=CARTESIAN_POINT('Ctrl Pts',(-1.08323288210655,-23.0240189363786,-7.2578773698E-5));
#7542=CARTESIAN_POINT('Ctrl Pts',(-1.08323288210655,-23.0240189363786,0.493216262611238));
#7543=CARTESIAN_POINT('Ctrl Pts',(-1.08323288210655,-23.0240189363786,0.98650510399617));
#7544=CARTESIAN_POINT('Ctrl Pts',(-1.08323288210655,-23.0240189363786,1.47979394538111));
#7545=CARTESIAN_POINT('Ctrl Pts',(-1.09992391612092,-23.0743345551476,-7.25787736979926E-5));
#7546=CARTESIAN_POINT('Ctrl Pts',(-1.09992391612092,-23.0743345551476,0.493216262611236));
#7547=CARTESIAN_POINT('Ctrl Pts',(-1.09992391612092,-23.0743345551476,0.986505103996171));
#7548=CARTESIAN_POINT('Ctrl Pts',(-1.09992391612092,-23.0743345551476,1.47979394538111));
#7549=CARTESIAN_POINT('Ctrl Pts',(-1.13587783657267,-23.1787044900874,-7.25787736979783E-5));
#7550=CARTESIAN_POINT('Ctrl Pts',(-1.13587783657267,-23.1787044900874,0.493216262611237));
#7551=CARTESIAN_POINT('Ctrl Pts',(-1.13587783657267,-23.1787044900874,0.986505103996171));
#7552=CARTESIAN_POINT('Ctrl Pts',(-1.13587783657267,-23.1787044900874,1.47979394538111));
#7553=CARTESIAN_POINT('Ctrl Pts',(-1.15392432028508,-23.2312008960158,-7.25787736979706E-5));
#7554=CARTESIAN_POINT('Ctrl Pts',(-1.15392432028508,-23.2312008960158,0.493216262611237));
#7555=CARTESIAN_POINT('Ctrl Pts',(-1.15392432028508,-23.2312008960158,0.986505103996171));
#7556=CARTESIAN_POINT('Ctrl Pts',(-1.15392432028508,-23.2312008960158,1.47979394538111));
#7557=CARTESIAN_POINT('Ctrl Pts',(-1.19362291123187,-23.3349171353586,-7.25787736979581E-5));
#7558=CARTESIAN_POINT('Ctrl Pts',(-1.19362291123187,-23.3349171353586,0.493216262611236));
#7559=CARTESIAN_POINT('Ctrl Pts',(-1.19362291123187,-23.3349171353586,0.986505103996171));
#7560=CARTESIAN_POINT('Ctrl Pts',(-1.19362291123187,-23.3349171353586,1.47979394538111));
#7561=CARTESIAN_POINT('Ctrl Pts',(-1.20720530755833,-23.3863412049122,-7.25787736979485E-5));
#7562=CARTESIAN_POINT('Ctrl Pts',(-1.20720530755833,-23.3863412049122,0.493216262611237));
#7563=CARTESIAN_POINT('Ctrl Pts',(-1.20720530755833,-23.3863412049122,0.986505103996171));
#7564=CARTESIAN_POINT('Ctrl Pts',(-1.20720530755833,-23.3863412049122,1.47979394538111));
#7565=CARTESIAN_POINT('Ctrl Pts',(-1.22363393293336,-23.4334499518522,-7.25787736979421E-5));
#7566=CARTESIAN_POINT('Ctrl Pts',(-1.22363393293336,-23.4334499518522,0.493216262611237));
#7567=CARTESIAN_POINT('Ctrl Pts',(-1.22363393293336,-23.4334499518522,0.986505103996171));
#7568=CARTESIAN_POINT('Ctrl Pts',(-1.22363393293336,-23.4334499518522,1.47979394538111));
#7569=CARTESIAN_POINT('Ctrl Pts',(-1.22363393293336,-23.4334499518522,-7.25787736979028E-5));
#7570=CARTESIAN_POINT('Ctrl Pts',(-1.20720530755833,-23.3863412049122,-7.25787736979093E-5));
#7571=CARTESIAN_POINT('Ctrl Pts',(-1.19362291123187,-23.3349171353586,-7.25787736979189E-5));
#7572=CARTESIAN_POINT('Ctrl Pts',(-1.17356083089023,-23.282503095545,-7.25787736979252E-5));
#7573=CARTESIAN_POINT('Ctrl Pts',(-1.15392432028508,-23.2312008960158,-7.25787736979313E-5));
#7574=CARTESIAN_POINT('Ctrl Pts',(-1.13587783657267,-23.1787044900874,-7.2578773697939E-5));
#7575=CARTESIAN_POINT('Ctrl Pts',(-1.11759677566556,-23.1256367546769,-7.25787736979463E-5));
#7576=CARTESIAN_POINT('Ctrl Pts',(-1.09992391612092,-23.0743345551476,-7.25787736979533E-5));
#7577=CARTESIAN_POINT('Ctrl Pts',(-1.08323288210655,-23.0240189363786,-7.25787736979607E-5));
#7578=CARTESIAN_POINT('Ctrl Pts',(-1.06752367362243,-22.9746898983697,-7.25787736979678E-5));
#7579=CARTESIAN_POINT('Ctrl Pts',(-1.05181446513831,-22.9253608603609,-7.25787736979749E-5));
#7580=CARTESIAN_POINT('Ctrl Pts',(-1.03806890771471,-22.8799781453927,-7.25787736979822E-5));
#7581=CARTESIAN_POINT('Ctrl Pts',(-1.02628700135162,-22.8385417534653,-7.25787736979885E-5));
#7582=CARTESIAN_POINT('Ctrl Pts',(-1.22363393293336,-23.4334499518522,1.47979394538111));
#7583=CARTESIAN_POINT('Ctrl Pts',(-1.20720530755833,-23.3863412049122,1.47979394538111));
#7584=CARTESIAN_POINT('Ctrl Pts',(-1.19362291123187,-23.3349171353586,1.47979394538111));
#7585=CARTESIAN_POINT('Ctrl Pts',(-1.17356083089023,-23.282503095545,1.47979394538111));
#7586=CARTESIAN_POINT('Ctrl Pts',(-1.15392432028508,-23.2312008960158,1.47979394538111));
#7587=CARTESIAN_POINT('Ctrl Pts',(-1.13587783657267,-23.1787044900874,1.47979394538111));
#7588=CARTESIAN_POINT('Ctrl Pts',(-1.11759677566556,-23.1256367546769,1.47979394538111));
#7589=CARTESIAN_POINT('Ctrl Pts',(-1.09992391612092,-23.0743345551476,1.47979394538111));
#7590=CARTESIAN_POINT('Ctrl Pts',(-1.08323288210655,-23.0240189363786,1.47979394538111));
#7591=CARTESIAN_POINT('Ctrl Pts',(-1.06752367362243,-22.9746898983697,1.47979394538111));
#7592=CARTESIAN_POINT('Ctrl Pts',(-1.05181446513831,-22.9253608603609,1.47979394538111));
#7593=CARTESIAN_POINT('Ctrl Pts',(-1.03806890771471,-22.8799781453927,1.47979394538111));
#7594=CARTESIAN_POINT('Ctrl Pts',(-1.02628700135162,-22.8385417534653,1.47979394538111));
#7595=CARTESIAN_POINT('Ctrl Pts',(-1.65956446836766,-25.084986144389,-7.25787736976255E-5));
#7596=CARTESIAN_POINT('Ctrl Pts',(-1.65956446836766,-25.084986144389,0.493216262611237));
#7597=CARTESIAN_POINT('Ctrl Pts',(-1.65956446836766,-25.084986144389,0.986505103996172));
#7598=CARTESIAN_POINT('Ctrl Pts',(-1.65956446836766,-25.084986144389,1.47979394538111));
#7599=CARTESIAN_POINT('Ctrl Pts',(-1.6772373279123,-25.0731471752668,-7.25787736976325E-5));
#7600=CARTESIAN_POINT('Ctrl Pts',(-1.6772373279123,-25.0731471752668,0.493216262611236));
#7601=CARTESIAN_POINT('Ctrl Pts',(-1.6772373279123,-25.0731471752668,0.986505103996173));
#7602=CARTESIAN_POINT('Ctrl Pts',(-1.6772373279123,-25.0731471752668,1.47979394538111));
#7603=CARTESIAN_POINT('Ctrl Pts',(-1.69196471086616,-25.057361883104,-7.257877369764E-5));
#7604=CARTESIAN_POINT('Ctrl Pts',(-1.69196471086616,-25.057361883104,0.493216262611238));
#7605=CARTESIAN_POINT('Ctrl Pts',(-1.69196471086616,-25.057361883104,0.986505103996171));
#7606=CARTESIAN_POINT('Ctrl Pts',(-1.69196471086616,-25.057361883104,1.47979394538111));
#7607=CARTESIAN_POINT('Ctrl Pts',(-1.71504200433221,-25.0187134453573,-7.25787736976546E-5));
#7608=CARTESIAN_POINT('Ctrl Pts',(-1.71504200433221,-25.0187134453573,0.493216262611236));
#7609=CARTESIAN_POINT('Ctrl Pts',(-1.71504200433221,-25.0187134453573,0.986505103996173));
#7610=CARTESIAN_POINT('Ctrl Pts',(-1.71504200433221,-25.0187134453573,1.47979394538111));
#7611=CARTESIAN_POINT('Ctrl Pts',(-1.71847400018311,-24.9942207144527,-7.2578773697661E-5));
#7612=CARTESIAN_POINT('Ctrl Pts',(-1.71847400018311,-24.9942207144527,0.493216262611238));
#7613=CARTESIAN_POINT('Ctrl Pts',(-1.71847400018311,-24.9942207144527,0.986505103996172));
#7614=CARTESIAN_POINT('Ctrl Pts',(-1.71847400018311,-24.9942207144527,1.47979394538111));
#7615=CARTESIAN_POINT('Ctrl Pts',(-1.71847400018311,-24.9330527073217,-7.25787736976748E-5));
#7616=CARTESIAN_POINT('Ctrl Pts',(-1.71847400018311,-24.9330527073217,0.493216262611237));
#7617=CARTESIAN_POINT('Ctrl Pts',(-1.71847400018311,-24.9330527073217,0.986505103996173));
#7618=CARTESIAN_POINT('Ctrl Pts',(-1.71847400018311,-24.9330527073217,1.47979394538111));
#7619=CARTESIAN_POINT('Ctrl Pts',(-1.71114540601355,-24.8939419691538,-7.25787736976817E-5));
#7620=CARTESIAN_POINT('Ctrl Pts',(-1.71114540601355,-24.8939419691538,0.493216262611237));
#7621=CARTESIAN_POINT('Ctrl Pts',(-1.71114540601355,-24.8939419691538,0.986505103996171));
#7622=CARTESIAN_POINT('Ctrl Pts',(-1.71114540601355,-24.8939419691538,1.47979394538111));
#7623=CARTESIAN_POINT('Ctrl Pts',(-1.6909828853359,-24.8047972084986,-7.25787736976967E-5));
#7624=CARTESIAN_POINT('Ctrl Pts',(-1.6909828853359,-24.8047972084986,0.493216262611237));
#7625=CARTESIAN_POINT('Ctrl Pts',(-1.6909828853359,-24.8047972084986,0.986505103996173));
#7626=CARTESIAN_POINT('Ctrl Pts',(-1.6909828853359,-24.8047972084986,1.47979394538111));
#7627=CARTESIAN_POINT('Ctrl Pts',(-1.67959543155332,-24.7665230671346,-7.25787736977023E-5));
#7628=CARTESIAN_POINT('Ctrl Pts',(-1.67959543155332,-24.7665230671346,0.493216262611237));
#7629=CARTESIAN_POINT('Ctrl Pts',(-1.67959543155332,-24.7665230671346,0.986505103996172));
#7630=CARTESIAN_POINT('Ctrl Pts',(-1.67959543155332,-24.7665230671346,1.47979394538111));
#7631=CARTESIAN_POINT('Ctrl Pts',(-1.62912787692968,-24.6143871217844,-7.2578773697724E-5));
#7632=CARTESIAN_POINT('Ctrl Pts',(-1.62912787692968,-24.6143871217844,0.493216262611237));
#7633=CARTESIAN_POINT('Ctrl Pts',(-1.62912787692968,-24.6143871217844,0.986505103996172));
#7634=CARTESIAN_POINT('Ctrl Pts',(-1.62912787692968,-24.6143871217844,1.47979394538111));
#7635=CARTESIAN_POINT('Ctrl Pts',(-1.58985485571938,-24.4959974305631,-7.257877369774E-5));
#7636=CARTESIAN_POINT('Ctrl Pts',(-1.58985485571938,-24.4959974305631,0.493216262611237));
#7637=CARTESIAN_POINT('Ctrl Pts',(-1.58985485571938,-24.4959974305631,0.986505103996172));
#7638=CARTESIAN_POINT('Ctrl Pts',(-1.58985485571938,-24.4959974305631,1.47979394538111));
#7639=CARTESIAN_POINT('Ctrl Pts',(-1.55058183450909,-24.3776077393418,-7.25787736977567E-5));
#7640=CARTESIAN_POINT('Ctrl Pts',(-1.55058183450909,-24.3776077393418,0.493216262611237));
#7641=CARTESIAN_POINT('Ctrl Pts',(-1.55058183450909,-24.3776077393418,0.986505103996172));
#7642=CARTESIAN_POINT('Ctrl Pts',(-1.55058183450909,-24.3776077393418,1.47979394538111));
#7643=CARTESIAN_POINT('',(-1.55058183450909,-24.3776077393418,1.47979394538111));
#7644=CARTESIAN_POINT('Ctrl Pts',(-1.65956446836766,-25.084986144389,1.47979394538111));
#7645=CARTESIAN_POINT('Ctrl Pts',(-1.67723732791229,-25.0731471752668,1.47979394538111));
#7646=CARTESIAN_POINT('Ctrl Pts',(-1.69196471086616,-25.057361883104,1.47979394538111));
#7647=CARTESIAN_POINT('Ctrl Pts',(-1.70374661722925,-25.0376302679005,1.47979394538111));
#7648=CARTESIAN_POINT('Ctrl Pts',(-1.7150420043322,-25.0187134453573,1.47979394538111));
#7649=CARTESIAN_POINT('Ctrl Pts',(-1.71847400018311,-24.9942207144527,1.47979394538111));
#7650=CARTESIAN_POINT('Ctrl Pts',(-1.71847400018311,-24.9665964531677,1.47979394538111));
#7651=CARTESIAN_POINT('Ctrl Pts',(-1.71847400018311,-24.9330527073217,1.47979394538111));
#7652=CARTESIAN_POINT('Ctrl Pts',(-1.71114540601355,-24.8939419691538,1.47979394538111));
#7653=CARTESIAN_POINT('Ctrl Pts',(-1.70080114063847,-24.8482067619464,1.47979394538111));
#7654=CARTESIAN_POINT('Ctrl Pts',(-1.6909828853359,-24.8047972084986,1.47979394538111));
#7655=CARTESIAN_POINT('Ctrl Pts',(-1.67959543155332,-24.7665230671346,1.47979394538111));
#7656=CARTESIAN_POINT('Ctrl Pts',(-1.66840089813998,-24.7327768130057,1.47979394538111));
#7657=CARTESIAN_POINT('Ctrl Pts',(-1.62912787692968,-24.6143871217844,1.47979394538111));
#7658=CARTESIAN_POINT('Ctrl Pts',(-1.58985485571938,-24.4959974305631,1.47979394538111));
#7659=CARTESIAN_POINT('Ctrl Pts',(-1.55058183450909,-24.3776077393418,1.47979394538111));
#7660=CARTESIAN_POINT('',(-1.55058183450909,-24.3776077393418,-0.0084999999999921));
#7661=CARTESIAN_POINT('Origin',(0.252049839043557,-24.8304483082632,-0.00849999999999156));
#7662=CARTESIAN_POINT('',(0.252049839043557,-24.8304483082632,1.47979394538111));
#7663=CARTESIAN_POINT('',(0.252049839043557,-24.8304483082632,-0.00849999999999156));
#7664=CARTESIAN_POINT('',(-0.602138372280408,-22.4093791227881,1.47979394538111));
#7665=CARTESIAN_POINT('Ctrl Pts',(0.63790727243473,-25.1234627940359,-7.25787736970487E-5));
#7666=CARTESIAN_POINT('Ctrl Pts',(0.63790727243473,-25.1234627940359,0.493216262611238));
#7667=CARTESIAN_POINT('Ctrl Pts',(0.63790727243473,-25.1234627940359,0.986505103996172));
#7668=CARTESIAN_POINT('Ctrl Pts',(0.63790727243473,-25.1234627940359,1.47979394538111));
#7669=CARTESIAN_POINT('Ctrl Pts',(0.612379808648036,-25.1234627940359,-7.2578773697055E-5));
#7670=CARTESIAN_POINT('Ctrl Pts',(0.612379808648036,-25.1234627940359,0.493216262611237));
#7671=CARTESIAN_POINT('Ctrl Pts',(0.612379808648036,-25.1234627940359,0.986505103996172));
#7672=CARTESIAN_POINT('Ctrl Pts',(0.612379808648036,-25.1234627940359,1.47979394538111));
#7673=CARTESIAN_POINT('Ctrl Pts',(0.586852344861342,-25.1234627940359,-7.25787736970612E-5));
#7674=CARTESIAN_POINT('Ctrl Pts',(0.586852344861342,-25.1234627940359,0.493216262611238));
#7675=CARTESIAN_POINT('Ctrl Pts',(0.586852344861342,-25.1234627940359,0.986505103996173));
#7676=CARTESIAN_POINT('Ctrl Pts',(0.586852344861342,-25.1234627940359,1.47979394538111));
#7677=CARTESIAN_POINT('Ctrl Pts',(0.52990646410641,-25.1234627940359,-7.25787736970755E-5));
#7678=CARTESIAN_POINT('Ctrl Pts',(0.52990646410641,-25.1234627940359,0.493216262611238));
#7679=CARTESIAN_POINT('Ctrl Pts',(0.52990646410641,-25.1234627940359,0.986505103996172));
#7680=CARTESIAN_POINT('Ctrl Pts',(0.52990646410641,-25.1234627940359,1.47979394538111));
#7681=CARTESIAN_POINT('Ctrl Pts',(0.498934827337339,-25.1213104202851,-7.25787736970837E-5));
#7682=CARTESIAN_POINT('Ctrl Pts',(0.498934827337338,-25.1213104202851,0.493216262611237));
#7683=CARTESIAN_POINT('Ctrl Pts',(0.498934827337339,-25.1213104202851,0.986505103996173));
#7684=CARTESIAN_POINT('Ctrl Pts',(0.498934827337339,-25.1213104202851,1.47979394538111));
#7685=CARTESIAN_POINT('Ctrl Pts',(0.440560340852986,-25.101758017312,-7.25787736971023E-5));
#7686=CARTESIAN_POINT('Ctrl Pts',(0.440560340852986,-25.101758017312,0.493216262611238));
#7687=CARTESIAN_POINT('Ctrl Pts',(0.440560340852986,-25.101758017312,0.986505103996172));
#7688=CARTESIAN_POINT('Ctrl Pts',(0.440560340852986,-25.101758017312,1.47979394538111));
#7689=CARTESIAN_POINT('Ctrl Pts',(0.413069226005777,-25.0859727251491,-7.25787736971127E-5));
#7690=CARTESIAN_POINT('Ctrl Pts',(0.413069226005777,-25.0859727251491,0.493216262611237));
#7691=CARTESIAN_POINT('Ctrl Pts',(0.413069226005777,-25.0859727251491,0.986505103996172));
#7692=CARTESIAN_POINT('Ctrl Pts',(0.413069226005777,-25.0859727251491,1.47979394538111));
#7693=CARTESIAN_POINT('Ctrl Pts',(0.362014298432393,-25.0425631717014,-7.25787736971343E-5));
#7694=CARTESIAN_POINT('Ctrl Pts',(0.362014298432392,-25.0425631717014,0.493216262611239));
#7695=CARTESIAN_POINT('Ctrl Pts',(0.362014298432393,-25.0425631717014,0.986505103996172));
#7696=CARTESIAN_POINT('Ctrl Pts',(0.362014298432393,-25.0425631717014,1.47979394538111));
#7697=CARTESIAN_POINT('Ctrl Pts',(0.33930735533302,-25.0114932223981,-7.25787736971479E-5));
#7698=CARTESIAN_POINT('Ctrl Pts',(0.33930735533302,-25.0114932223981,0.493216262611236));
#7699=CARTESIAN_POINT('Ctrl Pts',(0.33930735533302,-25.0114932223981,0.986505103996173));
#7700=CARTESIAN_POINT('Ctrl Pts',(0.33930735533302,-25.0114932223981,1.47979394538111));
#7701=CARTESIAN_POINT('Ctrl Pts',(0.295250162374885,-24.935025868842,-7.25787736971764E-5));
#7702=CARTESIAN_POINT('Ctrl Pts',(0.295250162374885,-24.935025868842,0.493216262611239));
#7703=CARTESIAN_POINT('Ctrl Pts',(0.295250162374885,-24.935025868842,0.986505103996171));
#7704=CARTESIAN_POINT('Ctrl Pts',(0.295250162374885,-24.935025868842,1.47979394538111));
#7705=CARTESIAN_POINT('Ctrl Pts',(0.272400933763765,-24.8881304533275,-7.25787736971913E-5));
#7706=CARTESIAN_POINT('Ctrl Pts',(0.272400933763765,-24.8881304533275,0.493216262611237));
#7707=CARTESIAN_POINT('Ctrl Pts',(0.272400933763765,-24.8881304533275,0.986505103996173));
#7708=CARTESIAN_POINT('Ctrl Pts',(0.272400933763765,-24.8881304533275,1.47979394538111));
#7709=CARTESIAN_POINT('Ctrl Pts',(0.252049839043559,-24.8304483082632,-7.25787736972092E-5));
#7710=CARTESIAN_POINT('Ctrl Pts',(0.252049839043559,-24.8304483082632,0.493216262611237));
#7711=CARTESIAN_POINT('Ctrl Pts',(0.252049839043559,-24.8304483082632,0.986505103996172));
#7712=CARTESIAN_POINT('Ctrl Pts',(0.252049839043559,-24.8304483082632,1.47979394538111));
#7713=CARTESIAN_POINT('',(0.637907272434731,-25.1234627940359,1.47979394538111));
#7714=CARTESIAN_POINT('',(0.637907272434731,-25.1234627940359,-0.0084999999999914));
#7715=CARTESIAN_POINT('Ctrl Pts',(0.637907272434731,-25.1234627940359,1.47979394538111));
#7716=CARTESIAN_POINT('Ctrl Pts',(0.612379808648036,-25.1234627940359,1.47979394538111));
#7717=CARTESIAN_POINT('Ctrl Pts',(0.586852344861343,-25.1234627940359,1.47979394538111));
#7718=CARTESIAN_POINT('Ctrl Pts',(0.56132488107465,-25.1234627940359,1.47979394538111));
#7719=CARTESIAN_POINT('Ctrl Pts',(0.529906464106412,-25.1234627940359,1.47979394538111));
#7720=CARTESIAN_POINT('Ctrl Pts',(0.498934827337338,-25.1213104202851,1.47979394538111));
#7721=CARTESIAN_POINT('Ctrl Pts',(0.47001510676071,-25.1116238249137,1.47979394538111));
#7722=CARTESIAN_POINT('Ctrl Pts',(0.440560340852986,-25.101758017312,1.47979394538111));
#7723=CARTESIAN_POINT('Ctrl Pts',(0.413069226005778,-25.0859727251491,1.47979394538111));
#7724=CARTESIAN_POINT('Ctrl Pts',(0.387541762219085,-25.0642679484252,1.47979394538111));
#7725=CARTESIAN_POINT('Ctrl Pts',(0.362014298432392,-25.0425631717013,1.47979394538111));
#7726=CARTESIAN_POINT('Ctrl Pts',(0.339307355333021,-25.0114932223981,1.47979394538111));
#7727=CARTESIAN_POINT('Ctrl Pts',(0.31685032404055,-24.9725159377288,1.47979394538111));
#7728=CARTESIAN_POINT('Ctrl Pts',(0.295250162374885,-24.935025868842,1.47979394538111));
#7729=CARTESIAN_POINT('Ctrl Pts',(0.272400933763765,-24.8881304533275,1.47979394538111));
#7730=CARTESIAN_POINT('Ctrl Pts',(0.252049839043559,-24.8304483082632,1.47979394538111));
#7731=CARTESIAN_POINT('Origin',(0.637907272434731,-25.3424837227952,-0.00849999999999135));
#7732=CARTESIAN_POINT('',(0.637907272434731,-25.3424837227952,1.47979394538111));
#7733=CARTESIAN_POINT('',(0.637907272434731,-25.3424837227952,-0.00849999999999135));
#7734=CARTESIAN_POINT('',(0.637907272434731,-25.1234627940359,1.47979394538111));
#7735=CARTESIAN_POINT('Origin',(-0.711121006138981,-25.3424837227952,-0.00849999999999168));
#7736=CARTESIAN_POINT('',(-0.711121006138981,-25.3424837227952,1.47979394538111));
#7737=CARTESIAN_POINT('',(-0.711121006138981,-25.3424837227952,-0.00849999999999168));
#7738=CARTESIAN_POINT('',(0.637907272434731,-25.3424837227952,1.47979394538111));
#7739=CARTESIAN_POINT('Origin',(-0.711121006138981,-25.1234627940359,-0.00849999999999173));
#7740=CARTESIAN_POINT('',(-0.711121006138981,-25.1234627940359,1.47979394538111));
#7741=CARTESIAN_POINT('',(-0.711121006138981,-25.1234627940359,-0.00849999999999173));
#7742=CARTESIAN_POINT('',(-0.711121006138981,-25.3424837227952,1.47979394538111));
#7743=CARTESIAN_POINT('Ctrl Pts',(-0.557956223418823,-24.3776077393418,
-7.25787736975106E-5));
#7744=CARTESIAN_POINT('Ctrl Pts',(-0.557956223418823,-24.3776077393418,
0.493216262611237));
#7745=CARTESIAN_POINT('Ctrl Pts',(-0.557956223418823,-24.3776077393418,
0.986505103996172));
#7746=CARTESIAN_POINT('Ctrl Pts',(-0.557956223418823,-24.3776077393418,
1.47979394538111));
#7747=CARTESIAN_POINT('Ctrl Pts',(-0.509846772436209,-24.5147424650065,
-7.25787736974681E-5));
#7748=CARTESIAN_POINT('Ctrl Pts',(-0.509846772436209,-24.5147424650065,
0.493216262611238));
#7749=CARTESIAN_POINT('Ctrl Pts',(-0.509846772436208,-24.5147424650065,
0.986505103996171));
#7750=CARTESIAN_POINT('Ctrl Pts',(-0.509846772436209,-24.5147424650065,
1.47979394538111));
#7751=CARTESIAN_POINT('Ctrl Pts',(-0.461737321453596,-24.6518771906711,
-7.25787736974267E-5));
#7752=CARTESIAN_POINT('Ctrl Pts',(-0.461737321453596,-24.6518771906711,
0.493216262611236));
#7753=CARTESIAN_POINT('Ctrl Pts',(-0.461737321453596,-24.6518771906711,
0.986505103996173));
#7754=CARTESIAN_POINT('Ctrl Pts',(-0.461737321453596,-24.6518771906711,
1.47979394538111));
#7755=CARTESIAN_POINT('Ctrl Pts',(-0.405369954047885,-24.8125508900741,
-7.25787736973764E-5));
#7756=CARTESIAN_POINT('Ctrl Pts',(-0.405369954047885,-24.8125508900741,
0.493216262611238));
#7757=CARTESIAN_POINT('Ctrl Pts',(-0.405369954047885,-24.8125508900741,
0.986505103996172));
#7758=CARTESIAN_POINT('Ctrl Pts',(-0.405369954047885,-24.8125508900741,
1.47979394538111));
#7759=CARTESIAN_POINT('Ctrl Pts',(-0.397457528801309,-24.8392078398663,
-7.25787736973687E-5));
#7760=CARTESIAN_POINT('Ctrl Pts',(-0.397457528801309,-24.8392078398663,
0.493216262611237));
#7761=CARTESIAN_POINT('Ctrl Pts',(-0.397457528801309,-24.8392078398663,
0.986505103996172));
#7762=CARTESIAN_POINT('Ctrl Pts',(-0.397457528801309,-24.8392078398663,
1.47979394538111));
#7763=CARTESIAN_POINT('Ctrl Pts',(-0.382209453502744,-24.9004955422358,
-7.25787736973514E-5));
#7764=CARTESIAN_POINT('Ctrl Pts',(-0.382209453502744,-24.9004955422358,
0.493216262611238));
#7765=CARTESIAN_POINT('Ctrl Pts',(-0.382209453502744,-24.9004955422358,
0.986505103996172));
#7766=CARTESIAN_POINT('Ctrl Pts',(-0.382209453502744,-24.9004955422358,
1.47979394538111));
#7767=CARTESIAN_POINT('Ctrl Pts',(-0.378282151381714,-24.9330527073217,
-7.25787736973432E-5));
#7768=CARTESIAN_POINT('Ctrl Pts',(-0.378282151381714,-24.9330527073217,
0.493216262611237));
#7769=CARTESIAN_POINT('Ctrl Pts',(-0.378282151381713,-24.9330527073217,
0.986505103996173));
#7770=CARTESIAN_POINT('Ctrl Pts',(-0.378282151381714,-24.9330527073217,
1.47979394538111));
#7771=CARTESIAN_POINT('Ctrl Pts',(-0.378282151381713,-24.9942207144527,
-7.25787736973295E-5));
#7772=CARTESIAN_POINT('Ctrl Pts',(-0.378282151381713,-24.9942207144527,
0.493216262611238));
#7773=CARTESIAN_POINT('Ctrl Pts',(-0.378282151381713,-24.9942207144527,
0.986505103996172));
#7774=CARTESIAN_POINT('Ctrl Pts',(-0.378282151381713,-24.9942207144527,
1.47979394538111));
#7775=CARTESIAN_POINT('Ctrl Pts',(-0.383924786034118,-25.0175470222118,
-7.25787736973256E-5));
#7776=CARTESIAN_POINT('Ctrl Pts',(-0.383924786034118,-25.0175470222118,
0.493216262611237));
#7777=CARTESIAN_POINT('Ctrl Pts',(-0.383924786034118,-25.0175470222118,
0.986505103996173));
#7778=CARTESIAN_POINT('Ctrl Pts',(-0.383924786034118,-25.0175470222118,
1.47979394538111));
#7779=CARTESIAN_POINT('Ctrl Pts',(-0.402827789638149,-25.0593350446244,
-7.25787736973208E-5));
#7780=CARTESIAN_POINT('Ctrl Pts',(-0.402827789638149,-25.0593350446244,
0.493216262611238));
#7781=CARTESIAN_POINT('Ctrl Pts',(-0.402827789638149,-25.0593350446244,
0.986505103996172));
#7782=CARTESIAN_POINT('Ctrl Pts',(-0.402827789638149,-25.0593350446244,
1.47979394538111));
#7783=CARTESIAN_POINT('Ctrl Pts',(-0.417254099600453,-25.075140083604,-7.25787736973208E-5));
#7784=CARTESIAN_POINT('Ctrl Pts',(-0.417254099600453,-25.075140083604,0.493216262611237));
#7785=CARTESIAN_POINT('Ctrl Pts',(-0.417254099600453,-25.075140083604,0.986505103996173));
#7786=CARTESIAN_POINT('Ctrl Pts',(-0.417254099600453,-25.075140083604,1.47979394538111));
#7787=CARTESIAN_POINT('Ctrl Pts',(-0.449955415090504,-25.0997848557916,
-7.25787736973235E-5));
#7788=CARTESIAN_POINT('Ctrl Pts',(-0.449955415090505,-25.0997848557916,
0.493216262611237));
#7789=CARTESIAN_POINT('Ctrl Pts',(-0.449955415090504,-25.0997848557916,
0.986505103996172));
#7790=CARTESIAN_POINT('Ctrl Pts',(-0.449955415090504,-25.0997848557916,
1.47979394538111));
#7791=CARTESIAN_POINT('Ctrl Pts',(-0.468610100165395,-25.1086640826332,
-7.25787736973261E-5));
#7792=CARTESIAN_POINT('Ctrl Pts',(-0.468610100165395,-25.1086640826332,
0.493216262611238));
#7793=CARTESIAN_POINT('Ctrl Pts',(-0.468610100165394,-25.1086640826332,
0.986505103996172));
#7794=CARTESIAN_POINT('Ctrl Pts',(-0.468610100165395,-25.1086640826332,
1.47979394538111));
#7795=CARTESIAN_POINT('Ctrl Pts',(-0.511810423496724,-25.1205030517553,
-7.25787736973342E-5));
#7796=CARTESIAN_POINT('Ctrl Pts',(-0.511810423496724,-25.1205030517553,
0.493216262611237));
#7797=CARTESIAN_POINT('Ctrl Pts',(-0.511810423496724,-25.1205030517553,
0.986505103996173));
#7798=CARTESIAN_POINT('Ctrl Pts',(-0.511810423496724,-25.1205030517553,
1.47979394538111));
#7799=CARTESIAN_POINT('Ctrl Pts',(-0.532428759632128,-25.1234627940359,
-7.25787736973386E-5));
#7800=CARTESIAN_POINT('Ctrl Pts',(-0.532428759632128,-25.1234627940359,
0.493216262611238));
#7801=CARTESIAN_POINT('Ctrl Pts',(-0.532428759632128,-25.1234627940359,
0.986505103996172));
#7802=CARTESIAN_POINT('Ctrl Pts',(-0.532428759632128,-25.1234627940359,
1.47979394538111));
#7803=CARTESIAN_POINT('Ctrl Pts',(-0.605083848871178,-25.1234627940359,
-7.25787736973566E-5));
#7804=CARTESIAN_POINT('Ctrl Pts',(-0.605083848871178,-25.1234627940359,
0.493216262611237));
#7805=CARTESIAN_POINT('Ctrl Pts',(-0.605083848871178,-25.1234627940359,
0.986505103996172));
#7806=CARTESIAN_POINT('Ctrl Pts',(-0.605083848871178,-25.1234627940359,
1.47979394538111));
#7807=CARTESIAN_POINT('Ctrl Pts',(-0.65810242750508,-25.1234627940359,-7.25787736973695E-5));
#7808=CARTESIAN_POINT('Ctrl Pts',(-0.658102427505081,-25.1234627940359,
0.493216262611238));
#7809=CARTESIAN_POINT('Ctrl Pts',(-0.65810242750508,-25.1234627940359,0.986505103996171));
#7810=CARTESIAN_POINT('Ctrl Pts',(-0.65810242750508,-25.1234627940359,1.47979394538111));
#7811=CARTESIAN_POINT('Ctrl Pts',(-0.711121006138982,-25.1234627940359,
-7.25787736973826E-5));
#7812=CARTESIAN_POINT('Ctrl Pts',(-0.711121006138982,-25.1234627940359,
0.493216262611237));
#7813=CARTESIAN_POINT('Ctrl Pts',(-0.711121006138982,-25.1234627940359,
0.986505103996172));
#7814=CARTESIAN_POINT('Ctrl Pts',(-0.711121006138982,-25.1234627940359,
1.47979394538111));
#7815=CARTESIAN_POINT('',(-0.557956223418822,-24.3776077393418,1.47979394538111));
#7816=CARTESIAN_POINT('',(-0.557956223418822,-24.3776077393418,-0.00849999999999186));
#7817=CARTESIAN_POINT('Ctrl Pts',(-0.557956223418822,-24.3776077393418,
1.47979394538111));
#7818=CARTESIAN_POINT('Ctrl Pts',(-0.509846772436208,-24.5147424650065,
1.47979394538111));
#7819=CARTESIAN_POINT('Ctrl Pts',(-0.461737321453594,-24.6518771906711,
1.47979394538111));
#7820=CARTESIAN_POINT('Ctrl Pts',(-0.41362787047098,-24.7890119163358,1.47979394538111));
#7821=CARTESIAN_POINT('Ctrl Pts',(-0.405369954047886,-24.812550890074,1.47979394538111));
#7822=CARTESIAN_POINT('Ctrl Pts',(-0.397457528801309,-24.8392078398663,
1.47979394538111));
#7823=CARTESIAN_POINT('Ctrl Pts',(-0.390064057744802,-24.8689249579101,
1.47979394538111));
#7824=CARTESIAN_POINT('Ctrl Pts',(-0.382209453502743,-24.9004955422358,
1.47979394538111));
#7825=CARTESIAN_POINT('Ctrl Pts',(-0.378282151381712,-24.9330527073217,
1.47979394538111));
#7826=CARTESIAN_POINT('Ctrl Pts',(-0.378282151381712,-24.9665964531677,
1.47979394538111));
#7827=CARTESIAN_POINT('Ctrl Pts',(-0.378282151381712,-24.9942207144527,
1.47979394538111));
#7828=CARTESIAN_POINT('Ctrl Pts',(-0.383924786034118,-25.0175470222118,
1.47979394538111));
#7829=CARTESIAN_POINT('Ctrl Pts',(-0.393009534335574,-25.0376302679005,
1.47979394538111));
#7830=CARTESIAN_POINT('Ctrl Pts',(-0.402827789638149,-25.0593350446244,
1.47979394538111));
#7831=CARTESIAN_POINT('Ctrl Pts',(-0.417254099600453,-25.075140083604,1.47979394538111));
#7832=CARTESIAN_POINT('Ctrl Pts',(-0.434246206606385,-25.0879458866695,
1.47979394538111));
#7833=CARTESIAN_POINT('Ctrl Pts',(-0.449955415090504,-25.0997848557916,
1.47979394538111));
#7834=CARTESIAN_POINT('Ctrl Pts',(-0.468610100165396,-25.1086640826332,
1.47979394538111));
#7835=CARTESIAN_POINT('Ctrl Pts',(-0.490210261831059,-25.1145835671943,
1.47979394538111));
#7836=CARTESIAN_POINT('Ctrl Pts',(-0.511810423496723,-25.1205030517553,
1.47979394538111));
#7837=CARTESIAN_POINT('Ctrl Pts',(-0.532428759632129,-25.1234627940359,
1.47979394538111));
#7838=CARTESIAN_POINT('Ctrl Pts',(-0.552065270237278,-25.1234627940359,
1.47979394538111));
#7839=CARTESIAN_POINT('Ctrl Pts',(-0.605083848871179,-25.1234627940359,
1.47979394538111));
#7840=CARTESIAN_POINT('Ctrl Pts',(-0.65810242750508,-25.1234627940359,1.47979394538111));
#7841=CARTESIAN_POINT('Ctrl Pts',(-0.711121006138981,-25.1234627940359,
1.47979394538111));
#7842=CARTESIAN_POINT('Origin',(-1.55058183450909,-24.3776077393418,-0.0084999999999921));
#7843=CARTESIAN_POINT('',(-0.557956223418822,-24.3776077393418,1.47979394538111));
#7844=CARTESIAN_POINT('Origin',(-1.55058183450909,-24.3776077393418,1.47979394538111));
#7845=CARTESIAN_POINT('Origin',(3.35658216571756,-23.2085095385318,-0.00849999999999115));
#7846=CARTESIAN_POINT('',(3.35658216571756,-23.2085095385318,1.47979394538111));
#7847=CARTESIAN_POINT('',(3.35658216571756,-23.2085095385318,-0.00849999999999115));
#7848=CARTESIAN_POINT('',(3.62167505888707,-23.2085095385318,1.47979394538111));
#7849=CARTESIAN_POINT('',(3.62167505888707,-23.2085095385318,1.47979394538111));
#7850=CARTESIAN_POINT('',(3.62167505888707,-23.2085095385318,-0.00849999999999109));
#7851=CARTESIAN_POINT('Ctrl Pts',(3.62167505888707,-23.2085095385318,-7.25787736968156E-5));
#7852=CARTESIAN_POINT('Ctrl Pts',(3.62167505888707,-23.2085095385318,0.493216262611238));
#7853=CARTESIAN_POINT('Ctrl Pts',(3.62167505888706,-23.2085095385318,0.986505103996172));
#7854=CARTESIAN_POINT('Ctrl Pts',(3.62167505888706,-23.2085095385318,1.47979394538111));
#7855=CARTESIAN_POINT('Ctrl Pts',(3.63149331418964,-23.1236635931565,-7.25787736968321E-5));
#7856=CARTESIAN_POINT('Ctrl Pts',(3.63149331418964,-23.1236635931565,0.493216262611238));
#7857=CARTESIAN_POINT('Ctrl Pts',(3.63149331418964,-23.1236635931565,0.986505103996172));
#7858=CARTESIAN_POINT('Ctrl Pts',(3.63149331418964,-23.1236635931565,1.47979394538111));
#7859=CARTESIAN_POINT('Ctrl Pts',(3.64131156949221,-23.0388176477813,-7.25787736968487E-5));
#7860=CARTESIAN_POINT('Ctrl Pts',(3.64131156949221,-23.0388176477813,0.493216262611238));
#7861=CARTESIAN_POINT('Ctrl Pts',(3.64131156949221,-23.0388176477813,0.986505103996173));
#7862=CARTESIAN_POINT('Ctrl Pts',(3.64131156949221,-23.0388176477813,1.47979394538111));
#7863=CARTESIAN_POINT('Ctrl Pts',(3.65636598748746,-22.9087226067055,-7.25787736968743E-5));
#7864=CARTESIAN_POINT('Ctrl Pts',(3.65636598748746,-22.9087226067055,0.493216262611237));
#7865=CARTESIAN_POINT('Ctrl Pts',(3.65636598748746,-22.9087226067055,0.986505103996173));
#7866=CARTESIAN_POINT('Ctrl Pts',(3.65636598748746,-22.9087226067055,1.47979394538111));
#7867=CARTESIAN_POINT('Ctrl Pts',(3.6650656124123,-22.8675657216897,-7.25787736968811E-5));
#7868=CARTESIAN_POINT('Ctrl Pts',(3.6650656124123,-22.8675657216897,0.493216262611238));
#7869=CARTESIAN_POINT('Ctrl Pts',(3.66506561241229,-22.8675657216897,0.986505103996173));
#7870=CARTESIAN_POINT('Ctrl Pts',(3.66506561241229,-22.8675657216897,1.47979394538111));
#7871=CARTESIAN_POINT('Ctrl Pts',(3.68942102047483,-22.7941456192573,-7.25787736968914E-5));
#7872=CARTESIAN_POINT('Ctrl Pts',(3.68942102047483,-22.7941456192573,0.493216262611238));
#7873=CARTESIAN_POINT('Ctrl Pts',(3.68942102047483,-22.7941456192573,0.986505103996172));
#7874=CARTESIAN_POINT('Ctrl Pts',(3.68942102047483,-22.7941456192573,1.47979394538111));
#7875=CARTESIAN_POINT('Ctrl Pts',(3.71094576849381,-22.7665971368664,-7.25787736968921E-5));
#7876=CARTESIAN_POINT('Ctrl Pts',(3.71094576849381,-22.7665971368664,0.493216262611237));
#7877=CARTESIAN_POINT('Ctrl Pts',(3.71094576849381,-22.7665971368664,0.986505103996173));
#7878=CARTESIAN_POINT('Ctrl Pts',(3.71094576849381,-22.7665971368664,1.47979394538111));
#7879=CARTESIAN_POINT('Ctrl Pts',(3.76207610971388,-22.7152191584431,-7.25787736968908E-5));
#7880=CARTESIAN_POINT('Ctrl Pts',(3.76207610971388,-22.7152191584431,0.493216262611238));
#7881=CARTESIAN_POINT('Ctrl Pts',(3.76207610971388,-22.7152191584431,0.986505103996172));
#7882=CARTESIAN_POINT('Ctrl Pts',(3.76207610971388,-22.7152191584431,1.47979394538111));
#7883=CARTESIAN_POINT('Ctrl Pts',(3.79545817774263,-22.6954875432396,-7.25787736968871E-5));
#7884=CARTESIAN_POINT('Ctrl Pts',(3.79545817774263,-22.6954875432396,0.493216262611238));
#7885=CARTESIAN_POINT('Ctrl Pts',(3.79545817774263,-22.6954875432396,0.986505103996172));
#7886=CARTESIAN_POINT('Ctrl Pts',(3.79545817774263,-22.6954875432396,1.47979394538111));
#7887=CARTESIAN_POINT('Ctrl Pts',(3.87793152228426,-22.6678632819546,-7.25787736968731E-5));
#7888=CARTESIAN_POINT('Ctrl Pts',(3.87793152228426,-22.6678632819546,0.493216262611237));
#7889=CARTESIAN_POINT('Ctrl Pts',(3.87793152228426,-22.6678632819546,0.986505103996173));
#7890=CARTESIAN_POINT('Ctrl Pts',(3.87793152228426,-22.6678632819546,1.47979394538111));
#7891=CARTESIAN_POINT('Ctrl Pts',(3.92898644985764,-22.6609572166334,-7.25787736968621E-5));
#7892=CARTESIAN_POINT('Ctrl Pts',(3.92898644985764,-22.6609572166334,0.493216262611239));
#7893=CARTESIAN_POINT('Ctrl Pts',(3.92898644985764,-22.6609572166334,0.986505103996171));
#7894=CARTESIAN_POINT('Ctrl Pts',(3.92898644985764,-22.6609572166334,1.47979394538111));
#7895=CARTESIAN_POINT('Ctrl Pts',(4.09982409212244,-22.6609572166333,-7.25787736968197E-5));
#7896=CARTESIAN_POINT('Ctrl Pts',(4.09982409212244,-22.6609572166333,0.493216262611236));
#7897=CARTESIAN_POINT('Ctrl Pts',(4.09982409212244,-22.6609572166333,0.986505103996174));
#7898=CARTESIAN_POINT('Ctrl Pts',(4.09982409212244,-22.6609572166333,1.47979394538111));
#7899=CARTESIAN_POINT('Ctrl Pts',(4.20978855151127,-22.6609572166334,-7.25787736967919E-5));
#7900=CARTESIAN_POINT('Ctrl Pts',(4.20978855151127,-22.6609572166334,0.493216262611239));
#7901=CARTESIAN_POINT('Ctrl Pts',(4.20978855151127,-22.6609572166334,0.986505103996172));
#7902=CARTESIAN_POINT('Ctrl Pts',(4.20978855151127,-22.6609572166334,1.47979394538111));
#7903=CARTESIAN_POINT('Ctrl Pts',(4.3197530109001,-22.6609572166334,-7.25787736967647E-5));
#7904=CARTESIAN_POINT('Ctrl Pts',(4.3197530109001,-22.6609572166334,0.493216262611238));
#7905=CARTESIAN_POINT('Ctrl Pts',(4.3197530109001,-22.6609572166334,0.986505103996173));
#7906=CARTESIAN_POINT('Ctrl Pts',(4.3197530109001,-22.6609572166334,1.47979394538111));
#7907=CARTESIAN_POINT('',(4.3197530109001,-22.6609572166334,1.47979394538111));
#7908=CARTESIAN_POINT('Ctrl Pts',(3.62167505888707,-23.2085095385318,1.47979394538111));
#7909=CARTESIAN_POINT('Ctrl Pts',(3.63149331418964,-23.1236635931565,1.47979394538111));
#7910=CARTESIAN_POINT('Ctrl Pts',(3.64131156949221,-23.0388176477813,1.47979394538111));
#7911=CARTESIAN_POINT('Ctrl Pts',(3.65112982479479,-22.953971702406,1.47979394538111));
#7912=CARTESIAN_POINT('Ctrl Pts',(3.65636598748746,-22.9087226067055,1.47979394538111));
#7913=CARTESIAN_POINT('Ctrl Pts',(3.6650656124123,-22.8675657216897,1.47979394538111));
#7914=CARTESIAN_POINT('Ctrl Pts',(3.67763911411174,-22.8296625266237,1.47979394538111));
#7915=CARTESIAN_POINT('Ctrl Pts',(3.68942102047483,-22.7941456192573,1.47979394538111));
#7916=CARTESIAN_POINT('Ctrl Pts',(3.71094576849381,-22.7665971368664,1.47979394538111));
#7917=CARTESIAN_POINT('Ctrl Pts',(3.73654864592719,-22.7408702582077,1.47979394538111));
#7918=CARTESIAN_POINT('Ctrl Pts',(3.76207610971388,-22.7152191584431,1.47979394538111));
#7919=CARTESIAN_POINT('Ctrl Pts',(3.79545817774263,-22.6954875432396,1.47979394538111));
#7920=CARTESIAN_POINT('Ctrl Pts',(3.83669485001344,-22.6816754125971,1.47979394538111));
#7921=CARTESIAN_POINT('Ctrl Pts',(3.87793152228426,-22.6678632819546,1.47979394538111));
#7922=CARTESIAN_POINT('Ctrl Pts',(3.92898644985764,-22.6609572166334,1.47979394538111));
#7923=CARTESIAN_POINT('Ctrl Pts',(3.9898596327336,-22.6609572166334,1.47979394538111));
#7924=CARTESIAN_POINT('Ctrl Pts',(4.09982409212244,-22.6609572166334,1.47979394538111));
#7925=CARTESIAN_POINT('Ctrl Pts',(4.20978855151127,-22.6609572166334,1.47979394538111));
#7926=CARTESIAN_POINT('Ctrl Pts',(4.3197530109001,-22.6609572166334,1.47979394538111));
#7927=CARTESIAN_POINT('',(4.3197530109001,-22.6609572166334,-0.00849999999999103));
#7928=CARTESIAN_POINT('Origin',(4.3197530109001,-22.6609572166334,-0.00849999999999103));
#7929=CARTESIAN_POINT('',(4.3197530109001,-24.857085988788,1.47979394538111));
#7930=CARTESIAN_POINT('',(4.3197530109001,-24.857085988788,1.47979394538111));
#7931=CARTESIAN_POINT('',(4.3197530109001,-24.857085988788,-0.00849999999999054));
#7932=CARTESIAN_POINT('Ctrl Pts',(4.3197530109001,-24.857085988788,-7.25787736961965E-5));
#7933=CARTESIAN_POINT('Ctrl Pts',(4.3197530109001,-24.857085988788,0.493216262611239));
#7934=CARTESIAN_POINT('Ctrl Pts',(4.3197530109001,-24.857085988788,0.986505103996173));
#7935=CARTESIAN_POINT('Ctrl Pts',(4.3197530109001,-24.857085988788,1.47979394538111));
#7936=CARTESIAN_POINT('Ctrl Pts',(4.3197530109001,-24.9162808343986,-7.25787736961833E-5));
#7937=CARTESIAN_POINT('Ctrl Pts',(4.3197530109001,-24.9162808343986,0.49321626261124));
#7938=CARTESIAN_POINT('Ctrl Pts',(4.3197530109001,-24.9162808343986,0.986505103996172));
#7939=CARTESIAN_POINT('Ctrl Pts',(4.3197530109001,-24.9162808343986,1.47979394538111));
#7940=CARTESIAN_POINT('Ctrl Pts',(4.31259300811678,-24.9632367894026,-7.25787736961754E-5));
#7941=CARTESIAN_POINT('Ctrl Pts',(4.31259300811678,-24.9632367894026,0.493216262611237));
#7942=CARTESIAN_POINT('Ctrl Pts',(4.31259300811678,-24.9632367894026,0.986505103996175));
#7943=CARTESIAN_POINT('Ctrl Pts',(4.31259300811678,-24.9632367894026,1.47979394538111));
#7944=CARTESIAN_POINT('Ctrl Pts',(4.29226189605289,-25.0326973640996,-7.25787736961646E-5));
#7945=CARTESIAN_POINT('Ctrl Pts',(4.29226189605289,-25.0326973640996,0.49321626261124));
#7946=CARTESIAN_POINT('Ctrl Pts',(4.29226189605289,-25.0326973640996,0.986505103996172));
#7947=CARTESIAN_POINT('Ctrl Pts',(4.29226189605289,-25.0326973640996,1.47979394538111));
#7948=CARTESIAN_POINT('Ctrl Pts',(4.27753451309903,-25.0593350446244,-7.25787736961622E-5));
#7949=CARTESIAN_POINT('Ctrl Pts',(4.27753451309903,-25.0593350446244,0.493216262611238));
#7950=CARTESIAN_POINT('Ctrl Pts',(4.27753451309903,-25.0593350446244,0.986505103996174));
#7951=CARTESIAN_POINT('Ctrl Pts',(4.27753451309903,-25.0593350446244,1.47979394538111));
#7952=CARTESIAN_POINT('Ctrl Pts',(4.24022514294925,-25.0968251135111,-7.25787736961633E-5));
#7953=CARTESIAN_POINT('Ctrl Pts',(4.24022514294925,-25.0968251135111,0.493216262611239));
#7954=CARTESIAN_POINT('Ctrl Pts',(4.24022514294925,-25.0968251135111,0.986505103996173));
#7955=CARTESIAN_POINT('Ctrl Pts',(4.24022514294925,-25.0968251135111,1.47979394538111));
#7956=CARTESIAN_POINT('Ctrl Pts',(4.21862498128358,-25.1086640826332,-7.25787736961659E-5));
#7957=CARTESIAN_POINT('Ctrl Pts',(4.21862498128358,-25.1086640826332,0.493216262611238));
#7958=CARTESIAN_POINT('Ctrl Pts',(4.21862498128358,-25.1086640826332,0.986505103996173));
#7959=CARTESIAN_POINT('Ctrl Pts',(4.21862498128358,-25.1086640826332,1.47979394538111));
#7960=CARTESIAN_POINT('Ctrl Pts',(4.1675700537102,-25.1205030517553,-7.25787736961762E-5));
#7961=CARTESIAN_POINT('Ctrl Pts',(4.1675700537102,-25.1205030517553,0.493216262611239));
#7962=CARTESIAN_POINT('Ctrl Pts',(4.1675700537102,-25.1205030517553,0.986505103996172));
#7963=CARTESIAN_POINT('Ctrl Pts',(4.1675700537102,-25.1205030517553,1.47979394538111));
#7964=CARTESIAN_POINT('Ctrl Pts',(4.13909711333273,-25.1234627940359,-7.25787736961825E-5));
#7965=CARTESIAN_POINT('Ctrl Pts',(4.13909711333273,-25.1234627940359,0.493216262611238));
#7966=CARTESIAN_POINT('Ctrl Pts',(4.13909711333273,-25.1234627940359,0.986505103996173));
#7967=CARTESIAN_POINT('Ctrl Pts',(4.13909711333273,-25.1234627940359,1.47979394538111));
#7968=CARTESIAN_POINT('Ctrl Pts',(4.05073281560956,-25.1234627940359,-7.25787736962041E-5));
#7969=CARTESIAN_POINT('Ctrl Pts',(4.05073281560956,-25.1234627940359,0.493216262611239));
#7970=CARTESIAN_POINT('Ctrl Pts',(4.05073281560956,-25.1234627940359,0.986505103996172));
#7971=CARTESIAN_POINT('Ctrl Pts',(4.05073281560956,-25.1234627940359,1.47979394538111));
#7972=CARTESIAN_POINT('Ctrl Pts',(3.99378693485463,-25.1234627940359,-7.25787736962182E-5));
#7973=CARTESIAN_POINT('Ctrl Pts',(3.99378693485463,-25.1234627940359,0.493216262611238));
#7974=CARTESIAN_POINT('Ctrl Pts',(3.99378693485463,-25.1234627940359,0.986505103996173));
#7975=CARTESIAN_POINT('Ctrl Pts',(3.99378693485463,-25.1234627940359,1.47979394538111));
#7976=CARTESIAN_POINT('Ctrl Pts',(3.9368410540997,-25.1234627940359,-7.25787736962323E-5));
#7977=CARTESIAN_POINT('Ctrl Pts',(3.9368410540997,-25.1234627940359,0.493216262611238));
#7978=CARTESIAN_POINT('Ctrl Pts',(3.9368410540997,-25.1234627940359,0.986505103996173));
#7979=CARTESIAN_POINT('Ctrl Pts',(3.9368410540997,-25.1234627940359,1.47979394538111));
#7980=CARTESIAN_POINT('',(3.9368410540997,-25.1234627940359,1.47979394538111));
#7981=CARTESIAN_POINT('Ctrl Pts',(4.3197530109001,-24.857085988788,1.47979394538111));
#7982=CARTESIAN_POINT('Ctrl Pts',(4.3197530109001,-24.9162808343986,1.47979394538111));
#7983=CARTESIAN_POINT('Ctrl Pts',(4.31259300811678,-24.9632367894026,1.47979394538111));
#7984=CARTESIAN_POINT('Ctrl Pts',(4.30208015135547,-24.9991536182535,1.47979394538111));
#7985=CARTESIAN_POINT('Ctrl Pts',(4.29226189605289,-25.0326973640996,1.47979394538111));
#7986=CARTESIAN_POINT('Ctrl Pts',(4.27753451309903,-25.0593350446244,1.47979394538111));
#7987=CARTESIAN_POINT('Ctrl Pts',(4.25789800249388,-25.0790666598279,1.47979394538111));
#7988=CARTESIAN_POINT('Ctrl Pts',(4.24022514294925,-25.0968251135111,1.47979394538111));
#7989=CARTESIAN_POINT('Ctrl Pts',(4.21862498128358,-25.1086640826332,1.47979394538111));
#7990=CARTESIAN_POINT('Ctrl Pts',(4.19309751749689,-25.1145835671943,1.47979394538111));
#7991=CARTESIAN_POINT('Ctrl Pts',(4.1675700537102,-25.1205030517553,1.47979394538111));
#7992=CARTESIAN_POINT('Ctrl Pts',(4.13909711333273,-25.1234627940359,1.47979394538111));
#7993=CARTESIAN_POINT('Ctrl Pts',(4.10767869636449,-25.1234627940359,1.47979394538111));
#7994=CARTESIAN_POINT('Ctrl Pts',(4.05073281560956,-25.1234627940359,1.47979394538111));
#7995=CARTESIAN_POINT('Ctrl Pts',(3.99378693485463,-25.1234627940359,1.47979394538111));
#7996=CARTESIAN_POINT('Ctrl Pts',(3.9368410540997,-25.1234627940359,1.47979394538111));
#7997=CARTESIAN_POINT('',(3.9368410540997,-25.1234627940359,-0.00849999999999058));
#7998=CARTESIAN_POINT('Origin',(3.9368410540997,-25.1234627940359,-0.00849999999999058));
#7999=CARTESIAN_POINT('',(3.9368410540997,-25.3424837227952,1.47979394538111));
#8000=CARTESIAN_POINT('',(3.9368410540997,-25.3424837227952,1.47979394538111));
#8001=CARTESIAN_POINT('',(3.9368410540997,-25.3424837227952,-0.00849999999999053));
#8002=CARTESIAN_POINT('Origin',(3.9368410540997,-25.3424837227952,-0.00849999999999053));
#8003=CARTESIAN_POINT('',(5.3506698176704,-25.3424837227952,1.47979394538111));
#8004=CARTESIAN_POINT('',(5.3506698176704,-25.3424837227952,1.47979394538111));
#8005=CARTESIAN_POINT('',(5.35066981767041,-25.3424837227952,-0.00849999999999018));
#8006=CARTESIAN_POINT('Origin',(5.35066981767041,-25.3424837227952,-0.00849999999999018));
#8007=CARTESIAN_POINT('',(5.3506698176704,-25.1234627940359,1.47979394538111));
#8008=CARTESIAN_POINT('',(5.3506698176704,-25.1234627940359,1.47979394538111));
#8009=CARTESIAN_POINT('',(5.35066981767041,-25.1234627940359,-0.00849999999999023));
#8010=CARTESIAN_POINT('Ctrl Pts',(5.3506698176704,-25.1234627940359,-7.25787736958821E-5));
#8011=CARTESIAN_POINT('Ctrl Pts',(5.3506698176704,-25.1234627940359,0.493216262611239));
#8012=CARTESIAN_POINT('Ctrl Pts',(5.3506698176704,-25.1234627940359,0.986505103996173));
#8013=CARTESIAN_POINT('Ctrl Pts',(5.3506698176704,-25.1234627940359,1.47979394538111));
#8014=CARTESIAN_POINT('Ctrl Pts',(5.29274211138522,-25.1234627940359,-7.25787736958964E-5));
#8015=CARTESIAN_POINT('Ctrl Pts',(5.29274211138522,-25.1234627940359,0.493216262611239));
#8016=CARTESIAN_POINT('Ctrl Pts',(5.29274211138522,-25.1234627940359,0.986505103996173));
#8017=CARTESIAN_POINT('Ctrl Pts',(5.29274211138522,-25.1234627940359,1.47979394538111));
#8018=CARTESIAN_POINT('Ctrl Pts',(5.23481440510003,-25.1234627940359,-7.25787736959112E-5));
#8019=CARTESIAN_POINT('Ctrl Pts',(5.23481440510003,-25.1234627940359,0.493216262611239));
#8020=CARTESIAN_POINT('Ctrl Pts',(5.23481440510003,-25.1234627940359,0.986505103996173));
#8021=CARTESIAN_POINT('Ctrl Pts',(5.23481440510003,-25.1234627940359,1.47979394538111));
#8022=CARTESIAN_POINT('Ctrl Pts',(5.14743193290712,-25.1234627940359,-7.25787736959327E-5));
#8023=CARTESIAN_POINT('Ctrl Pts',(5.14743193290712,-25.1234627940359,0.493216262611239));
#8024=CARTESIAN_POINT('Ctrl Pts',(5.14743193290711,-25.1234627940359,0.986505103996174));
#8025=CARTESIAN_POINT('Ctrl Pts',(5.14743193290711,-25.1234627940359,1.47979394538111));
#8026=CARTESIAN_POINT('Ctrl Pts',(5.11994081805991,-25.1205030517553,-7.25787736959405E-5));
#8027=CARTESIAN_POINT('Ctrl Pts',(5.11994081805991,-25.1205030517553,0.493216262611239));
#8028=CARTESIAN_POINT('Ctrl Pts',(5.11994081805991,-25.1205030517553,0.986505103996174));
#8029=CARTESIAN_POINT('Ctrl Pts',(5.11994081805991,-25.1205030517553,1.47979394538111));
#8030=CARTESIAN_POINT('Ctrl Pts',(5.06888589048652,-25.1086640826332,-7.25787736959557E-5));
#8031=CARTESIAN_POINT('Ctrl Pts',(5.06888589048652,-25.1086640826332,0.493216262611239));
#8032=CARTESIAN_POINT('Ctrl Pts',(5.06888589048652,-25.1086640826332,0.986505103996173));
#8033=CARTESIAN_POINT('Ctrl Pts',(5.06888589048652,-25.1086640826332,1.47979394538111));
#8034=CARTESIAN_POINT('Ctrl Pts',(5.0463039032906,-25.0968251135111,-7.25787736959639E-5));
#8035=CARTESIAN_POINT('Ctrl Pts',(5.0463039032906,-25.0968251135111,0.493216262611239));
#8036=CARTESIAN_POINT('Ctrl Pts',(5.0463039032906,-25.0968251135111,0.986505103996173));
#8037=CARTESIAN_POINT('Ctrl Pts',(5.0463039032906,-25.0968251135111,1.47979394538111));
#8038=CARTESIAN_POINT('Ctrl Pts',(5.00602595100526,-25.0603993877548,-7.25787736959814E-5));
#8039=CARTESIAN_POINT('Ctrl Pts',(5.00602595100526,-25.0603993877548,0.493216262611239));
#8040=CARTESIAN_POINT('Ctrl Pts',(5.00602595100526,-25.0603993877548,0.986505103996173));
#8041=CARTESIAN_POINT('Ctrl Pts',(5.00602595100526,-25.0603993877548,1.47979394538111));
#8042=CARTESIAN_POINT('Ctrl Pts',(4.99230349912644,-25.0326973640996,-7.25787736959914E-5));
#8043=CARTESIAN_POINT('Ctrl Pts',(4.99230349912644,-25.0326973640996,0.493216262611239));
#8044=CARTESIAN_POINT('Ctrl Pts',(4.99230349912644,-25.0326973640996,0.986505103996173));
#8045=CARTESIAN_POINT('Ctrl Pts',(4.99230349912644,-25.0326973640996,1.47979394538111));
#8046=CARTESIAN_POINT('Ctrl Pts',(4.9721342461677,-24.963789775704,-7.25787736960125E-5));
#8047=CARTESIAN_POINT('Ctrl Pts',(4.9721342461677,-24.963789775704,0.493216262611239));
#8048=CARTESIAN_POINT('Ctrl Pts',(4.9721342461677,-24.963789775704,0.986505103996173));
#8049=CARTESIAN_POINT('Ctrl Pts',(4.9721342461677,-24.963789775704,1.47979394538111));
#8050=CARTESIAN_POINT('Ctrl Pts',(4.96775786087,-24.9162808343986,-7.25787736960228E-5));
#8051=CARTESIAN_POINT('Ctrl Pts',(4.96775786087,-24.9162808343986,0.493216262611238));
#8052=CARTESIAN_POINT('Ctrl Pts',(4.96775786087,-24.9162808343986,0.986505103996173));
#8053=CARTESIAN_POINT('Ctrl Pts',(4.96775786087,-24.9162808343986,1.47979394538111));
#8054=CARTESIAN_POINT('Ctrl Pts',(4.96775786087,-24.857085988788,-7.25787736960361E-5));
#8055=CARTESIAN_POINT('Ctrl Pts',(4.96775786087,-24.857085988788,0.493216262611239));
#8056=CARTESIAN_POINT('Ctrl Pts',(4.96775786087,-24.857085988788,0.986505103996173));
#8057=CARTESIAN_POINT('Ctrl Pts',(4.96775786087,-24.857085988788,1.47979394538111));
#8058=CARTESIAN_POINT('',(4.96775786087,-24.857085988788,1.47979394538111));
#8059=CARTESIAN_POINT('Ctrl Pts',(5.3506698176704,-25.1234627940359,1.47979394538111));
#8060=CARTESIAN_POINT('Ctrl Pts',(5.29274211138522,-25.1234627940359,1.47979394538111));
#8061=CARTESIAN_POINT('Ctrl Pts',(5.23481440510003,-25.1234627940359,1.47979394538111));
#8062=CARTESIAN_POINT('Ctrl Pts',(5.17688669881484,-25.1234627940359,1.47979394538111));
#8063=CARTESIAN_POINT('Ctrl Pts',(5.14743193290712,-25.1234627940359,1.47979394538111));
#8064=CARTESIAN_POINT('Ctrl Pts',(5.11994081805991,-25.1205030517553,1.47979394538111));
#8065=CARTESIAN_POINT('Ctrl Pts',(5.09441335427321,-25.1145835671943,1.47979394538111));
#8066=CARTESIAN_POINT('Ctrl Pts',(5.06888589048652,-25.1086640826332,1.47979394538111));
#8067=CARTESIAN_POINT('Ctrl Pts',(5.0463039032906,-25.0968251135111,1.47979394538111));
#8068=CARTESIAN_POINT('Ctrl Pts',(5.02666739268545,-25.0790666598279,1.47979394538111));
#8069=CARTESIAN_POINT('Ctrl Pts',(5.00602595100526,-25.0603993877548,1.47979394538111));
#8070=CARTESIAN_POINT('Ctrl Pts',(4.99230349912644,-25.0326973640996,1.47979394538111));
#8071=CARTESIAN_POINT('Ctrl Pts',(4.98248524382387,-24.9991536182535,1.47979394538111));
#8072=CARTESIAN_POINT('Ctrl Pts',(4.9721342461677,-24.963789775704,1.47979394538111));
#8073=CARTESIAN_POINT('Ctrl Pts',(4.96775786087,-24.9162808343986,1.47979394538111));
#8074=CARTESIAN_POINT('Ctrl Pts',(4.96775786087,-24.857085988788,1.47979394538111));
#8075=CARTESIAN_POINT('',(4.96775786087001,-24.857085988788,-0.00849999999999038));
#8076=CARTESIAN_POINT('Origin',(3.35658216571756,-22.4093791227881,-0.00849999999999133));
#8077=CARTESIAN_POINT('',(3.35658216571756,-22.4093791227881,1.47979394538111));
#8078=CARTESIAN_POINT('',(3.35658216571756,-22.4093791227881,-0.00849999999999133));
#8079=CARTESIAN_POINT('',(3.35658216571756,-23.2085095385318,1.47979394538111));
#8080=CARTESIAN_POINT('Origin',(5.92798322946177,-22.4093791227881,-0.00849999999999069));
#8081=CARTESIAN_POINT('',(5.92798322946177,-22.4093791227881,1.47979394538111));
#8082=CARTESIAN_POINT('',(5.92798322946177,-22.4093791227881,-0.00849999999999069));
#8083=CARTESIAN_POINT('',(3.35658216571756,-22.4093791227881,1.47979394538111));
#8084=CARTESIAN_POINT('Origin',(5.92798322946177,-23.2085095385318,-0.00849999999999052));
#8085=CARTESIAN_POINT('',(5.92798322946177,-23.2085095385318,1.47979394538111));
#8086=CARTESIAN_POINT('',(5.92798322946177,-23.2085095385318,-0.00849999999999052));
#8087=CARTESIAN_POINT('',(5.92798322946177,-22.4093791227881,1.47979394538111));
#8088=CARTESIAN_POINT('Origin',(5.66289033629227,-23.2085095385318,-0.00849999999999058));
#8089=CARTESIAN_POINT('',(5.66289033629227,-23.2085095385318,1.47979394538111));
#8090=CARTESIAN_POINT('',(5.66289033629227,-23.2085095385318,-0.00849999999999058));
#8091=CARTESIAN_POINT('',(5.92798322946177,-23.2085095385318,1.47979394538111));
#8092=CARTESIAN_POINT('Ctrl Pts',(4.96775786087,-22.6609572166334,-7.25787736966064E-5));
#8093=CARTESIAN_POINT('Ctrl Pts',(4.96775786087,-22.6609572166334,0.493216262611238));
#8094=CARTESIAN_POINT('Ctrl Pts',(4.96775786087,-22.6609572166334,0.986505103996173));
#8095=CARTESIAN_POINT('Ctrl Pts',(4.96775786087,-22.6609572166334,1.47979394538111));
#8096=CARTESIAN_POINT('Ctrl Pts',(5.07674049472858,-22.6609572166334,-7.25787736965794E-5));
#8097=CARTESIAN_POINT('Ctrl Pts',(5.07674049472858,-22.6609572166334,0.493216262611238));
#8098=CARTESIAN_POINT('Ctrl Pts',(5.07674049472858,-22.6609572166334,0.986505103996173));
#8099=CARTESIAN_POINT('Ctrl Pts',(5.07674049472858,-22.6609572166334,1.47979394538111));
#8100=CARTESIAN_POINT('Ctrl Pts',(5.18572312858716,-22.6609572166334,-7.25787736965528E-5));
#8101=CARTESIAN_POINT('Ctrl Pts',(5.18572312858716,-22.6609572166334,0.493216262611239));
#8102=CARTESIAN_POINT('Ctrl Pts',(5.18572312858716,-22.6609572166334,0.986505103996173));
#8103=CARTESIAN_POINT('Ctrl Pts',(5.18572312858716,-22.6609572166334,1.47979394538111));
#8104=CARTESIAN_POINT('Ctrl Pts',(5.35557894532169,-22.6609572166334,-7.25787736965108E-5));
#8105=CARTESIAN_POINT('Ctrl Pts',(5.35557894532169,-22.6609572166334,0.493216262611238));
#8106=CARTESIAN_POINT('Ctrl Pts',(5.35557894532169,-22.6609572166334,0.986505103996173));
#8107=CARTESIAN_POINT('Ctrl Pts',(5.35557894532169,-22.6609572166334,1.47979394538111));
#8108=CARTESIAN_POINT('Ctrl Pts',(5.40663387289508,-22.6678632819546,-7.25787736964964E-5));
#8109=CARTESIAN_POINT('Ctrl Pts',(5.40663387289508,-22.6678632819546,0.493216262611238));
#8110=CARTESIAN_POINT('Ctrl Pts',(5.40663387289508,-22.6678632819546,0.986505103996173));
#8111=CARTESIAN_POINT('Ctrl Pts',(5.40663387289508,-22.6678632819546,1.47979394538111));
#8112=CARTESIAN_POINT('Ctrl Pts',(5.4891072174367,-22.6954875432396,-7.25787736964697E-5));
#8113=CARTESIAN_POINT('Ctrl Pts',(5.4891072174367,-22.6954875432396,0.493216262611238));
#8114=CARTESIAN_POINT('Ctrl Pts',(5.4891072174367,-22.6954875432396,0.986505103996173));
#8115=CARTESIAN_POINT('Ctrl Pts',(5.4891072174367,-22.6954875432396,1.47979394538111));
#8116=CARTESIAN_POINT('Ctrl Pts',(5.52248928546545,-22.7152191584431,-7.25787736964572E-5));
#8117=CARTESIAN_POINT('Ctrl Pts',(5.52248928546545,-22.7152191584431,0.493216262611238));
#8118=CARTESIAN_POINT('Ctrl Pts',(5.52248928546545,-22.7152191584431,0.986505103996173));
#8119=CARTESIAN_POINT('Ctrl Pts',(5.52248928546545,-22.7152191584431,1.47979394538111));
#8120=CARTESIAN_POINT('Ctrl Pts',(5.57361962668552,-22.7665971368664,-7.25787736964331E-5));
#8121=CARTESIAN_POINT('Ctrl Pts',(5.57361962668552,-22.7665971368664,0.493216262611238));
#8122=CARTESIAN_POINT('Ctrl Pts',(5.57361962668552,-22.7665971368664,0.986505103996173));
#8123=CARTESIAN_POINT('Ctrl Pts',(5.57361962668552,-22.7665971368664,1.47979394538111));
#8124=CARTESIAN_POINT('Ctrl Pts',(5.5951443747045,-22.7941456192573,-7.25787736964219E-5));
#8125=CARTESIAN_POINT('Ctrl Pts',(5.5951443747045,-22.7941456192573,0.493216262611238));
#8126=CARTESIAN_POINT('Ctrl Pts',(5.5951443747045,-22.7941456192573,0.986505103996173));
#8127=CARTESIAN_POINT('Ctrl Pts',(5.5951443747045,-22.7941456192573,1.47979394538111));
#8128=CARTESIAN_POINT('Ctrl Pts',(5.6192988411039,-22.8669599770661,-7.25787736963997E-5));
#8129=CARTESIAN_POINT('Ctrl Pts',(5.6192988411039,-22.8669599770661,0.493216262611239));
#8130=CARTESIAN_POINT('Ctrl Pts',(5.6192988411039,-22.8669599770661,0.986505103996172));
#8131=CARTESIAN_POINT('Ctrl Pts',(5.6192988411039,-22.8669599770661,1.47979394538111));
#8132=CARTESIAN_POINT('Ctrl Pts',(5.62817490515893,-22.9085108643432,-7.25787736963884E-5));
#8133=CARTESIAN_POINT('Ctrl Pts',(5.62817490515893,-22.9085108643432,0.493216262611238));
#8134=CARTESIAN_POINT('Ctrl Pts',(5.62817490515893,-22.9085108643432,0.986505103996173));
#8135=CARTESIAN_POINT('Ctrl Pts',(5.62817490515893,-22.9085108643432,1.47979394538111));
#8136=CARTESIAN_POINT('Ctrl Pts',(5.64325382568712,-23.0388176477813,-7.25787736963553E-5));
#8137=CARTESIAN_POINT('Ctrl Pts',(5.64325382568712,-23.0388176477813,0.493216262611239));
#8138=CARTESIAN_POINT('Ctrl Pts',(5.64325382568712,-23.0388176477813,0.986505103996173));
#8139=CARTESIAN_POINT('Ctrl Pts',(5.64325382568712,-23.0388176477813,1.47979394538111));
#8140=CARTESIAN_POINT('Ctrl Pts',(5.65307208098969,-23.1236635931565,-7.25787736963339E-5));
#8141=CARTESIAN_POINT('Ctrl Pts',(5.65307208098969,-23.1236635931565,0.493216262611238));
#8142=CARTESIAN_POINT('Ctrl Pts',(5.65307208098969,-23.1236635931565,0.986505103996173));
#8143=CARTESIAN_POINT('Ctrl Pts',(5.65307208098969,-23.1236635931565,1.47979394538111));
#8144=CARTESIAN_POINT('Ctrl Pts',(5.66289033629227,-23.2085095385318,-7.25787736963125E-5));
#8145=CARTESIAN_POINT('Ctrl Pts',(5.66289033629227,-23.2085095385318,0.493216262611238));
#8146=CARTESIAN_POINT('Ctrl Pts',(5.66289033629227,-23.2085095385318,0.986505103996173));
#8147=CARTESIAN_POINT('Ctrl Pts',(5.66289033629227,-23.2085095385318,1.47979394538111));
#8148=CARTESIAN_POINT('',(4.96775786087,-22.6609572166334,1.47979394538111));
#8149=CARTESIAN_POINT('',(4.96775786087001,-22.6609572166334,-0.00849999999999087));
#8150=CARTESIAN_POINT('Ctrl Pts',(4.96775786087,-22.6609572166334,1.47979394538111));
#8151=CARTESIAN_POINT('Ctrl Pts',(5.07674049472858,-22.6609572166334,1.47979394538111));
#8152=CARTESIAN_POINT('Ctrl Pts',(5.18572312858716,-22.6609572166334,1.47979394538111));
#8153=CARTESIAN_POINT('Ctrl Pts',(5.29470576244573,-22.6609572166334,1.47979394538111));
#8154=CARTESIAN_POINT('Ctrl Pts',(5.35557894532169,-22.6609572166334,1.47979394538111));
#8155=CARTESIAN_POINT('Ctrl Pts',(5.40663387289508,-22.6678632819546,1.47979394538111));
#8156=CARTESIAN_POINT('Ctrl Pts',(5.44787054516589,-22.6816754125971,1.47979394538111));
#8157=CARTESIAN_POINT('Ctrl Pts',(5.4891072174367,-22.6954875432396,1.47979394538111));
#8158=CARTESIAN_POINT('Ctrl Pts',(5.52248928546545,-22.7152191584431,1.47979394538111));
#8159=CARTESIAN_POINT('Ctrl Pts',(5.54801674925215,-22.7408702582077,1.47979394538111));
#8160=CARTESIAN_POINT('Ctrl Pts',(5.57361962668552,-22.7665971368664,1.47979394538111));
#8161=CARTESIAN_POINT('Ctrl Pts',(5.5951443747045,-22.7941456192573,1.47979394538111));
#8162=CARTESIAN_POINT('Ctrl Pts',(5.60692628106759,-22.8296625266237,1.47979394538111));
#8163=CARTESIAN_POINT('Ctrl Pts',(5.61929884110391,-22.8669599770661,1.47979394538111));
#8164=CARTESIAN_POINT('Ctrl Pts',(5.62817490515893,-22.9085108643432,1.47979394538111));
#8165=CARTESIAN_POINT('Ctrl Pts',(5.63343557038454,-22.953971702406,1.47979394538111));
#8166=CARTESIAN_POINT('Ctrl Pts',(5.64325382568712,-23.0388176477813,1.47979394538111));
#8167=CARTESIAN_POINT('Ctrl Pts',(5.65307208098969,-23.1236635931565,1.47979394538111));
#8168=CARTESIAN_POINT('Ctrl Pts',(5.66289033629227,-23.2085095385318,1.47979394538111));
#8169=CARTESIAN_POINT('Origin',(4.96775786087,-24.857085988788,-0.00849999999999038));
#8170=CARTESIAN_POINT('',(4.96775786087,-22.6609572166334,1.47979394538111));
#8171=CARTESIAN_POINT('Origin',(-1.55058183450909,-24.3776077393418,1.47979394538111));
#8172=CARTESIAN_POINT('Ctrl Pts',(7.18275625713077,-22.675755928036,-7.25787736960621E-5));
#8173=CARTESIAN_POINT('Ctrl Pts',(7.18275625713077,-22.675755928036,0.493216262611239));
#8174=CARTESIAN_POINT('Ctrl Pts',(7.18275625713077,-22.675755928036,0.986505103996174));
#8175=CARTESIAN_POINT('Ctrl Pts',(7.18275625713077,-22.675755928036,1.47979394538111));
#8176=CARTESIAN_POINT('Ctrl Pts',(7.20042911667541,-22.6560243128325,-7.25787736960621E-5));
#8177=CARTESIAN_POINT('Ctrl Pts',(7.20042911667541,-22.6560243128325,0.493216262611239));
#8178=CARTESIAN_POINT('Ctrl Pts',(7.20042911667541,-22.6560243128325,0.986505103996173));
#8179=CARTESIAN_POINT('Ctrl Pts',(7.20042911667541,-22.6560243128325,1.47979394538111));
#8180=CARTESIAN_POINT('Ctrl Pts',(7.22202927834107,-22.6431987629502,-7.25787736960596E-5));
#8181=CARTESIAN_POINT('Ctrl Pts',(7.22202927834107,-22.6431987629502,0.493216262611239));
#8182=CARTESIAN_POINT('Ctrl Pts',(7.22202927834107,-22.6431987629502,0.986505103996174));
#8183=CARTESIAN_POINT('Ctrl Pts',(7.22202927834107,-22.6431987629502,1.47979394538111));
#8184=CARTESIAN_POINT('Ctrl Pts',(7.27308420591446,-22.631359793828,-7.25787736960492E-5));
#8185=CARTESIAN_POINT('Ctrl Pts',(7.27308420591446,-22.631359793828,0.493216262611238));
#8186=CARTESIAN_POINT('Ctrl Pts',(7.27308420591446,-22.631359793828,0.986505103996174));
#8187=CARTESIAN_POINT('Ctrl Pts',(7.27308420591446,-22.631359793828,1.47979394538111));
#8188=CARTESIAN_POINT('Ctrl Pts',(7.30057532076166,-22.6284000515475,-7.25787736960434E-5));
#8189=CARTESIAN_POINT('Ctrl Pts',(7.30057532076166,-22.6284000515475,0.493216262611239));
#8190=CARTESIAN_POINT('Ctrl Pts',(7.30057532076166,-22.6284000515475,0.986505103996173));
#8191=CARTESIAN_POINT('Ctrl Pts',(7.30057532076166,-22.6284000515475,1.47979394538111));
#8192=CARTESIAN_POINT('Ctrl Pts',(7.33003008666939,-22.6284000515475,-7.25787736960361E-5));
#8193=CARTESIAN_POINT('Ctrl Pts',(7.33003008666939,-22.6284000515475,0.493216262611239));
#8194=CARTESIAN_POINT('Ctrl Pts',(7.33003008666939,-22.6284000515475,0.986505103996174));
#8195=CARTESIAN_POINT('Ctrl Pts',(7.33003008666939,-22.6284000515475,1.47979394538111));
#8196=CARTESIAN_POINT('',(7.18275625713077,-22.675755928036,1.47979394538111));
#8197=CARTESIAN_POINT('',(7.18275625713077,-22.675755928036,-0.00849999999999032));
#8198=CARTESIAN_POINT('',(7.33003008666939,-22.6284000515475,1.47979394538111));
#8199=CARTESIAN_POINT('Ctrl Pts',(7.18275625713077,-22.675755928036,1.47979394538111));
#8200=CARTESIAN_POINT('Ctrl Pts',(7.20042911667541,-22.6560243128325,1.47979394538111));
#8201=CARTESIAN_POINT('Ctrl Pts',(7.22202927834107,-22.6431987629502,1.47979394538111));
#8202=CARTESIAN_POINT('Ctrl Pts',(7.24755674212776,-22.6372792783891,1.47979394538111));
#8203=CARTESIAN_POINT('Ctrl Pts',(7.27308420591446,-22.631359793828,1.47979394538111));
#8204=CARTESIAN_POINT('Ctrl Pts',(7.30057532076166,-22.6284000515475,1.47979394538111));
#8205=CARTESIAN_POINT('Ctrl Pts',(7.33003008666939,-22.6284000515475,1.47979394538111));
#8206=CARTESIAN_POINT('',(7.33003008666939,-22.6284000515475,-0.0084999999999903));
#8207=CARTESIAN_POINT('Origin',(7.33003008666939,-22.6284000515475,-0.0084999999999903));
#8208=CARTESIAN_POINT('',(7.50675868211572,-22.6284000515475,1.47979394538111));
#8209=CARTESIAN_POINT('',(7.50675868211572,-22.6284000515475,1.47979394538111));
#8210=CARTESIAN_POINT('',(7.50675868211573,-22.6284000515475,-0.00849999999999025));
#8211=CARTESIAN_POINT('Origin',(7.50675868211573,-22.6284000515475,-0.00849999999999025));
#8212=CARTESIAN_POINT('',(7.50675868211572,-22.4093791227881,1.47979394538111));
#8213=CARTESIAN_POINT('',(7.50675868211572,-22.4093791227881,1.47979394538111));
#8214=CARTESIAN_POINT('',(7.50675868211573,-22.4093791227881,-0.0084999999999903));
#8215=CARTESIAN_POINT('Origin',(7.50675868211573,-22.4093791227881,-0.0084999999999903));
#8216=CARTESIAN_POINT('',(6.09292991854502,-22.4093791227881,1.47979394538111));
#8217=CARTESIAN_POINT('',(6.09292991854502,-22.4093791227881,1.47979394538111));
#8218=CARTESIAN_POINT('',(6.09292991854502,-22.4093791227881,-0.00849999999999065));
#8219=CARTESIAN_POINT('Origin',(6.09292991854502,-22.4093791227881,-0.00849999999999065));
#8220=CARTESIAN_POINT('',(6.09292991854502,-22.6284000515475,1.47979394538111));
#8221=CARTESIAN_POINT('',(6.09292991854502,-22.6284000515475,1.47979394538111));
#8222=CARTESIAN_POINT('',(6.09292991854502,-22.6284000515475,-0.0084999999999906));
#8223=CARTESIAN_POINT('Ctrl Pts',(6.09292991854502,-22.6284000515475,-7.25787736963396E-5));
#8224=CARTESIAN_POINT('Ctrl Pts',(6.09292991854502,-22.6284000515475,0.493216262611238));
#8225=CARTESIAN_POINT('Ctrl Pts',(6.09292991854502,-22.6284000515475,0.986505103996173));
#8226=CARTESIAN_POINT('Ctrl Pts',(6.09292991854502,-22.6284000515475,1.47979394538111));
#8227=CARTESIAN_POINT('Ctrl Pts',(6.14987579929995,-22.6284000515475,-7.25787736963255E-5));
#8228=CARTESIAN_POINT('Ctrl Pts',(6.14987579929995,-22.6284000515475,0.493216262611238));
#8229=CARTESIAN_POINT('Ctrl Pts',(6.14987579929995,-22.6284000515475,0.986505103996174));
#8230=CARTESIAN_POINT('Ctrl Pts',(6.14987579929995,-22.6284000515475,1.47979394538111));
#8231=CARTESIAN_POINT('Ctrl Pts',(6.20682168005489,-22.6284000515475,-7.25787736963106E-5));
#8232=CARTESIAN_POINT('Ctrl Pts',(6.20682168005489,-22.6284000515475,0.493216262611239));
#8233=CARTESIAN_POINT('Ctrl Pts',(6.20682168005489,-22.6284000515475,0.986505103996173));
#8234=CARTESIAN_POINT('Ctrl Pts',(6.20682168005489,-22.6284000515475,1.47979394538111));
#8235=CARTESIAN_POINT('Ctrl Pts',(6.29125867565702,-22.6284000515475,-7.25787736962901E-5));
#8236=CARTESIAN_POINT('Ctrl Pts',(6.29125867565702,-22.6284000515475,0.493216262611238));
#8237=CARTESIAN_POINT('Ctrl Pts',(6.29125867565702,-22.6284000515475,0.986505103996174));
#8238=CARTESIAN_POINT('Ctrl Pts',(6.29125867565702,-22.6284000515475,1.47979394538111));
#8239=CARTESIAN_POINT('Ctrl Pts',(6.31776796497397,-22.631359793828,-7.25787736962821E-5));
#8240=CARTESIAN_POINT('Ctrl Pts',(6.31776796497397,-22.631359793828,0.493216262611239));
#8241=CARTESIAN_POINT('Ctrl Pts',(6.31776796497397,-22.631359793828,0.986505103996173));
#8242=CARTESIAN_POINT('Ctrl Pts',(6.31776796497397,-22.631359793828,1.47979394538111));
#8243=CARTESIAN_POINT('Ctrl Pts',(6.36882289254736,-22.6431987629502,-7.25787736962672E-5));
#8244=CARTESIAN_POINT('Ctrl Pts',(6.36882289254736,-22.6431987629502,0.493216262611238));
#8245=CARTESIAN_POINT('Ctrl Pts',(6.36882289254736,-22.6431987629502,0.986505103996174));
#8246=CARTESIAN_POINT('Ctrl Pts',(6.36882289254736,-22.6431987629502,1.47979394538111));
#8247=CARTESIAN_POINT('Ctrl Pts',(6.39140487974329,-22.6550377320723,-7.25787736962589E-5));
#8248=CARTESIAN_POINT('Ctrl Pts',(6.39140487974329,-22.6550377320723,0.493216262611239));
#8249=CARTESIAN_POINT('Ctrl Pts',(6.39140487974328,-22.6550377320723,0.986505103996173));
#8250=CARTESIAN_POINT('Ctrl Pts',(6.39140487974328,-22.6550377320723,1.47979394538111));
#8251=CARTESIAN_POINT('Ctrl Pts',(6.43067790095358,-22.6905546394387,-7.25787736962421E-5));
#8252=CARTESIAN_POINT('Ctrl Pts',(6.43067790095358,-22.6905546394387,0.493216262611238));
#8253=CARTESIAN_POINT('Ctrl Pts',(6.43067790095358,-22.6905546394387,0.986505103996174));
#8254=CARTESIAN_POINT('Ctrl Pts',(6.43067790095358,-22.6905546394387,1.47979394538111));
#8255=CARTESIAN_POINT('Ctrl Pts',(6.44573916769296,-22.7164426876814,-7.25787736962323E-5));
#8256=CARTESIAN_POINT('Ctrl Pts',(6.44573916769296,-22.7164426876814,0.493216262611239));
#8257=CARTESIAN_POINT('Ctrl Pts',(6.44573916769295,-22.7164426876814,0.986505103996174));
#8258=CARTESIAN_POINT('Ctrl Pts',(6.44573916769295,-22.7164426876814,1.47979394538111));
#8259=CARTESIAN_POINT('Ctrl Pts',(6.46995092216388,-22.781320069375,-7.25787736962118E-5));
#8260=CARTESIAN_POINT('Ctrl Pts',(6.46995092216388,-22.781320069375,0.493216262611238));
#8261=CARTESIAN_POINT('Ctrl Pts',(6.46995092216388,-22.781320069375,0.986505103996173));
#8262=CARTESIAN_POINT('Ctrl Pts',(6.46995092216388,-22.781320069375,1.47979394538111));
#8263=CARTESIAN_POINT('Ctrl Pts',(6.47584187534542,-22.8247296228228,-7.25787736962013E-5));
#8264=CARTESIAN_POINT('Ctrl Pts',(6.47584187534542,-22.8247296228228,0.493216262611239));
#8265=CARTESIAN_POINT('Ctrl Pts',(6.47584187534542,-22.8247296228228,0.986505103996173));
#8266=CARTESIAN_POINT('Ctrl Pts',(6.47584187534542,-22.8247296228228,1.47979394538111));
#8267=CARTESIAN_POINT('Ctrl Pts',(6.47584187534542,-22.8799781453927,-7.25787736961889E-5));
#8268=CARTESIAN_POINT('Ctrl Pts',(6.47584187534542,-22.8799781453927,0.493216262611239));
#8269=CARTESIAN_POINT('Ctrl Pts',(6.47584187534542,-22.8799781453927,0.986505103996173));
#8270=CARTESIAN_POINT('Ctrl Pts',(6.47584187534542,-22.8799781453927,1.47979394538111));
#8271=CARTESIAN_POINT('',(6.47584187534541,-22.8799781453927,1.47979394538111));
#8272=CARTESIAN_POINT('Ctrl Pts',(6.09292991854502,-22.6284000515475,1.47979394538111));
#8273=CARTESIAN_POINT('Ctrl Pts',(6.14987579929995,-22.6284000515475,1.47979394538111));
#8274=CARTESIAN_POINT('Ctrl Pts',(6.20682168005489,-22.6284000515475,1.47979394538111));
#8275=CARTESIAN_POINT('Ctrl Pts',(6.26376756080982,-22.6284000515475,1.47979394538111));
#8276=CARTESIAN_POINT('Ctrl Pts',(6.29125867565702,-22.6284000515475,1.47979394538111));
#8277=CARTESIAN_POINT('Ctrl Pts',(6.31776796497397,-22.631359793828,1.47979394538111));
#8278=CARTESIAN_POINT('Ctrl Pts',(6.34329542876067,-22.6372792783891,1.47979394538111));
#8279=CARTESIAN_POINT('Ctrl Pts',(6.36882289254736,-22.6431987629502,1.47979394538111));
#8280=CARTESIAN_POINT('Ctrl Pts',(6.39140487974328,-22.6550377320723,1.47979394538111));
#8281=CARTESIAN_POINT('Ctrl Pts',(6.41104139034843,-22.6727961857555,1.47979394538111));
#8282=CARTESIAN_POINT('Ctrl Pts',(6.43067790095358,-22.6905546394387,1.47979394538111));
#8283=CARTESIAN_POINT('Ctrl Pts',(6.44573916769295,-22.7164426876813,1.47979394538111));
#8284=CARTESIAN_POINT('Ctrl Pts',(6.45816901580079,-22.7497494850493,1.47979394538111));
#8285=CARTESIAN_POINT('Ctrl Pts',(6.46995092216388,-22.781320069375,1.47979394538111));
#8286=CARTESIAN_POINT('Ctrl Pts',(6.47584187534542,-22.8247296228228,1.47979394538111));
#8287=CARTESIAN_POINT('Ctrl Pts',(6.47584187534542,-22.8799781453927,1.47979394538111));
#8288=CARTESIAN_POINT('',(6.47584187534541,-22.8799781453927,-0.00849999999999045));
#8289=CARTESIAN_POINT('Origin',(6.47584187534541,-22.8799781453927,-0.00849999999999045));
#8290=CARTESIAN_POINT('',(6.47584187534542,-24.857085988788,1.47979394538111));
#8291=CARTESIAN_POINT('',(6.47584187534541,-24.857085988788,1.47979394538111));
#8292=CARTESIAN_POINT('',(6.47584187534542,-24.857085988788,-0.00849999999999001));
#8293=CARTESIAN_POINT('Ctrl Pts',(6.47584187534542,-24.857085988788,-7.25787736956631E-5));
#8294=CARTESIAN_POINT('Ctrl Pts',(6.47584187534542,-24.857085988788,0.493216262611239));
#8295=CARTESIAN_POINT('Ctrl Pts',(6.47584187534542,-24.857085988788,0.986505103996174));
#8296=CARTESIAN_POINT('Ctrl Pts',(6.47584187534542,-24.857085988788,1.47979394538111));
#8297=CARTESIAN_POINT('Ctrl Pts',(6.47584187534542,-24.9162808343986,-7.25787736956499E-5));
#8298=CARTESIAN_POINT('Ctrl Pts',(6.47584187534542,-24.9162808343986,0.493216262611238));
#8299=CARTESIAN_POINT('Ctrl Pts',(6.47584187534542,-24.9162808343986,0.986505103996175));
#8300=CARTESIAN_POINT('Ctrl Pts',(6.47584187534542,-24.9162808343986,1.47979394538111));
#8301=CARTESIAN_POINT('Ctrl Pts',(6.4686818725621,-24.9632367894026,-7.25787736956416E-5));
#8302=CARTESIAN_POINT('Ctrl Pts',(6.4686818725621,-24.9632367894026,0.49321626261124));
#8303=CARTESIAN_POINT('Ctrl Pts',(6.4686818725621,-24.9632367894026,0.986505103996172));
#8304=CARTESIAN_POINT('Ctrl Pts',(6.4686818725621,-24.9632367894026,1.47979394538111));
#8305=CARTESIAN_POINT('Ctrl Pts',(6.44835076049821,-25.0326973640996,-7.2578773695631E-5));
#8306=CARTESIAN_POINT('Ctrl Pts',(6.44835076049821,-25.0326973640996,0.493216262611238));
#8307=CARTESIAN_POINT('Ctrl Pts',(6.44835076049821,-25.0326973640996,0.986505103996174));
#8308=CARTESIAN_POINT('Ctrl Pts',(6.44835076049821,-25.0326973640996,1.47979394538111));
#8309=CARTESIAN_POINT('Ctrl Pts',(6.43462830861939,-25.0603993877548,-7.2578773695628E-5));
#8310=CARTESIAN_POINT('Ctrl Pts',(6.43462830861939,-25.0603993877548,0.49321626261124));
#8311=CARTESIAN_POINT('Ctrl Pts',(6.43462830861939,-25.0603993877548,0.986505103996173));
#8312=CARTESIAN_POINT('Ctrl Pts',(6.43462830861939,-25.0603993877548,1.47979394538111));
#8313=CARTESIAN_POINT('Ctrl Pts',(6.39435035633405,-25.0968251135111,-7.25787736956301E-5));
#8314=CARTESIAN_POINT('Ctrl Pts',(6.39435035633405,-25.0968251135111,0.493216262611238));
#8315=CARTESIAN_POINT('Ctrl Pts',(6.39435035633405,-25.0968251135111,0.986505103996174));
#8316=CARTESIAN_POINT('Ctrl Pts',(6.39435035633405,-25.0968251135111,1.47979394538111));
#8317=CARTESIAN_POINT('Ctrl Pts',(6.37176836913813,-25.1086640826332,-7.25787736956332E-5));
#8318=CARTESIAN_POINT('Ctrl Pts',(6.37176836913813,-25.1086640826332,0.49321626261124));
#8319=CARTESIAN_POINT('Ctrl Pts',(6.37176836913813,-25.1086640826332,0.986505103996173));
#8320=CARTESIAN_POINT('Ctrl Pts',(6.37176836913813,-25.1086640826332,1.47979394538111));
#8321=CARTESIAN_POINT('Ctrl Pts',(6.32071344156475,-25.1205030517553,-7.25787736956432E-5));
#8322=CARTESIAN_POINT('Ctrl Pts',(6.32071344156475,-25.1205030517553,0.493216262611239));
#8323=CARTESIAN_POINT('Ctrl Pts',(6.32071344156475,-25.1205030517553,0.986505103996173));
#8324=CARTESIAN_POINT('Ctrl Pts',(6.32071344156475,-25.1205030517553,1.47979394538111));
#8325=CARTESIAN_POINT('Ctrl Pts',(6.29322232671754,-25.1234627940359,-7.25787736956493E-5));
#8326=CARTESIAN_POINT('Ctrl Pts',(6.29322232671754,-25.1234627940359,0.493216262611239));
#8327=CARTESIAN_POINT('Ctrl Pts',(6.29322232671754,-25.1234627940359,0.986505103996173));
#8328=CARTESIAN_POINT('Ctrl Pts',(6.29322232671754,-25.1234627940359,1.47979394538111));
#8329=CARTESIAN_POINT('Ctrl Pts',(6.20682168005488,-25.1234627940359,-7.25787736956703E-5));
#8330=CARTESIAN_POINT('Ctrl Pts',(6.20682168005488,-25.1234627940359,0.493216262611238));
#8331=CARTESIAN_POINT('Ctrl Pts',(6.20682168005488,-25.1234627940359,0.986505103996174));
#8332=CARTESIAN_POINT('Ctrl Pts',(6.20682168005488,-25.1234627940359,1.47979394538111));
#8333=CARTESIAN_POINT('Ctrl Pts',(6.14987579929995,-25.1234627940359,-7.25787736956848E-5));
#8334=CARTESIAN_POINT('Ctrl Pts',(6.14987579929995,-25.1234627940359,0.493216262611239));
#8335=CARTESIAN_POINT('Ctrl Pts',(6.14987579929995,-25.1234627940359,0.986505103996173));
#8336=CARTESIAN_POINT('Ctrl Pts',(6.14987579929995,-25.1234627940359,1.47979394538111));
#8337=CARTESIAN_POINT('Ctrl Pts',(6.09292991854502,-25.1234627940359,-7.25787736956989E-5));
#8338=CARTESIAN_POINT('Ctrl Pts',(6.09292991854502,-25.1234627940359,0.493216262611239));
#8339=CARTESIAN_POINT('Ctrl Pts',(6.09292991854502,-25.1234627940359,0.986505103996174));
#8340=CARTESIAN_POINT('Ctrl Pts',(6.09292991854502,-25.1234627940359,1.47979394538111));
#8341=CARTESIAN_POINT('',(6.09292991854502,-25.1234627940359,1.47979394538111));
#8342=CARTESIAN_POINT('Ctrl Pts',(6.47584187534542,-24.857085988788,1.47979394538111));
#8343=CARTESIAN_POINT('Ctrl Pts',(6.47584187534542,-24.9162808343986,1.47979394538111));
#8344=CARTESIAN_POINT('Ctrl Pts',(6.4686818725621,-24.9632367894026,1.47979394538111));
#8345=CARTESIAN_POINT('Ctrl Pts',(6.45816901580079,-24.9991536182535,1.47979394538111));
#8346=CARTESIAN_POINT('Ctrl Pts',(6.44835076049821,-25.0326973640996,1.47979394538111));
#8347=CARTESIAN_POINT('Ctrl Pts',(6.43462830861939,-25.0603993877548,1.47979394538111));
#8348=CARTESIAN_POINT('Ctrl Pts',(6.4139868669392,-25.0790666598279,1.47979394538111));
#8349=CARTESIAN_POINT('Ctrl Pts',(6.39435035633405,-25.0968251135111,1.47979394538111));
#8350=CARTESIAN_POINT('Ctrl Pts',(6.37176836913813,-25.1086640826332,1.47979394538111));
#8351=CARTESIAN_POINT('Ctrl Pts',(6.34624090535144,-25.1145835671943,1.47979394538111));
#8352=CARTESIAN_POINT('Ctrl Pts',(6.32071344156475,-25.1205030517553,1.47979394538111));
#8353=CARTESIAN_POINT('Ctrl Pts',(6.29322232671754,-25.1234627940359,1.47979394538111));
#8354=CARTESIAN_POINT('Ctrl Pts',(6.26376756080982,-25.1234627940359,1.47979394538111));
#8355=CARTESIAN_POINT('Ctrl Pts',(6.20682168005489,-25.1234627940359,1.47979394538111));
#8356=CARTESIAN_POINT('Ctrl Pts',(6.14987579929995,-25.1234627940359,1.47979394538111));
#8357=CARTESIAN_POINT('Ctrl Pts',(6.09292991854502,-25.1234627940359,1.47979394538111));
#8358=CARTESIAN_POINT('',(6.09292991854502,-25.1234627940359,-0.00849999999999005));
#8359=CARTESIAN_POINT('Origin',(6.09292991854502,-25.1234627940359,-0.00849999999999005));
#8360=CARTESIAN_POINT('',(6.09292991854502,-25.3424837227952,1.47979394538111));
#8361=CARTESIAN_POINT('',(6.09292991854502,-25.3424837227952,1.47979394538111));
#8362=CARTESIAN_POINT('',(6.09292991854502,-25.3424837227952,-0.00849999999999));
#8363=CARTESIAN_POINT('Origin',(6.09292991854502,-25.3424837227952,-0.00849999999999));
#8364=CARTESIAN_POINT('',(7.50675868211572,-25.3424837227952,1.47979394538111));
#8365=CARTESIAN_POINT('',(7.50675868211572,-25.3424837227952,1.47979394538111));
#8366=CARTESIAN_POINT('',(7.50675868211573,-25.3424837227952,-0.00849999999998965));
#8367=CARTESIAN_POINT('Origin',(7.50675868211573,-25.3424837227952,-0.00849999999998965));
#8368=CARTESIAN_POINT('',(7.50675868211572,-25.1234627940359,1.47979394538111));
#8369=CARTESIAN_POINT('',(7.50675868211572,-25.1234627940359,1.47979394538111));
#8370=CARTESIAN_POINT('',(7.50675868211573,-25.1234627940359,-0.0084999999999897));
#8371=CARTESIAN_POINT('Ctrl Pts',(7.50675868211572,-25.1234627940359,-7.25787736953487E-5));
#8372=CARTESIAN_POINT('Ctrl Pts',(7.50675868211572,-25.1234627940359,0.493216262611239));
#8373=CARTESIAN_POINT('Ctrl Pts',(7.50675868211572,-25.1234627940359,0.986505103996174));
#8374=CARTESIAN_POINT('Ctrl Pts',(7.50675868211572,-25.1234627940359,1.47979394538111));
#8375=CARTESIAN_POINT('Ctrl Pts',(7.44784915030028,-25.1234627940359,-7.25787736953633E-5));
#8376=CARTESIAN_POINT('Ctrl Pts',(7.44784915030028,-25.1234627940359,0.493216262611239));
#8377=CARTESIAN_POINT('Ctrl Pts',(7.44784915030028,-25.1234627940359,0.986505103996175));
#8378=CARTESIAN_POINT('Ctrl Pts',(7.44784915030028,-25.1234627940359,1.47979394538111));
#8379=CARTESIAN_POINT('Ctrl Pts',(7.38893961848483,-25.1234627940359,-7.25787736953775E-5));
#8380=CARTESIAN_POINT('Ctrl Pts',(7.38893961848483,-25.1234627940359,0.49321626261124));
#8381=CARTESIAN_POINT('Ctrl Pts',(7.38893961848483,-25.1234627940359,0.986505103996173));
#8382=CARTESIAN_POINT('Ctrl Pts',(7.38893961848483,-25.1234627940359,1.47979394538111));
#8383=CARTESIAN_POINT('Ctrl Pts',(7.30057532076166,-25.1234627940359,-7.25787736953997E-5));
#8384=CARTESIAN_POINT('Ctrl Pts',(7.30057532076166,-25.1234627940359,0.493216262611239));
#8385=CARTESIAN_POINT('Ctrl Pts',(7.30057532076166,-25.1234627940359,0.986505103996175));
#8386=CARTESIAN_POINT('Ctrl Pts',(7.30057532076166,-25.1234627940359,1.47979394538111));
#8387=CARTESIAN_POINT('Ctrl Pts',(7.27308420591446,-25.1205030517553,-7.25787736954076E-5));
#8388=CARTESIAN_POINT('Ctrl Pts',(7.27308420591446,-25.1205030517553,0.49321626261124));
#8389=CARTESIAN_POINT('Ctrl Pts',(7.27308420591446,-25.1205030517553,0.986505103996173));
#8390=CARTESIAN_POINT('Ctrl Pts',(7.27308420591446,-25.1205030517553,1.47979394538111));
#8391=CARTESIAN_POINT('Ctrl Pts',(7.22202927834107,-25.1086640826332,-7.25787736954225E-5));
#8392=CARTESIAN_POINT('Ctrl Pts',(7.22202927834107,-25.1086640826332,0.493216262611239));
#8393=CARTESIAN_POINT('Ctrl Pts',(7.22202927834107,-25.1086640826332,0.986505103996174));
#8394=CARTESIAN_POINT('Ctrl Pts',(7.22202927834107,-25.1086640826332,1.47979394538111));
#8395=CARTESIAN_POINT('Ctrl Pts',(7.20042911667541,-25.0968251135111,-7.25787736954307E-5));
#8396=CARTESIAN_POINT('Ctrl Pts',(7.20042911667541,-25.0968251135111,0.493216262611239));
#8397=CARTESIAN_POINT('Ctrl Pts',(7.20042911667541,-25.0968251135111,0.986505103996175));
#8398=CARTESIAN_POINT('Ctrl Pts',(7.20042911667541,-25.0968251135111,1.47979394538111));
#8399=CARTESIAN_POINT('Ctrl Pts',(7.16311974652562,-25.0593350446244,-7.25787736954477E-5));
#8400=CARTESIAN_POINT('Ctrl Pts',(7.16311974652562,-25.0593350446244,0.49321626261124));
#8401=CARTESIAN_POINT('Ctrl Pts',(7.16311974652562,-25.0593350446244,0.986505103996173));
#8402=CARTESIAN_POINT('Ctrl Pts',(7.16311974652562,-25.0593350446244,1.47979394538111));
#8403=CARTESIAN_POINT('Ctrl Pts',(7.1474105380415,-25.0326973640996,-7.25787736954581E-5));
#8404=CARTESIAN_POINT('Ctrl Pts',(7.1474105380415,-25.0326973640996,0.493216262611239));
#8405=CARTESIAN_POINT('Ctrl Pts',(7.1474105380415,-25.0326973640996,0.986505103996174));
#8406=CARTESIAN_POINT('Ctrl Pts',(7.1474105380415,-25.0326973640996,1.47979394538111));
#8407=CARTESIAN_POINT('Ctrl Pts',(7.12341944877569,-24.9643933922209,-7.25787736954796E-5));
#8408=CARTESIAN_POINT('Ctrl Pts',(7.12341944877569,-24.9643933922209,0.49321626261124));
#8409=CARTESIAN_POINT('Ctrl Pts',(7.12341944877569,-24.9643933922209,0.986505103996173));
#8410=CARTESIAN_POINT('Ctrl Pts',(7.12341944877569,-24.9643933922209,1.47979394538111));
#8411=CARTESIAN_POINT('Ctrl Pts',(7.12090124872455,-24.9162808343986,-7.25787736954905E-5));
#8412=CARTESIAN_POINT('Ctrl Pts',(7.12090124872455,-24.9162808343986,0.493216262611239));
#8413=CARTESIAN_POINT('Ctrl Pts',(7.12090124872455,-24.9162808343986,0.986505103996174));
#8414=CARTESIAN_POINT('Ctrl Pts',(7.12090124872455,-24.9162808343986,1.47979394538111));
#8415=CARTESIAN_POINT('Ctrl Pts',(7.12090124872455,-24.857085988788,-7.25787736955037E-5));
#8416=CARTESIAN_POINT('Ctrl Pts',(7.12090124872455,-24.857085988788,0.493216262611239));
#8417=CARTESIAN_POINT('Ctrl Pts',(7.12090124872455,-24.857085988788,0.986505103996174));
#8418=CARTESIAN_POINT('Ctrl Pts',(7.12090124872455,-24.857085988788,1.47979394538111));
#8419=CARTESIAN_POINT('',(7.12090124872455,-24.857085988788,1.47979394538111));
#8420=CARTESIAN_POINT('Ctrl Pts',(7.50675868211572,-25.1234627940359,1.47979394538111));
#8421=CARTESIAN_POINT('Ctrl Pts',(7.44784915030028,-25.1234627940359,1.47979394538111));
#8422=CARTESIAN_POINT('Ctrl Pts',(7.38893961848483,-25.1234627940359,1.47979394538111));
#8423=CARTESIAN_POINT('Ctrl Pts',(7.33003008666939,-25.1234627940359,1.47979394538111));
#8424=CARTESIAN_POINT('Ctrl Pts',(7.30057532076166,-25.1234627940359,1.47979394538111));
#8425=CARTESIAN_POINT('Ctrl Pts',(7.27308420591446,-25.1205030517553,1.47979394538111));
#8426=CARTESIAN_POINT('Ctrl Pts',(7.24755674212776,-25.1145835671943,1.47979394538111));
#8427=CARTESIAN_POINT('Ctrl Pts',(7.22202927834107,-25.1086640826332,1.47979394538111));
#8428=CARTESIAN_POINT('Ctrl Pts',(7.20042911667541,-25.0968251135111,1.47979394538111));
#8429=CARTESIAN_POINT('Ctrl Pts',(7.18275625713077,-25.0790666598279,1.47979394538111));
#8430=CARTESIAN_POINT('Ctrl Pts',(7.16311974652562,-25.0593350446244,1.47979394538111));
#8431=CARTESIAN_POINT('Ctrl Pts',(7.14741053804151,-25.0326973640996,1.47979394538111));
#8432=CARTESIAN_POINT('Ctrl Pts',(7.13562863167842,-24.9991536182535,1.47979394538111));
#8433=CARTESIAN_POINT('Ctrl Pts',(7.12341944877569,-24.9643933922209,1.47979394538111));
#8434=CARTESIAN_POINT('Ctrl Pts',(7.12090124872455,-24.9162808343986,1.47979394538111));
#8435=CARTESIAN_POINT('Ctrl Pts',(7.12090124872455,-24.857085988788,1.47979394538111));
#8436=CARTESIAN_POINT('',(7.12090124872455,-24.857085988788,-0.00849999999998985));
#8437=CARTESIAN_POINT('Origin',(7.12090124872455,-24.857085988788,-0.00849999999998985));
#8438=CARTESIAN_POINT('',(7.12090124872455,-23.9395658818231,1.47979394538111));
#8439=CARTESIAN_POINT('',(7.12090124872455,-23.9395658818231,1.47979394538111));
#8440=CARTESIAN_POINT('',(7.12090124872455,-23.9395658818231,-0.00849999999999006));
#8441=CARTESIAN_POINT('Origin',(7.12090124872455,-23.9395658818231,-0.00849999999999006));
#8442=CARTESIAN_POINT('',(8.18716377458413,-23.9395658818231,1.47979394538111));
#8443=CARTESIAN_POINT('',(8.18716377458413,-23.9395658818231,1.47979394538111));
#8444=CARTESIAN_POINT('',(8.18716377458413,-23.9395658818231,-0.00849999999998979));
#8445=CARTESIAN_POINT('Origin',(8.18716377458413,-23.9395658818231,-0.00849999999998979));
#8446=CARTESIAN_POINT('',(8.18716377458412,-24.857085988788,1.47979394538111));
#8447=CARTESIAN_POINT('',(8.18716377458413,-24.857085988788,1.47979394538111));
#8448=CARTESIAN_POINT('',(8.18716377458412,-24.857085988788,-0.00849999999998959));
#8449=CARTESIAN_POINT('Ctrl Pts',(8.18716377458412,-24.857085988788,-7.25787736952392E-5));
#8450=CARTESIAN_POINT('Ctrl Pts',(8.18716377458412,-24.857085988788,0.49321626261124));
#8451=CARTESIAN_POINT('Ctrl Pts',(8.18716377458412,-24.857085988788,0.986505103996174));
#8452=CARTESIAN_POINT('Ctrl Pts',(8.18716377458412,-24.857085988788,1.47979394538111));
#8453=CARTESIAN_POINT('Ctrl Pts',(8.18716377458412,-24.9162808343986,-7.2578773695226E-5));
#8454=CARTESIAN_POINT('Ctrl Pts',(8.18716377458412,-24.9162808343986,0.493216262611239));
#8455=CARTESIAN_POINT('Ctrl Pts',(8.18716377458412,-24.9162808343986,0.986505103996175));
#8456=CARTESIAN_POINT('Ctrl Pts',(8.18716377458412,-24.9162808343986,1.47979394538111));
#8457=CARTESIAN_POINT('Ctrl Pts',(8.18000377180081,-24.9632367894026,-7.25787736952181E-5));
#8458=CARTESIAN_POINT('Ctrl Pts',(8.18000377180081,-24.9632367894026,0.49321626261124));
#8459=CARTESIAN_POINT('Ctrl Pts',(8.18000377180081,-24.9632367894026,0.986505103996173));
#8460=CARTESIAN_POINT('Ctrl Pts',(8.18000377180081,-24.9632367894026,1.47979394538111));
#8461=CARTESIAN_POINT('Ctrl Pts',(8.15967265973692,-25.0326973640996,-7.25787736952074E-5));
#8462=CARTESIAN_POINT('Ctrl Pts',(8.15967265973692,-25.0326973640996,0.493216262611239));
#8463=CARTESIAN_POINT('Ctrl Pts',(8.15967265973692,-25.0326973640996,0.986505103996175));
#8464=CARTESIAN_POINT('Ctrl Pts',(8.15967265973692,-25.0326973640996,1.47979394538111));
#8465=CARTESIAN_POINT('Ctrl Pts',(8.1459502078581,-25.0603993877548,-7.25787736952045E-5));
#8466=CARTESIAN_POINT('Ctrl Pts',(8.1459502078581,-25.0603993877548,0.493216262611239));
#8467=CARTESIAN_POINT('Ctrl Pts',(8.1459502078581,-25.0603993877548,0.986505103996175));
#8468=CARTESIAN_POINT('Ctrl Pts',(8.1459502078581,-25.0603993877548,1.47979394538111));
#8469=CARTESIAN_POINT('Ctrl Pts',(8.10567225557276,-25.0968251135111,-7.25787736952065E-5));
#8470=CARTESIAN_POINT('Ctrl Pts',(8.10567225557276,-25.0968251135111,0.49321626261124));
#8471=CARTESIAN_POINT('Ctrl Pts',(8.10567225557276,-25.0968251135111,0.986505103996174));
#8472=CARTESIAN_POINT('Ctrl Pts',(8.10567225557276,-25.0968251135111,1.47979394538111));
#8473=CARTESIAN_POINT('Ctrl Pts',(8.08309026837684,-25.1086640826332,-7.25787736952095E-5));
#8474=CARTESIAN_POINT('Ctrl Pts',(8.08309026837684,-25.1086640826332,0.493216262611239));
#8475=CARTESIAN_POINT('Ctrl Pts',(8.08309026837684,-25.1086640826332,0.986505103996175));
#8476=CARTESIAN_POINT('Ctrl Pts',(8.08309026837684,-25.1086640826332,1.47979394538111));
#8477=CARTESIAN_POINT('Ctrl Pts',(8.03203534080345,-25.1205030517553,-7.25787736952196E-5));
#8478=CARTESIAN_POINT('Ctrl Pts',(8.03203534080345,-25.1205030517553,0.49321626261124));
#8479=CARTESIAN_POINT('Ctrl Pts',(8.03203534080345,-25.1205030517553,0.986505103996174));
#8480=CARTESIAN_POINT('Ctrl Pts',(8.03203534080345,-25.1205030517553,1.47979394538111));
#8481=CARTESIAN_POINT('Ctrl Pts',(8.00454422595625,-25.1234627940359,-7.25787736952256E-5));
#8482=CARTESIAN_POINT('Ctrl Pts',(8.00454422595625,-25.1234627940359,0.49321626261124));
#8483=CARTESIAN_POINT('Ctrl Pts',(8.00454422595625,-25.1234627940359,0.986505103996175));
#8484=CARTESIAN_POINT('Ctrl Pts',(8.00454422595625,-25.1234627940359,1.47979394538111));
#8485=CARTESIAN_POINT('Ctrl Pts',(7.91716175376333,-25.1234627940359,-7.25787736952471E-5));
#8486=CARTESIAN_POINT('Ctrl Pts',(7.91716175376333,-25.1234627940359,0.493216262611239));
#8487=CARTESIAN_POINT('Ctrl Pts',(7.91716175376333,-25.1234627940359,0.986505103996174));
#8488=CARTESIAN_POINT('Ctrl Pts',(7.91716175376333,-25.1234627940359,1.47979394538111));
#8489=CARTESIAN_POINT('Ctrl Pts',(7.85923404747814,-25.1234627940359,-7.25787736952617E-5));
#8490=CARTESIAN_POINT('Ctrl Pts',(7.85923404747814,-25.1234627940359,0.493216262611239));
#8491=CARTESIAN_POINT('Ctrl Pts',(7.85923404747814,-25.1234627940359,0.986505103996174));
#8492=CARTESIAN_POINT('Ctrl Pts',(7.85923404747814,-25.1234627940359,1.47979394538111));
#8493=CARTESIAN_POINT('Ctrl Pts',(7.80130634119295,-25.1234627940359,-7.2578773695276E-5));
#8494=CARTESIAN_POINT('Ctrl Pts',(7.80130634119295,-25.1234627940359,0.493216262611239));
#8495=CARTESIAN_POINT('Ctrl Pts',(7.80130634119295,-25.1234627940359,0.986505103996174));
#8496=CARTESIAN_POINT('Ctrl Pts',(7.80130634119295,-25.1234627940359,1.47979394538111));
#8497=CARTESIAN_POINT('',(7.80130634119295,-25.1234627940359,1.47979394538111));
#8498=CARTESIAN_POINT('Ctrl Pts',(8.18716377458412,-24.857085988788,1.47979394538111));
#8499=CARTESIAN_POINT('Ctrl Pts',(8.18716377458412,-24.9162808343986,1.47979394538111));
#8500=CARTESIAN_POINT('Ctrl Pts',(8.18000377180081,-24.9632367894026,1.47979394538111));
#8501=CARTESIAN_POINT('Ctrl Pts',(8.16949091503949,-24.9991536182535,1.47979394538111));
#8502=CARTESIAN_POINT('Ctrl Pts',(8.15967265973692,-25.0326973640996,1.47979394538111));
#8503=CARTESIAN_POINT('Ctrl Pts',(8.14595020785809,-25.0603993877548,1.47979394538111));
#8504=CARTESIAN_POINT('Ctrl Pts',(8.12530876617791,-25.0790666598279,1.47979394538111));
#8505=CARTESIAN_POINT('Ctrl Pts',(8.10567225557276,-25.0968251135111,1.47979394538111));
#8506=CARTESIAN_POINT('Ctrl Pts',(8.08309026837684,-25.1086640826332,1.47979394538111));
#8507=CARTESIAN_POINT('Ctrl Pts',(8.05756280459014,-25.1145835671943,1.47979394538111));
#8508=CARTESIAN_POINT('Ctrl Pts',(8.03203534080345,-25.1205030517553,1.47979394538111));
#8509=CARTESIAN_POINT('Ctrl Pts',(8.00454422595624,-25.1234627940359,1.47979394538111));
#8510=CARTESIAN_POINT('Ctrl Pts',(7.97508946004852,-25.1234627940359,1.47979394538111));
#8511=CARTESIAN_POINT('Ctrl Pts',(7.91716175376333,-25.1234627940359,1.47979394538111));
#8512=CARTESIAN_POINT('Ctrl Pts',(7.85923404747814,-25.1234627940359,1.47979394538111));
#8513=CARTESIAN_POINT('Ctrl Pts',(7.80130634119295,-25.1234627940359,1.47979394538111));
#8514=CARTESIAN_POINT('',(7.80130634119296,-25.1234627940359,-0.00849999999998962));
#8515=CARTESIAN_POINT('Origin',(7.80130634119296,-25.1234627940359,-0.00849999999998962));
#8516=CARTESIAN_POINT('',(7.80130634119295,-25.3424837227952,1.47979394538111));
#8517=CARTESIAN_POINT('',(7.80130634119295,-25.3424837227952,1.47979394538111));
#8518=CARTESIAN_POINT('',(7.80130634119296,-25.3424837227952,-0.00849999999998957));
#8519=CARTESIAN_POINT('Ctrl Pts',(7.12090124872455,-22.8947768567954,-7.25787736960252E-5));
#8520=CARTESIAN_POINT('Ctrl Pts',(7.12090124872455,-22.8947768567954,0.493216262611239));
#8521=CARTESIAN_POINT('Ctrl Pts',(7.12090124872455,-22.8947768567954,0.986505103996174));
#8522=CARTESIAN_POINT('Ctrl Pts',(7.12090124872455,-22.8947768567954,1.47979394538111));
#8523=CARTESIAN_POINT('Ctrl Pts',(7.12090124872455,-22.8375551727051,-7.2578773696038E-5));
#8524=CARTESIAN_POINT('Ctrl Pts',(7.12090124872455,-22.8375551727051,0.493216262611239));
#8525=CARTESIAN_POINT('Ctrl Pts',(7.12090124872455,-22.8375551727051,0.986505103996173));
#8526=CARTESIAN_POINT('Ctrl Pts',(7.12090124872455,-22.8375551727051,1.47979394538111));
#8527=CARTESIAN_POINT('Ctrl Pts',(7.12581037637584,-22.7911858769767,-7.25787736960467E-5));
#8528=CARTESIAN_POINT('Ctrl Pts',(7.12581037637584,-22.7911858769767,0.493216262611239));
#8529=CARTESIAN_POINT('Ctrl Pts',(7.12581037637584,-22.7911858769767,0.986505103996173));
#8530=CARTESIAN_POINT('Ctrl Pts',(7.12581037637584,-22.7911858769767,1.47979394538111));
#8531=CARTESIAN_POINT('Ctrl Pts',(7.1456004155654,-22.7195966824599,-7.25787736960577E-5));
#8532=CARTESIAN_POINT('Ctrl Pts',(7.1456004155654,-22.7195966824599,0.493216262611239));
#8533=CARTESIAN_POINT('Ctrl Pts',(7.1456004155654,-22.7195966824599,0.986505103996174));
#8534=CARTESIAN_POINT('Ctrl Pts',(7.1456004155654,-22.7195966824599,1.47979394538111));
#8535=CARTESIAN_POINT('Ctrl Pts',(7.16311974652562,-22.6935143817192,-7.25787736960586E-5));
#8536=CARTESIAN_POINT('Ctrl Pts',(7.16311974652562,-22.6935143817192,0.493216262611239));
#8537=CARTESIAN_POINT('Ctrl Pts',(7.16311974652562,-22.6935143817192,0.986505103996174));
#8538=CARTESIAN_POINT('Ctrl Pts',(7.16311974652562,-22.6935143817192,1.47979394538111));
#8539=CARTESIAN_POINT('Ctrl Pts',(7.18275625713077,-22.675755928036,-7.25787736960578E-5));
#8540=CARTESIAN_POINT('Ctrl Pts',(7.18275625713077,-22.675755928036,0.493216262611239));
#8541=CARTESIAN_POINT('Ctrl Pts',(7.18275625713077,-22.675755928036,0.986505103996174));
#8542=CARTESIAN_POINT('Ctrl Pts',(7.18275625713077,-22.675755928036,1.47979394538111));
#8543=CARTESIAN_POINT('',(7.12090124872455,-22.8947768567954,1.47979394538111));
#8544=CARTESIAN_POINT('',(7.12090124872455,-22.8947768567954,-0.00849999999999029));
#8545=CARTESIAN_POINT('Ctrl Pts',(7.12090124872455,-22.8947768567954,1.47979394538111));
#8546=CARTESIAN_POINT('Ctrl Pts',(7.12090124872455,-22.8375551727051,1.47979394538111));
#8547=CARTESIAN_POINT('Ctrl Pts',(7.12581037637584,-22.7911858769768,1.47979394538111));
#8548=CARTESIAN_POINT('Ctrl Pts',(7.13562863167842,-22.7556689696104,1.47979394538111));
#8549=CARTESIAN_POINT('Ctrl Pts',(7.1456004155654,-22.7195966824599,1.47979394538111));
#8550=CARTESIAN_POINT('Ctrl Pts',(7.16311974652562,-22.6935143817192,1.47979394538111));
#8551=CARTESIAN_POINT('Ctrl Pts',(7.18275625713077,-22.675755928036,1.47979394538111));
#8552=CARTESIAN_POINT('Origin',(7.12090124872455,-23.6879877879779,-0.00849999999999011));
#8553=CARTESIAN_POINT('',(7.12090124872455,-23.6879877879779,1.47979394538111));
#8554=CARTESIAN_POINT('',(7.12090124872455,-23.6879877879779,-0.00849999999999011));
#8555=CARTESIAN_POINT('',(7.12090124872455,-22.8947768567954,1.47979394538111));
#8556=CARTESIAN_POINT('Origin',(8.18716377458412,-23.6879877879779,-0.00849999999998985));
#8557=CARTESIAN_POINT('',(8.18716377458412,-23.6879877879779,1.47979394538111));
#8558=CARTESIAN_POINT('',(8.18716377458412,-23.6879877879779,-0.00849999999998985));
#8559=CARTESIAN_POINT('',(7.12090124872455,-23.6879877879779,1.47979394538111));
#8560=CARTESIAN_POINT('Origin',(8.18716377458413,-22.8947768567954,-0.00849999999999003));
#8561=CARTESIAN_POINT('',(8.18716377458413,-22.8947768567954,1.47979394538111));
#8562=CARTESIAN_POINT('',(8.18716377458413,-22.8947768567954,-0.00849999999999003));
#8563=CARTESIAN_POINT('',(8.18716377458413,-23.6879877879779,1.47979394538111));
#8564=CARTESIAN_POINT('Ctrl Pts',(7.80130634119295,-22.6284000515475,-7.25787736959233E-5));
#8565=CARTESIAN_POINT('Ctrl Pts',(7.80130634119295,-22.6284000515475,0.493216262611239));
#8566=CARTESIAN_POINT('Ctrl Pts',(7.80130634119295,-22.6284000515475,0.986505103996174));
#8567=CARTESIAN_POINT('Ctrl Pts',(7.80130634119295,-22.6284000515475,1.47979394538111));
#8568=CARTESIAN_POINT('Ctrl Pts',(7.85923404747814,-22.6284000515475,-7.2578773695909E-5));
#8569=CARTESIAN_POINT('Ctrl Pts',(7.85923404747814,-22.6284000515475,0.49321626261124));
#8570=CARTESIAN_POINT('Ctrl Pts',(7.85923404747814,-22.6284000515475,0.986505103996172));
#8571=CARTESIAN_POINT('Ctrl Pts',(7.85923404747814,-22.6284000515475,1.47979394538111));
#8572=CARTESIAN_POINT('Ctrl Pts',(7.91716175376333,-22.6284000515475,-7.25787736958944E-5));
#8573=CARTESIAN_POINT('Ctrl Pts',(7.91716175376333,-22.6284000515475,0.493216262611237));
#8574=CARTESIAN_POINT('Ctrl Pts',(7.91716175376333,-22.6284000515475,0.986505103996175));
#8575=CARTESIAN_POINT('Ctrl Pts',(7.91716175376333,-22.6284000515475,1.47979394538111));
#8576=CARTESIAN_POINT('Ctrl Pts',(8.00454422595624,-22.6284000515475,-7.25787736958724E-5));
#8577=CARTESIAN_POINT('Ctrl Pts',(8.00454422595624,-22.6284000515475,0.49321626261124));
#8578=CARTESIAN_POINT('Ctrl Pts',(8.00454422595624,-22.6284000515475,0.986505103996173));
#8579=CARTESIAN_POINT('Ctrl Pts',(8.00454422595624,-22.6284000515475,1.47979394538111));
#8580=CARTESIAN_POINT('Ctrl Pts',(8.03203534080345,-22.631359793828,-7.25787736958646E-5));
#8581=CARTESIAN_POINT('Ctrl Pts',(8.03203534080345,-22.631359793828,0.493216262611239));
#8582=CARTESIAN_POINT('Ctrl Pts',(8.03203534080345,-22.631359793828,0.986505103996173));
#8583=CARTESIAN_POINT('Ctrl Pts',(8.03203534080345,-22.631359793828,1.47979394538111));
#8584=CARTESIAN_POINT('Ctrl Pts',(8.08309026837684,-22.6431987629502,-7.257877369585E-5));
#8585=CARTESIAN_POINT('Ctrl Pts',(8.08309026837684,-22.6431987629502,0.493216262611239));
#8586=CARTESIAN_POINT('Ctrl Pts',(8.08309026837684,-22.6431987629502,0.986505103996174));
#8587=CARTESIAN_POINT('Ctrl Pts',(8.08309026837684,-22.6431987629502,1.47979394538111));
#8588=CARTESIAN_POINT('Ctrl Pts',(8.10466732449772,-22.6570886559629,-7.25787736958415E-5));
#8589=CARTESIAN_POINT('Ctrl Pts',(8.10466732449772,-22.6570886559629,0.493216262611239));
#8590=CARTESIAN_POINT('Ctrl Pts',(8.10466732449772,-22.6570886559629,0.986505103996173));
#8591=CARTESIAN_POINT('Ctrl Pts',(8.10466732449772,-22.6570886559629,1.47979394538111));
#8592=CARTESIAN_POINT('Ctrl Pts',(8.14494527678306,-22.6935143817192,-7.25787736958233E-5));
#8593=CARTESIAN_POINT('Ctrl Pts',(8.14494527678306,-22.6935143817192,0.493216262611239));
#8594=CARTESIAN_POINT('Ctrl Pts',(8.14494527678306,-22.6935143817192,0.986505103996175));
#8595=CARTESIAN_POINT('Ctrl Pts',(8.14494527678306,-22.6935143817192,1.47979394538111));
#8596=CARTESIAN_POINT('Ctrl Pts',(8.15967265973692,-22.720152062244,-7.25787736958138E-5));
#8597=CARTESIAN_POINT('Ctrl Pts',(8.15967265973692,-22.720152062244,0.493216262611239));
#8598=CARTESIAN_POINT('Ctrl Pts',(8.15967265973692,-22.720152062244,0.986505103996174));
#8599=CARTESIAN_POINT('Ctrl Pts',(8.15967265973692,-22.720152062244,1.47979394538111));
#8600=CARTESIAN_POINT('Ctrl Pts',(8.17946269892647,-22.7917412567609,-7.25787736957931E-5));
#8601=CARTESIAN_POINT('Ctrl Pts',(8.17946269892647,-22.7917412567609,0.493216262611239));
#8602=CARTESIAN_POINT('Ctrl Pts',(8.17946269892647,-22.7917412567609,0.986505103996173));
#8603=CARTESIAN_POINT('Ctrl Pts',(8.17946269892647,-22.7917412567609,1.47979394538111));
#8604=CARTESIAN_POINT('Ctrl Pts',(8.18716377458412,-22.8375551727051,-7.257877369578E-5));
#8605=CARTESIAN_POINT('Ctrl Pts',(8.18716377458412,-22.8375551727051,0.493216262611239));
#8606=CARTESIAN_POINT('Ctrl Pts',(8.18716377458412,-22.8375551727051,0.986505103996174));
#8607=CARTESIAN_POINT('Ctrl Pts',(8.18716377458412,-22.8375551727051,1.47979394538111));
#8608=CARTESIAN_POINT('Ctrl Pts',(8.18716377458412,-22.8947768567954,-7.25787736957672E-5));
#8609=CARTESIAN_POINT('Ctrl Pts',(8.18716377458412,-22.8947768567954,0.493216262611239));
#8610=CARTESIAN_POINT('Ctrl Pts',(8.18716377458412,-22.8947768567954,0.986505103996174));
#8611=CARTESIAN_POINT('Ctrl Pts',(8.18716377458412,-22.8947768567954,1.47979394538111));
#8612=CARTESIAN_POINT('',(7.80130634119295,-22.6284000515475,1.47979394538111));
#8613=CARTESIAN_POINT('',(7.80130634119296,-22.6284000515475,-0.00849999999999018));
#8614=CARTESIAN_POINT('Ctrl Pts',(7.80130634119295,-22.6284000515475,1.47979394538111));
#8615=CARTESIAN_POINT('Ctrl Pts',(7.85923404747814,-22.6284000515475,1.47979394538111));
#8616=CARTESIAN_POINT('Ctrl Pts',(7.91716175376333,-22.6284000515475,1.47979394538111));
#8617=CARTESIAN_POINT('Ctrl Pts',(7.97508946004852,-22.6284000515475,1.47979394538111));
#8618=CARTESIAN_POINT('Ctrl Pts',(8.00454422595624,-22.6284000515475,1.47979394538111));
#8619=CARTESIAN_POINT('Ctrl Pts',(8.03203534080345,-22.631359793828,1.47979394538111));
#8620=CARTESIAN_POINT('Ctrl Pts',(8.05756280459014,-22.6372792783891,1.47979394538111));
#8621=CARTESIAN_POINT('Ctrl Pts',(8.08309026837684,-22.6431987629502,1.47979394538111));
#8622=CARTESIAN_POINT('Ctrl Pts',(8.10466732449772,-22.6570886559629,1.47979394538111));
#8623=CARTESIAN_POINT('Ctrl Pts',(8.12530876617791,-22.675755928036,1.47979394538111));
#8624=CARTESIAN_POINT('Ctrl Pts',(8.14494527678305,-22.6935143817192,1.47979394538111));
#8625=CARTESIAN_POINT('Ctrl Pts',(8.15967265973692,-22.720152062244,1.47979394538111));
#8626=CARTESIAN_POINT('Ctrl Pts',(8.16949091503949,-22.7556689696104,1.47979394538111));
#8627=CARTESIAN_POINT('Ctrl Pts',(8.17946269892647,-22.7917412567609,1.47979394538111));
#8628=CARTESIAN_POINT('Ctrl Pts',(8.18716377458412,-22.8375551727051,1.47979394538111));
#8629=CARTESIAN_POINT('Ctrl Pts',(8.18716377458412,-22.8947768567954,1.47979394538111));
#8630=CARTESIAN_POINT('Origin',(7.80130634119296,-22.4093791227881,-0.00849999999999023));
#8631=CARTESIAN_POINT('',(7.80130634119295,-22.4093791227881,1.47979394538111));
#8632=CARTESIAN_POINT('',(7.80130634119296,-22.4093791227881,-0.00849999999999023));
#8633=CARTESIAN_POINT('',(7.80130634119295,-22.6284000515475,1.47979394538111));
#8634=CARTESIAN_POINT('Origin',(9.21513510476366,-22.4093791227881,-0.00849999999998988));
#8635=CARTESIAN_POINT('',(9.21513510476366,-22.4093791227881,1.47979394538111));
#8636=CARTESIAN_POINT('',(9.21513510476366,-22.4093791227881,-0.00849999999998988));
#8637=CARTESIAN_POINT('',(7.80130634119295,-22.4093791227881,1.47979394538111));
#8638=CARTESIAN_POINT('Origin',(9.21513510476366,-22.6284000515475,-0.00849999999998983));
#8639=CARTESIAN_POINT('',(9.21513510476366,-22.6284000515475,1.47979394538111));
#8640=CARTESIAN_POINT('',(9.21513510476366,-22.6284000515475,-0.00849999999998983));
#8641=CARTESIAN_POINT('',(9.21513510476366,-22.4093791227881,1.47979394538111));
#8642=CARTESIAN_POINT('Ctrl Pts',(8.83516862455403,-22.8947768567954,-7.25787736956089E-5));
#8643=CARTESIAN_POINT('Ctrl Pts',(8.83516862455403,-22.8947768567954,0.493216262611239));
#8644=CARTESIAN_POINT('Ctrl Pts',(8.83516862455403,-22.8947768567954,0.986505103996174));
#8645=CARTESIAN_POINT('Ctrl Pts',(8.83516862455403,-22.8947768567954,1.47979394538111));
#8646=CARTESIAN_POINT('Ctrl Pts',(8.83516862455403,-22.8375551727051,-7.25787736956217E-5));
#8647=CARTESIAN_POINT('Ctrl Pts',(8.83516862455403,-22.8375551727051,0.493216262611239));
#8648=CARTESIAN_POINT('Ctrl Pts',(8.83516862455403,-22.8375551727051,0.986505103996174));
#8649=CARTESIAN_POINT('Ctrl Pts',(8.83516862455403,-22.8375551727051,1.47979394538111));
#8650=CARTESIAN_POINT('Ctrl Pts',(8.84007775220531,-22.7911858769768,-7.25787736956307E-5));
#8651=CARTESIAN_POINT('Ctrl Pts',(8.84007775220531,-22.7911858769768,0.493216262611239));
#8652=CARTESIAN_POINT('Ctrl Pts',(8.84007775220531,-22.7911858769768,0.986505103996174));
#8653=CARTESIAN_POINT('Ctrl Pts',(8.84007775220531,-22.7911858769768,1.47979394538111));
#8654=CARTESIAN_POINT('Ctrl Pts',(8.85971426281046,-22.720152062244,-7.25787736956416E-5));
#8655=CARTESIAN_POINT('Ctrl Pts',(8.85971426281046,-22.720152062244,0.493216262611239));
#8656=CARTESIAN_POINT('Ctrl Pts',(8.85971426281046,-22.720152062244,0.986505103996173));
#8657=CARTESIAN_POINT('Ctrl Pts',(8.85971426281046,-22.720152062244,1.47979394538111));
#8658=CARTESIAN_POINT('Ctrl Pts',(8.87444164576433,-22.6935143817192,-7.25787736956439E-5));
#8659=CARTESIAN_POINT('Ctrl Pts',(8.87444164576433,-22.6935143817192,0.493216262611239));
#8660=CARTESIAN_POINT('Ctrl Pts',(8.87444164576433,-22.6935143817192,0.986505103996175));
#8661=CARTESIAN_POINT('Ctrl Pts',(8.87444164576433,-22.6935143817192,1.47979394538111));
#8662=CARTESIAN_POINT('Ctrl Pts',(8.91471959804966,-22.6570886559629,-7.25787736956421E-5));
#8663=CARTESIAN_POINT('Ctrl Pts',(8.91471959804966,-22.6570886559629,0.49321626261124));
#8664=CARTESIAN_POINT('Ctrl Pts',(8.91471959804966,-22.6570886559629,0.986505103996173));
#8665=CARTESIAN_POINT('Ctrl Pts',(8.91471959804966,-22.6570886559629,1.47979394538111));
#8666=CARTESIAN_POINT('Ctrl Pts',(8.93629665417055,-22.6431987629502,-7.25787736956399E-5));
#8667=CARTESIAN_POINT('Ctrl Pts',(8.93629665417055,-22.6431987629502,0.493216262611238));
#8668=CARTESIAN_POINT('Ctrl Pts',(8.93629665417055,-22.6431987629502,0.986505103996175));
#8669=CARTESIAN_POINT('Ctrl Pts',(8.93629665417055,-22.6431987629502,1.47979394538111));
#8670=CARTESIAN_POINT('Ctrl Pts',(8.98735158174393,-22.631359793828,-7.25787736956296E-5));
#8671=CARTESIAN_POINT('Ctrl Pts',(8.98735158174393,-22.631359793828,0.49321626261124));
#8672=CARTESIAN_POINT('Ctrl Pts',(8.98735158174393,-22.631359793828,0.986505103996173));
#8673=CARTESIAN_POINT('Ctrl Pts',(8.98735158174393,-22.631359793828,1.47979394538111));
#8674=CARTESIAN_POINT('Ctrl Pts',(9.01386087106088,-22.6284000515475,-7.25787736956236E-5));
#8675=CARTESIAN_POINT('Ctrl Pts',(9.01386087106088,-22.6284000515475,0.493216262611238));
#8676=CARTESIAN_POINT('Ctrl Pts',(9.01386087106088,-22.6284000515475,0.986505103996175));
#8677=CARTESIAN_POINT('Ctrl Pts',(9.01386087106088,-22.6284000515475,1.47979394538111));
#8678=CARTESIAN_POINT('Ctrl Pts',(9.09927969219328,-22.6284000515475,-7.25787736956028E-5));
#8679=CARTESIAN_POINT('Ctrl Pts',(9.09927969219328,-22.6284000515475,0.49321626261124));
#8680=CARTESIAN_POINT('Ctrl Pts',(9.09927969219328,-22.6284000515475,0.986505103996173));
#8681=CARTESIAN_POINT('Ctrl Pts',(9.09927969219328,-22.6284000515475,1.47979394538111));
#8682=CARTESIAN_POINT('Ctrl Pts',(9.15720739847847,-22.6284000515475,-7.25787736955885E-5));
#8683=CARTESIAN_POINT('Ctrl Pts',(9.15720739847847,-22.6284000515475,0.493216262611238));
#8684=CARTESIAN_POINT('Ctrl Pts',(9.15720739847847,-22.6284000515475,0.986505103996175));
#8685=CARTESIAN_POINT('Ctrl Pts',(9.15720739847847,-22.6284000515475,1.47979394538111));
#8686=CARTESIAN_POINT('Ctrl Pts',(9.21513510476366,-22.6284000515475,-7.25787736955742E-5));
#8687=CARTESIAN_POINT('Ctrl Pts',(9.21513510476366,-22.6284000515475,0.493216262611239));
#8688=CARTESIAN_POINT('Ctrl Pts',(9.21513510476366,-22.6284000515475,0.986505103996174));
#8689=CARTESIAN_POINT('Ctrl Pts',(9.21513510476366,-22.6284000515475,1.47979394538111));
#8690=CARTESIAN_POINT('',(8.83516862455403,-22.8947768567954,1.47979394538111));
#8691=CARTESIAN_POINT('',(8.83516862455403,-22.8947768567954,-0.00849999999998987));
#8692=CARTESIAN_POINT('Ctrl Pts',(8.83516862455403,-22.8947768567954,1.47979394538111));
#8693=CARTESIAN_POINT('Ctrl Pts',(8.83516862455403,-22.8375551727051,1.47979394538111));
#8694=CARTESIAN_POINT('Ctrl Pts',(8.84007775220532,-22.7911858769768,1.47979394538111));
#8695=CARTESIAN_POINT('Ctrl Pts',(8.84989600750789,-22.7556689696104,1.47979394538111));
#8696=CARTESIAN_POINT('Ctrl Pts',(8.85971426281047,-22.720152062244,1.47979394538111));
#8697=CARTESIAN_POINT('Ctrl Pts',(8.87444164576433,-22.6935143817192,1.47979394538111));
#8698=CARTESIAN_POINT('Ctrl Pts',(8.89407815636948,-22.675755928036,1.47979394538111));
#8699=CARTESIAN_POINT('Ctrl Pts',(8.91471959804966,-22.657088655963,1.47979394538111));
#8700=CARTESIAN_POINT('Ctrl Pts',(8.93629665417054,-22.6431987629502,1.47979394538111));
#8701=CARTESIAN_POINT('Ctrl Pts',(8.96182411795724,-22.6372792783891,1.47979394538111));
#8702=CARTESIAN_POINT('Ctrl Pts',(8.98735158174393,-22.631359793828,1.47979394538111));
#8703=CARTESIAN_POINT('Ctrl Pts',(9.01386087106088,-22.6284000515475,1.47979394538111));
#8704=CARTESIAN_POINT('Ctrl Pts',(9.04135198590809,-22.6284000515475,1.47979394538111));
#8705=CARTESIAN_POINT('Ctrl Pts',(9.09927969219328,-22.6284000515475,1.47979394538111));
#8706=CARTESIAN_POINT('Ctrl Pts',(9.15720739847847,-22.6284000515475,1.47979394538111));
#8707=CARTESIAN_POINT('Ctrl Pts',(9.21513510476366,-22.6284000515475,1.47979394538111));
#8708=CARTESIAN_POINT('Origin',(8.83516862455404,-24.8807639270323,-0.00849999999998942));
#8709=CARTESIAN_POINT('',(8.83516862455404,-24.8807639270323,1.47979394538111));
#8710=CARTESIAN_POINT('',(8.83516862455404,-24.8807639270323,-0.00849999999998942));
#8711=CARTESIAN_POINT('',(8.83516862455404,-22.8947768567954,1.47979394538111));
#8712=CARTESIAN_POINT('Ctrl Pts',(8.96182411795724,-25.1175433094748,-7.25787736949909E-5));
#8713=CARTESIAN_POINT('Ctrl Pts',(8.96182411795724,-25.1175433094748,0.49321626261124));
#8714=CARTESIAN_POINT('Ctrl Pts',(8.96182411795724,-25.1175433094748,0.986505103996174));
#8715=CARTESIAN_POINT('Ctrl Pts',(8.96182411795724,-25.1175433094748,1.47979394538111));
#8716=CARTESIAN_POINT('Ctrl Pts',(8.93826030523106,-25.1116238249137,-7.25787736949981E-5));
#8717=CARTESIAN_POINT('Ctrl Pts',(8.93826030523106,-25.1116238249137,0.49321626261124));
#8718=CARTESIAN_POINT('Ctrl Pts',(8.93826030523106,-25.1116238249137,0.986505103996174));
#8719=CARTESIAN_POINT('Ctrl Pts',(8.93826030523106,-25.1116238249137,1.47979394538111));
#8720=CARTESIAN_POINT('Ctrl Pts',(8.9166601435654,-25.1007714365518,-7.25787736950049E-5));
#8721=CARTESIAN_POINT('Ctrl Pts',(8.9166601435654,-25.1007714365518,0.49321626261124));
#8722=CARTESIAN_POINT('Ctrl Pts',(8.9166601435654,-25.1007714365518,0.986505103996174));
#8723=CARTESIAN_POINT('Ctrl Pts',(8.9166601435654,-25.1007714365518,1.47979394538111));
#8724=CARTESIAN_POINT('Ctrl Pts',(8.87639446651884,-25.0684028814101,-7.25787736950218E-5));
#8725=CARTESIAN_POINT('Ctrl Pts',(8.87639446651884,-25.0684028814101,0.49321626261124));
#8726=CARTESIAN_POINT('Ctrl Pts',(8.87639446651884,-25.0684028814101,0.986505103996175));
#8727=CARTESIAN_POINT('Ctrl Pts',(8.87639446651884,-25.0684028814101,1.47979394538111));
#8728=CARTESIAN_POINT('Ctrl Pts',(8.86167791387098,-25.0425631717013,-7.25787736950313E-5));
#8729=CARTESIAN_POINT('Ctrl Pts',(8.86167791387098,-25.0425631717013,0.49321626261124));
#8730=CARTESIAN_POINT('Ctrl Pts',(8.86167791387098,-25.0425631717013,0.986505103996174));
#8731=CARTESIAN_POINT('Ctrl Pts',(8.86167791387098,-25.0425631717013,1.47979394538111));
#8732=CARTESIAN_POINT('Ctrl Pts',(8.83767832134511,-24.9782542953387,-7.2578773695052E-5));
#8733=CARTESIAN_POINT('Ctrl Pts',(8.83767832134511,-24.9782542953387,0.493216262611239));
#8734=CARTESIAN_POINT('Ctrl Pts',(8.83767832134511,-24.9782542953387,0.986505103996175));
#8735=CARTESIAN_POINT('Ctrl Pts',(8.83767832134511,-24.9782542953387,1.47979394538111));
#8736=CARTESIAN_POINT('Ctrl Pts',(8.83516862455403,-24.9340392880818,-7.25787736950625E-5));
#8737=CARTESIAN_POINT('Ctrl Pts',(8.83516862455403,-24.9340392880818,0.49321626261124));
#8738=CARTESIAN_POINT('Ctrl Pts',(8.83516862455403,-24.9340392880818,0.986505103996174));
#8739=CARTESIAN_POINT('Ctrl Pts',(8.83516862455403,-24.9340392880818,1.47979394538111));
#8740=CARTESIAN_POINT('Ctrl Pts',(8.83516862455403,-24.8807639270323,-7.25787736950744E-5));
#8741=CARTESIAN_POINT('Ctrl Pts',(8.83516862455403,-24.8807639270323,0.49321626261124));
#8742=CARTESIAN_POINT('Ctrl Pts',(8.83516862455403,-24.8807639270323,0.986505103996174));
#8743=CARTESIAN_POINT('Ctrl Pts',(8.83516862455403,-24.8807639270323,1.47979394538111));
#8744=CARTESIAN_POINT('',(8.96182411795724,-25.1175433094748,1.47979394538111));
#8745=CARTESIAN_POINT('',(8.96182411795724,-25.1175433094748,-0.00849999999998934));
#8746=CARTESIAN_POINT('Ctrl Pts',(8.96182411795724,-25.1175433094748,1.47979394538111));
#8747=CARTESIAN_POINT('Ctrl Pts',(8.93826030523106,-25.1116238249137,1.47979394538111));
#8748=CARTESIAN_POINT('Ctrl Pts',(8.9166601435654,-25.1007714365518,1.47979394538111));
#8749=CARTESIAN_POINT('Ctrl Pts',(8.89702363296025,-25.084986144389,1.47979394538111));
#8750=CARTESIAN_POINT('Ctrl Pts',(8.87639446651884,-25.06840288141,1.47979394538111));
#8751=CARTESIAN_POINT('Ctrl Pts',(8.86167791387098,-25.0425631717013,1.47979394538111));
#8752=CARTESIAN_POINT('Ctrl Pts',(8.84989600750789,-25.0109925873757,1.47979394538111));
#8753=CARTESIAN_POINT('Ctrl Pts',(8.83767832134511,-24.9782542953387,1.47979394538111));
#8754=CARTESIAN_POINT('Ctrl Pts',(8.83516862455403,-24.9340392880818,1.47979394538111));
#8755=CARTESIAN_POINT('Ctrl Pts',(8.83516862455403,-24.8807639270323,1.47979394538111));
#8756=CARTESIAN_POINT('Ctrl Pts',(9.04135198590809,-25.1234627940359,-7.25787736949681E-5));
#8757=CARTESIAN_POINT('Ctrl Pts',(9.04135198590809,-25.1234627940359,0.49321626261124));
#8758=CARTESIAN_POINT('Ctrl Pts',(9.04135198590809,-25.1234627940359,0.986505103996174));
#8759=CARTESIAN_POINT('Ctrl Pts',(9.04135198590809,-25.1234627940359,1.47979394538111));
#8760=CARTESIAN_POINT('Ctrl Pts',(9.01386087106088,-25.1234627940359,-7.25787736949749E-5));
#8761=CARTESIAN_POINT('Ctrl Pts',(9.01386087106088,-25.1234627940359,0.493216262611239));
#8762=CARTESIAN_POINT('Ctrl Pts',(9.01386087106088,-25.1234627940359,0.986505103996175));
#8763=CARTESIAN_POINT('Ctrl Pts',(9.01386087106088,-25.1234627940359,1.47979394538111));
#8764=CARTESIAN_POINT('Ctrl Pts',(8.98735158174393,-25.1214896325155,-7.25787736949837E-5));
#8765=CARTESIAN_POINT('Ctrl Pts',(8.98735158174393,-25.1214896325155,0.49321626261124));
#8766=CARTESIAN_POINT('Ctrl Pts',(8.98735158174393,-25.1214896325155,0.986505103996174));
#8767=CARTESIAN_POINT('Ctrl Pts',(8.98735158174393,-25.1214896325155,1.47979394538111));
#8768=CARTESIAN_POINT('Ctrl Pts',(8.96182411795724,-25.1175433094748,-7.25787736949909E-5));
#8769=CARTESIAN_POINT('Ctrl Pts',(8.96182411795724,-25.1175433094748,0.49321626261124));
#8770=CARTESIAN_POINT('Ctrl Pts',(8.96182411795724,-25.1175433094748,0.986505103996174));
#8771=CARTESIAN_POINT('Ctrl Pts',(8.96182411795724,-25.1175433094748,1.47979394538111));
#8772=CARTESIAN_POINT('',(9.04135198590809,-25.1234627940359,1.47979394538111));
#8773=CARTESIAN_POINT('',(9.04135198590809,-25.1234627940359,-0.00849999999998932));
#8774=CARTESIAN_POINT('Ctrl Pts',(9.04135198590809,-25.1234627940359,1.47979394538111));
#8775=CARTESIAN_POINT('Ctrl Pts',(9.01386087106088,-25.1234627940359,1.47979394538111));
#8776=CARTESIAN_POINT('Ctrl Pts',(8.98735158174393,-25.1214896325155,1.47979394538111));
#8777=CARTESIAN_POINT('Ctrl Pts',(8.96182411795724,-25.1175433094748,1.47979394538111));
#8778=CARTESIAN_POINT('Origin',(9.21513510476366,-25.1234627940359,-0.00849999999998927));
#8779=CARTESIAN_POINT('',(9.21513510476366,-25.1234627940359,1.47979394538111));
#8780=CARTESIAN_POINT('',(9.21513510476366,-25.1234627940359,-0.00849999999998927));
#8781=CARTESIAN_POINT('',(9.04135198590809,-25.1234627940359,1.47979394538111));
#8782=CARTESIAN_POINT('Origin',(9.21513510476366,-25.3424837227952,-0.00849999999998922));
#8783=CARTESIAN_POINT('',(9.21513510476366,-25.3424837227952,1.47979394538111));
#8784=CARTESIAN_POINT('',(9.21513510476366,-25.3424837227952,-0.00849999999998922));
#8785=CARTESIAN_POINT('',(9.21513510476366,-25.1234627940359,1.47979394538111));
#8786=CARTESIAN_POINT('Origin',(7.80130634119296,-25.3424837227952,-0.00849999999998957));
#8787=CARTESIAN_POINT('',(9.21513510476365,-25.3424837227952,1.47979394538111));
#8788=CARTESIAN_POINT('Origin',(-1.55058183450909,-24.3776077393418,1.47979394538111));
#8789=CARTESIAN_POINT('Origin',(9.44193680225312,-22.4093791227881,-0.00849999999998982));
#8790=CARTESIAN_POINT('',(9.44193680225312,-22.4093791227881,1.47979394538111));
#8791=CARTESIAN_POINT('',(9.44193680225312,-22.4093791227881,-0.00849999999998982));
#8792=CARTESIAN_POINT('',(9.44193680225312,-22.6284000515475,1.47979394538111));
#8793=CARTESIAN_POINT('',(9.44193680225312,-22.6284000515475,1.47979394538111));
#8794=CARTESIAN_POINT('',(9.44193680225312,-22.6284000515475,-0.00849999999998977));
#8795=CARTESIAN_POINT('Origin',(9.44193680225312,-22.6284000515475,-0.00849999999998977));
#8796=CARTESIAN_POINT('',(9.61277444451792,-22.6284000515475,1.47979394538111));
#8797=CARTESIAN_POINT('',(9.61277444451792,-22.6284000515475,1.47979394538111));
#8798=CARTESIAN_POINT('',(9.61277444451792,-22.6284000515475,-0.00849999999998973));
#8799=CARTESIAN_POINT('Ctrl Pts',(9.61277444451792,-22.6284000515475,-7.25787736954755E-5));
#8800=CARTESIAN_POINT('Ctrl Pts',(9.61277444451792,-22.6284000515475,0.493216262611239));
#8801=CARTESIAN_POINT('Ctrl Pts',(9.61277444451792,-22.6284000515475,0.986505103996174));
#8802=CARTESIAN_POINT('Ctrl Pts',(9.61277444451792,-22.6284000515475,1.47979394538111));
#8803=CARTESIAN_POINT('Ctrl Pts',(9.64419286148615,-22.6284000515475,-7.25787736954678E-5));
#8804=CARTESIAN_POINT('Ctrl Pts',(9.64419286148615,-22.6284000515475,0.49321626261124));
#8805=CARTESIAN_POINT('Ctrl Pts',(9.64419286148615,-22.6284000515475,0.986505103996174));
#8806=CARTESIAN_POINT('Ctrl Pts',(9.64419286148615,-22.6284000515475,1.47979394538111));
#8807=CARTESIAN_POINT('Ctrl Pts',(9.67266580186361,-22.631359793828,-7.25787736954598E-5));
#8808=CARTESIAN_POINT('Ctrl Pts',(9.67266580186361,-22.631359793828,0.493216262611239));
#8809=CARTESIAN_POINT('Ctrl Pts',(9.67266580186361,-22.631359793828,0.986505103996175));
#8810=CARTESIAN_POINT('Ctrl Pts',(9.67266580186361,-22.631359793828,1.47979394538111));
#8811=CARTESIAN_POINT('Ctrl Pts',(9.72372072943701,-22.6431987629502,-7.25787736954448E-5));
#8812=CARTESIAN_POINT('Ctrl Pts',(9.72372072943701,-22.6431987629502,0.49321626261124));
#8813=CARTESIAN_POINT('Ctrl Pts',(9.72372072943701,-22.6431987629502,0.986505103996174));
#8814=CARTESIAN_POINT('Ctrl Pts',(9.72372072943701,-22.6431987629502,1.47979394538111));
#8815=CARTESIAN_POINT('Ctrl Pts',(9.74532089110267,-22.6560243128325,-7.25787736954366E-5));
#8816=CARTESIAN_POINT('Ctrl Pts',(9.74532089110267,-22.6560243128325,0.493216262611239));
#8817=CARTESIAN_POINT('Ctrl Pts',(9.74532089110267,-22.6560243128325,0.986505103996174));
#8818=CARTESIAN_POINT('Ctrl Pts',(9.74532089110267,-22.6560243128325,1.47979394538111));
#8819=CARTESIAN_POINT('Ctrl Pts',(9.7629937506473,-22.675755928036,-7.25787736954278E-5));
#8820=CARTESIAN_POINT('Ctrl Pts',(9.7629937506473,-22.675755928036,0.493216262611239));
#8821=CARTESIAN_POINT('Ctrl Pts',(9.7629937506473,-22.675755928036,0.986505103996174));
#8822=CARTESIAN_POINT('Ctrl Pts',(9.7629937506473,-22.675755928036,1.47979394538111));
#8823=CARTESIAN_POINT('',(9.7629937506473,-22.675755928036,1.47979394538111));
#8824=CARTESIAN_POINT('Ctrl Pts',(9.61277444451792,-22.6284000515475,1.47979394538111));
#8825=CARTESIAN_POINT('Ctrl Pts',(9.64419286148615,-22.6284000515475,1.47979394538111));
#8826=CARTESIAN_POINT('Ctrl Pts',(9.67266580186362,-22.631359793828,1.47979394538111));
#8827=CARTESIAN_POINT('Ctrl Pts',(9.69819326565031,-22.6372792783891,1.47979394538111));
#8828=CARTESIAN_POINT('Ctrl Pts',(9.72372072943701,-22.6431987629502,1.47979394538111));
#8829=CARTESIAN_POINT('Ctrl Pts',(9.74532089110267,-22.6560243128325,1.47979394538111));
#8830=CARTESIAN_POINT('Ctrl Pts',(9.7629937506473,-22.675755928036,1.47979394538111));
#8831=CARTESIAN_POINT('',(9.7629937506473,-22.675755928036,-0.00849999999998968));
#8832=CARTESIAN_POINT('Ctrl Pts',(9.7629937506473,-22.675755928036,-7.25787736954278E-5));
#8833=CARTESIAN_POINT('Ctrl Pts',(9.7629937506473,-22.675755928036,0.493216262611239));
#8834=CARTESIAN_POINT('Ctrl Pts',(9.7629937506473,-22.675755928036,0.986505103996174));
#8835=CARTESIAN_POINT('Ctrl Pts',(9.7629937506473,-22.675755928036,1.47979394538111));
#8836=CARTESIAN_POINT('Ctrl Pts',(9.78263026125245,-22.6935143817192,-7.2578773695419E-5));
#8837=CARTESIAN_POINT('Ctrl Pts',(9.78263026125245,-22.6935143817192,0.493216262611238));
#8838=CARTESIAN_POINT('Ctrl Pts',(9.78263026125245,-22.6935143817192,0.986505103996175));
#8839=CARTESIAN_POINT('Ctrl Pts',(9.78263026125245,-22.6935143817192,1.47979394538111));
#8840=CARTESIAN_POINT('Ctrl Pts',(9.79496671660617,-22.7209087435777,-7.25787736954101E-5));
#8841=CARTESIAN_POINT('Ctrl Pts',(9.79496671660617,-22.7209087435777,0.49321626261124));
#8842=CARTESIAN_POINT('Ctrl Pts',(9.79496671660616,-22.7209087435777,0.986505103996173));
#8843=CARTESIAN_POINT('Ctrl Pts',(9.79496671660616,-22.7209087435777,1.47979394538111));
#8844=CARTESIAN_POINT('Ctrl Pts',(9.81895780587198,-22.7892127154564,-7.25787736953891E-5));
#8845=CARTESIAN_POINT('Ctrl Pts',(9.81895780587198,-22.7892127154564,0.493216262611238));
#8846=CARTESIAN_POINT('Ctrl Pts',(9.81895780587198,-22.7892127154564,0.986505103996175));
#8847=CARTESIAN_POINT('Ctrl Pts',(9.81895780587198,-22.7892127154564,1.47979394538111));
#8848=CARTESIAN_POINT('Ctrl Pts',(9.82484875905352,-22.8355820111847,-7.25787736953771E-5));
#8849=CARTESIAN_POINT('Ctrl Pts',(9.82484875905352,-22.8355820111847,0.49321626261124));
#8850=CARTESIAN_POINT('Ctrl Pts',(9.82484875905352,-22.8355820111847,0.986505103996173));
#8851=CARTESIAN_POINT('Ctrl Pts',(9.82484875905352,-22.8355820111847,1.47979394538111));
#8852=CARTESIAN_POINT('Ctrl Pts',(9.82484875905352,-22.8947768567954,-7.25787736953639E-5));
#8853=CARTESIAN_POINT('Ctrl Pts',(9.82484875905352,-22.8947768567954,0.493216262611239));
#8854=CARTESIAN_POINT('Ctrl Pts',(9.82484875905352,-22.8947768567954,0.986505103996174));
#8855=CARTESIAN_POINT('Ctrl Pts',(9.82484875905352,-22.8947768567954,1.47979394538111));
#8856=CARTESIAN_POINT('',(9.82484875905352,-22.8947768567954,1.47979394538111));
#8857=CARTESIAN_POINT('Ctrl Pts',(9.7629937506473,-22.675755928036,1.47979394538111));
#8858=CARTESIAN_POINT('Ctrl Pts',(9.78263026125245,-22.6935143817192,1.47979394538111));
#8859=CARTESIAN_POINT('Ctrl Pts',(9.79496671660616,-22.7209087435777,1.47979394538111));
#8860=CARTESIAN_POINT('Ctrl Pts',(9.80717589950889,-22.7556689696104,1.47979394538111));
#8861=CARTESIAN_POINT('Ctrl Pts',(9.81895780587198,-22.7892127154564,1.47979394538111));
#8862=CARTESIAN_POINT('Ctrl Pts',(9.82484875905352,-22.8355820111847,1.47979394538111));
#8863=CARTESIAN_POINT('Ctrl Pts',(9.82484875905352,-22.8947768567954,1.47979394538111));
#8864=CARTESIAN_POINT('',(9.82484875905352,-22.8947768567954,-0.00849999999998962));
#8865=CARTESIAN_POINT('Origin',(9.82484875905352,-22.8947768567954,-0.00849999999998962));
#8866=CARTESIAN_POINT('',(9.82484875905352,-24.8807639270323,1.47979394538111));
#8867=CARTESIAN_POINT('',(9.82484875905352,-24.8807639270323,1.47979394538111));
#8868=CARTESIAN_POINT('',(9.82484875905352,-24.8807639270323,-0.00849999999998918));
#8869=CARTESIAN_POINT('Ctrl Pts',(9.82484875905352,-24.8807639270323,-7.25787736948293E-5));
#8870=CARTESIAN_POINT('Ctrl Pts',(9.82484875905352,-24.8807639270323,0.49321626261124));
#8871=CARTESIAN_POINT('Ctrl Pts',(9.82484875905352,-24.8807639270323,0.986505103996174));
#8872=CARTESIAN_POINT('Ctrl Pts',(9.82484875905352,-24.8807639270323,1.47979394538111));
#8873=CARTESIAN_POINT('Ctrl Pts',(9.82484875905352,-24.9340392880818,-7.25787736948175E-5));
#8874=CARTESIAN_POINT('Ctrl Pts',(9.82484875905352,-24.9340392880818,0.493216262611239));
#8875=CARTESIAN_POINT('Ctrl Pts',(9.82484875905352,-24.9340392880818,0.986505103996175));
#8876=CARTESIAN_POINT('Ctrl Pts',(9.82484875905352,-24.9340392880818,1.47979394538111));
#8877=CARTESIAN_POINT('Ctrl Pts',(9.81895780587198,-24.9764622607695,-7.25787736948096E-5));
#8878=CARTESIAN_POINT('Ctrl Pts',(9.81895780587198,-24.9764622607695,0.493216262611241));
#8879=CARTESIAN_POINT('Ctrl Pts',(9.81895780587198,-24.9764622607695,0.986505103996173));
#8880=CARTESIAN_POINT('Ctrl Pts',(9.81895780587198,-24.9764622607695,1.47979394538111));
#8881=CARTESIAN_POINT('Ctrl Pts',(9.79495821334611,-25.0407711371321,-7.2578773694801E-5));
#8882=CARTESIAN_POINT('Ctrl Pts',(9.79495821334611,-25.0407711371321,0.493216262611239));
#8883=CARTESIAN_POINT('Ctrl Pts',(9.79495821334611,-25.0407711371321,0.986505103996176));
#8884=CARTESIAN_POINT('Ctrl Pts',(9.79495821334611,-25.0407711371321,1.47979394538111));
#8885=CARTESIAN_POINT('Ctrl Pts',(9.78263026125245,-25.0662411099456,-7.25787736947983E-5));
#8886=CARTESIAN_POINT('Ctrl Pts',(9.78263026125245,-25.0662411099456,0.49321626261124));
#8887=CARTESIAN_POINT('Ctrl Pts',(9.78263026125245,-25.0662411099456,0.986505103996175));
#8888=CARTESIAN_POINT('Ctrl Pts',(9.78263026125245,-25.0662411099456,1.47979394538111));
#8889=CARTESIAN_POINT('Ctrl Pts',(9.7423645842059,-25.0986096650874,-7.25787736948008E-5));
#8890=CARTESIAN_POINT('Ctrl Pts',(9.7423645842059,-25.0986096650874,0.49321626261124));
#8891=CARTESIAN_POINT('Ctrl Pts',(9.7423645842059,-25.0986096650874,0.986505103996174));
#8892=CARTESIAN_POINT('Ctrl Pts',(9.7423645842059,-25.0986096650874,1.47979394538111));
#8893=CARTESIAN_POINT('Ctrl Pts',(9.72114151924825,-25.113540364846,-7.25787736948028E-5));
#8894=CARTESIAN_POINT('Ctrl Pts',(9.72114151924825,-25.113540364846,0.49321626261124));
#8895=CARTESIAN_POINT('Ctrl Pts',(9.72114151924825,-25.113540364846,0.986505103996175));
#8896=CARTESIAN_POINT('Ctrl Pts',(9.72114151924825,-25.113540364846,1.47979394538111));
#8897=CARTESIAN_POINT('Ctrl Pts',(9.66972032527284,-25.1214896325155,-7.25787736948138E-5));
#8898=CARTESIAN_POINT('Ctrl Pts',(9.66972032527284,-25.1214896325155,0.49321626261124));
#8899=CARTESIAN_POINT('Ctrl Pts',(9.66972032527284,-25.1214896325155,0.986505103996175));
#8900=CARTESIAN_POINT('Ctrl Pts',(9.66972032527284,-25.1214896325155,1.47979394538111));
#8901=CARTESIAN_POINT('Ctrl Pts',(9.64222921042564,-25.1234627940359,-7.25787736948201E-5));
#8902=CARTESIAN_POINT('Ctrl Pts',(9.64222921042564,-25.1234627940359,0.493216262611241));
#8903=CARTESIAN_POINT('Ctrl Pts',(9.64222921042564,-25.1234627940359,0.986505103996173));
#8904=CARTESIAN_POINT('Ctrl Pts',(9.64222921042564,-25.1234627940359,1.47979394538111));
#8905=CARTESIAN_POINT('Ctrl Pts',(9.55582856376299,-25.1234627940359,-7.25787736948415E-5));
#8906=CARTESIAN_POINT('Ctrl Pts',(9.55582856376299,-25.1234627940359,0.493216262611239));
#8907=CARTESIAN_POINT('Ctrl Pts',(9.55582856376299,-25.1234627940359,0.986505103996176));
#8908=CARTESIAN_POINT('Ctrl Pts',(9.55582856376299,-25.1234627940359,1.47979394538111));
#8909=CARTESIAN_POINT('Ctrl Pts',(9.49888268300806,-25.1234627940359,-7.25787736948554E-5));
#8910=CARTESIAN_POINT('Ctrl Pts',(9.49888268300806,-25.1234627940359,0.493216262611241));
#8911=CARTESIAN_POINT('Ctrl Pts',(9.49888268300806,-25.1234627940359,0.986505103996174));
#8912=CARTESIAN_POINT('Ctrl Pts',(9.49888268300806,-25.1234627940359,1.47979394538111));
#8913=CARTESIAN_POINT('Ctrl Pts',(9.44193680225313,-25.1234627940359,-7.25787736948695E-5));
#8914=CARTESIAN_POINT('Ctrl Pts',(9.44193680225313,-25.1234627940359,0.49321626261124));
#8915=CARTESIAN_POINT('Ctrl Pts',(9.44193680225312,-25.1234627940359,0.986505103996174));
#8916=CARTESIAN_POINT('Ctrl Pts',(9.44193680225312,-25.1234627940359,1.47979394538111));
#8917=CARTESIAN_POINT('',(9.44193680225312,-25.1234627940359,1.47979394538111));
#8918=CARTESIAN_POINT('Ctrl Pts',(9.82484875905352,-24.8807639270323,1.47979394538111));
#8919=CARTESIAN_POINT('Ctrl Pts',(9.82484875905352,-24.9340392880818,1.47979394538111));
#8920=CARTESIAN_POINT('Ctrl Pts',(9.81895780587198,-24.9764622607695,1.47979394538111));
#8921=CARTESIAN_POINT('Ctrl Pts',(9.80717589950889,-25.0080328450951,1.47979394538111));
#8922=CARTESIAN_POINT('Ctrl Pts',(9.79495821334611,-25.0407711371321,1.47979394538111));
#8923=CARTESIAN_POINT('Ctrl Pts',(9.78263026125245,-25.0662411099456,1.47979394538111));
#8924=CARTESIAN_POINT('Ctrl Pts',(9.7629937506473,-25.0820264021084,1.47979394538111));
#8925=CARTESIAN_POINT('Ctrl Pts',(9.74236458420589,-25.0986096650873,1.47979394538111));
#8926=CARTESIAN_POINT('Ctrl Pts',(9.72114151924825,-25.1135403648459,1.47979394538111));
#8927=CARTESIAN_POINT('Ctrl Pts',(9.69524778905954,-25.1175433094748,1.47979394538111));
#8928=CARTESIAN_POINT('Ctrl Pts',(9.66972032527285,-25.1214896325155,1.47979394538111));
#8929=CARTESIAN_POINT('Ctrl Pts',(9.64222921042564,-25.1234627940359,1.47979394538111));
#8930=CARTESIAN_POINT('Ctrl Pts',(9.61277444451792,-25.1234627940359,1.47979394538111));
#8931=CARTESIAN_POINT('Ctrl Pts',(9.55582856376298,-25.1234627940359,1.47979394538111));
#8932=CARTESIAN_POINT('Ctrl Pts',(9.49888268300806,-25.1234627940359,1.47979394538111));
#8933=CARTESIAN_POINT('Ctrl Pts',(9.44193680225312,-25.1234627940359,1.47979394538111));
#8934=CARTESIAN_POINT('',(9.44193680225312,-25.1234627940359,-0.00849999999998922));
#8935=CARTESIAN_POINT('Origin',(9.44193680225312,-25.1234627940359,-0.00849999999998922));
#8936=CARTESIAN_POINT('',(9.44193680225312,-25.3424837227952,1.47979394538111));
#8937=CARTESIAN_POINT('',(9.44193680225312,-25.3424837227952,1.47979394538111));
#8938=CARTESIAN_POINT('',(9.44193680225312,-25.3424837227952,-0.00849999999998917));
#8939=CARTESIAN_POINT('Origin',(9.44193680225312,-25.3424837227952,-0.00849999999998917));
#8940=CARTESIAN_POINT('',(11.8542821300956,-25.3424837227952,1.47979394538111));
#8941=CARTESIAN_POINT('',(11.8542821300956,-25.3424837227952,1.47979394538111));
#8942=CARTESIAN_POINT('',(11.8542821300956,-25.3424837227952,-0.00849999999998857));
#8943=CARTESIAN_POINT('Origin',(11.8542821300956,-25.3424837227952,-0.00849999999998857));
#8944=CARTESIAN_POINT('',(11.8542821300956,-24.5877494412596,1.47979394538111));
#8945=CARTESIAN_POINT('',(11.8542821300956,-24.5877494412596,1.47979394538111));
#8946=CARTESIAN_POINT('',(11.8542821300956,-24.5877494412596,-0.00849999999998874));
#8947=CARTESIAN_POINT('Origin',(11.8542821300956,-24.5877494412596,-0.00849999999998874));
#8948=CARTESIAN_POINT('',(11.5862437603354,-24.5877494412596,1.47979394538111));
#8949=CARTESIAN_POINT('',(11.5862437603354,-24.5877494412596,1.47979394538111));
#8950=CARTESIAN_POINT('',(11.5862437603354,-24.5877494412596,-0.00849999999998881));
#8951=CARTESIAN_POINT('Ctrl Pts',(11.5862437603354,-24.5877494412596,-7.25787736944596E-5));
#8952=CARTESIAN_POINT('Ctrl Pts',(11.5862437603354,-24.5877494412596,0.49321626261124));
#8953=CARTESIAN_POINT('Ctrl Pts',(11.5862437603354,-24.5877494412596,0.986505103996175));
#8954=CARTESIAN_POINT('Ctrl Pts',(11.5862437603354,-24.5877494412596,1.47979394538111));
#8955=CARTESIAN_POINT('Ctrl Pts',(11.5754436795025,-24.6518771906711,-7.2578773694448E-5));
#8956=CARTESIAN_POINT('Ctrl Pts',(11.5754436795025,-24.6518771906711,0.49321626261124));
#8957=CARTESIAN_POINT('Ctrl Pts',(11.5754436795025,-24.6518771906711,0.986505103996175));
#8958=CARTESIAN_POINT('Ctrl Pts',(11.5754436795025,-24.6518771906711,1.47979394538111));
#8959=CARTESIAN_POINT('Ctrl Pts',(11.5646435986697,-24.7160049400826,-7.25787736944351E-5));
#8960=CARTESIAN_POINT('Ctrl Pts',(11.5646435986697,-24.7160049400826,0.49321626261124));
#8961=CARTESIAN_POINT('Ctrl Pts',(11.5646435986697,-24.7160049400826,0.986505103996175));
#8962=CARTESIAN_POINT('Ctrl Pts',(11.5646435986697,-24.7160049400826,1.47979394538111));
#8963=CARTESIAN_POINT('Ctrl Pts',(11.5462436983228,-24.8252582148409,-7.25787736944151E-5));
#8964=CARTESIAN_POINT('Ctrl Pts',(11.5462436983228,-24.8252582148409,0.49321626261124));
#8965=CARTESIAN_POINT('Ctrl Pts',(11.5462436983228,-24.8252582148409,0.986505103996175));
#8966=CARTESIAN_POINT('Ctrl Pts',(11.5462436983228,-24.8252582148409,1.47979394538111));
#8967=CARTESIAN_POINT('Ctrl Pts',(11.5363620072008,-24.8663429234669,-7.25787736944089E-5));
#8968=CARTESIAN_POINT('Ctrl Pts',(11.5363620072008,-24.8663429234669,0.49321626261124));
#8969=CARTESIAN_POINT('Ctrl Pts',(11.5363620072008,-24.8663429234669,0.986505103996175));
#8970=CARTESIAN_POINT('Ctrl Pts',(11.5363620072008,-24.8663429234669,1.47979394538111));
#8971=CARTESIAN_POINT('Ctrl Pts',(11.512606845566,-24.9419319341633,-7.25787736943986E-5));
#8972=CARTESIAN_POINT('Ctrl Pts',(11.512606845566,-24.9419319341633,0.49321626261124));
#8973=CARTESIAN_POINT('Ctrl Pts',(11.512606845566,-24.9419319341633,0.986505103996175));
#8974=CARTESIAN_POINT('Ctrl Pts',(11.512606845566,-24.9419319341633,1.47979394538111));
#8975=CARTESIAN_POINT('Ctrl Pts',(11.4968822129386,-24.9762129190939,-7.25787736943943E-5));
#8976=CARTESIAN_POINT('Ctrl Pts',(11.4968822129386,-24.9762129190939,0.49321626261124));
#8977=CARTESIAN_POINT('Ctrl Pts',(11.4968822129386,-24.9762129190939,0.986505103996176));
#8978=CARTESIAN_POINT('Ctrl Pts',(11.4968822129386,-24.9762129190939,1.47979394538111));
#8979=CARTESIAN_POINT('Ctrl Pts',(11.4527154882203,-25.0326973640996,-7.2578773694392E-5));
#8980=CARTESIAN_POINT('Ctrl Pts',(11.4527154882203,-25.0326973640996,0.493216262611241));
#8981=CARTESIAN_POINT('Ctrl Pts',(11.4527154882203,-25.0326973640996,0.986505103996175));
#8982=CARTESIAN_POINT('Ctrl Pts',(11.4527154882203,-25.0326973640996,1.47979394538111));
#8983=CARTESIAN_POINT('Ctrl Pts',(11.4279835257518,-25.0560022704152,-7.25787736943929E-5));
#8984=CARTESIAN_POINT('Ctrl Pts',(11.4279835257518,-25.0560022704152,0.49321626261124));
#8985=CARTESIAN_POINT('Ctrl Pts',(11.4279835257518,-25.0560022704152,0.986505103996175));
#8986=CARTESIAN_POINT('Ctrl Pts',(11.4279835257518,-25.0560022704152,1.47979394538111));
#8987=CARTESIAN_POINT('Ctrl Pts',(11.3682784926182,-25.0839995636288,-7.25787736944019E-5));
#8988=CARTESIAN_POINT('Ctrl Pts',(11.3682784926182,-25.0839995636288,0.493216262611241));
#8989=CARTESIAN_POINT('Ctrl Pts',(11.3682784926182,-25.0839995636288,0.986505103996175));
#8990=CARTESIAN_POINT('Ctrl Pts',(11.3682784926182,-25.0839995636288,1.47979394538111));
#8991=CARTESIAN_POINT('Ctrl Pts',(11.3329327735289,-25.09090562895,-7.25787736944093E-5));
#8992=CARTESIAN_POINT('Ctrl Pts',(11.3329327735289,-25.09090562895,0.49321626261124));
#8993=CARTESIAN_POINT('Ctrl Pts',(11.3329327735289,-25.09090562895,0.986505103996175));
#8994=CARTESIAN_POINT('Ctrl Pts',(11.3329327735289,-25.09090562895,1.47979394538111));
#8995=CARTESIAN_POINT('Ctrl Pts',(11.2916961012581,-25.09090562895,-7.25787736944195E-5));
#8996=CARTESIAN_POINT('Ctrl Pts',(11.2916961012581,-25.09090562895,0.49321626261124));
#8997=CARTESIAN_POINT('Ctrl Pts',(11.2916961012581,-25.09090562895,0.986505103996175));
#8998=CARTESIAN_POINT('Ctrl Pts',(11.2916961012581,-25.09090562895,1.47979394538111));
#8999=CARTESIAN_POINT('',(11.2916961012581,-25.09090562895,1.47979394538111));
#9000=CARTESIAN_POINT('Ctrl Pts',(11.5862437603354,-24.5877494412596,1.47979394538111));
#9001=CARTESIAN_POINT('Ctrl Pts',(11.5754436795025,-24.6518771906711,1.47979394538111));
#9002=CARTESIAN_POINT('Ctrl Pts',(11.5646435986697,-24.7160049400827,1.47979394538111));
#9003=CARTESIAN_POINT('Ctrl Pts',(11.5538435178369,-24.7801326894942,1.47979394538111));
#9004=CARTESIAN_POINT('Ctrl Pts',(11.5462436983228,-24.8252582148409,1.47979394538111));
#9005=CARTESIAN_POINT('Ctrl Pts',(11.5363620072008,-24.8663429234669,1.47979394538111));
#9006=CARTESIAN_POINT('Ctrl Pts',(11.5243887519291,-24.9044418652765,1.47979394538111));
#9007=CARTESIAN_POINT('Ctrl Pts',(11.512606845566,-24.9419319341633,1.47979394538111));
#9008=CARTESIAN_POINT('Ctrl Pts',(11.4968822129386,-24.9762129190939,1.47979394538111));
#9009=CARTESIAN_POINT('Ctrl Pts',(11.474315649886,-25.0050731028146,1.47979394538111));
#9010=CARTESIAN_POINT('Ctrl Pts',(11.4527154882203,-25.0326973640996,1.47979394538111));
#9011=CARTESIAN_POINT('Ctrl Pts',(11.4279835257518,-25.0560022704153,1.47979394538111));
#9012=CARTESIAN_POINT('Ctrl Pts',(11.3977332585259,-25.0701874329863,1.47979394538111));
#9013=CARTESIAN_POINT('Ctrl Pts',(11.3682784926182,-25.0839995636288,1.47979394538111));
#9014=CARTESIAN_POINT('Ctrl Pts',(11.3329327735289,-25.09090562895,1.47979394538111));
#9015=CARTESIAN_POINT('Ctrl Pts',(11.2916961012581,-25.09090562895,1.47979394538111));
#9016=CARTESIAN_POINT('',(11.2916961012581,-25.09090562895,-0.00849999999998877));
#9017=CARTESIAN_POINT('Origin',(11.2916961012581,-25.09090562895,-0.00849999999998877));
#9018=CARTESIAN_POINT('',(10.4728536090234,-25.09090562895,1.47979394538111));
#9019=CARTESIAN_POINT('',(10.4728536090234,-25.09090562895,1.47979394538111));
#9020=CARTESIAN_POINT('',(10.4728536090234,-25.09090562895,-0.00849999999998897));
#9021=CARTESIAN_POINT('Origin',(11.7217356835109,-22.4093791227881,-0.00849999999998926));
#9022=CARTESIAN_POINT('',(11.7217356835109,-22.4093791227881,1.47979394538111));
#9023=CARTESIAN_POINT('',(11.7217356835109,-22.4093791227881,-0.00849999999998926));
#9024=CARTESIAN_POINT('',(9.44193680225313,-22.4093791227881,1.47979394538111));
#9025=CARTESIAN_POINT('Origin',(11.7217356835109,-23.1670731466043,-0.00849999999998909));
#9026=CARTESIAN_POINT('',(11.7217356835109,-23.1670731466043,1.47979394538111));
#9027=CARTESIAN_POINT('',(11.7217356835109,-23.1670731466043,-0.00849999999998909));
#9028=CARTESIAN_POINT('',(11.7217356835109,-22.4093791227881,1.47979394538111));
#9029=CARTESIAN_POINT('Origin',(11.4448608839783,-23.1670731466043,-0.00849999999998916));
#9030=CARTESIAN_POINT('',(11.4448608839783,-23.1670731466043,1.47979394538111));
#9031=CARTESIAN_POINT('',(11.4448608839783,-23.1670731466043,-0.00849999999998916));
#9032=CARTESIAN_POINT('',(11.7217356835109,-23.1670731466043,1.47979394538111));
#9033=CARTESIAN_POINT('Ctrl Pts',(11.1620951312641,-22.6609572166334,-7.25787736950863E-5));
#9034=CARTESIAN_POINT('Ctrl Pts',(11.1620951312641,-22.6609572166334,0.49321626261124));
#9035=CARTESIAN_POINT('Ctrl Pts',(11.1620951312641,-22.6609572166334,0.986505103996174));
#9036=CARTESIAN_POINT('Ctrl Pts',(11.1620951312641,-22.6609572166334,1.47979394538111));
#9037=CARTESIAN_POINT('Ctrl Pts',(11.2465321268663,-22.6609572166334,-7.25787736950654E-5));
#9038=CARTESIAN_POINT('Ctrl Pts',(11.2465321268663,-22.6609572166334,0.49321626261124));
#9039=CARTESIAN_POINT('Ctrl Pts',(11.2465321268663,-22.6609572166334,0.986505103996174));
#9040=CARTESIAN_POINT('Ctrl Pts',(11.2465321268663,-22.6609572166334,1.47979394538111));
#9041=CARTESIAN_POINT('Ctrl Pts',(11.3074419043561,-22.689272397411,-7.25787736950445E-5));
#9042=CARTESIAN_POINT('Ctrl Pts',(11.3074419043561,-22.689272397411,0.493216262611239));
#9043=CARTESIAN_POINT('Ctrl Pts',(11.3074419043561,-22.689272397411,0.986505103996175));
#9044=CARTESIAN_POINT('Ctrl Pts',(11.3074419043561,-22.689272397411,1.47979394538111));
#9045=CARTESIAN_POINT('Ctrl Pts',(11.3869331776931,-22.7971053615378,-7.25787736950011E-5));
#9046=CARTESIAN_POINT('Ctrl Pts',(11.3869331776931,-22.7971053615378,0.49321626261124));
#9047=CARTESIAN_POINT('Ctrl Pts',(11.3869331776931,-22.7971053615378,0.986505103996174));
#9048=CARTESIAN_POINT('Ctrl Pts',(11.3869331776931,-22.7971053615378,1.47979394538111));
#9049=CARTESIAN_POINT('Ctrl Pts',(11.4134456209069,-22.8739471487483,-7.25787736949766E-5));
#9050=CARTESIAN_POINT('Ctrl Pts',(11.4134456209069,-22.8739471487483,0.49321626261124));
#9051=CARTESIAN_POINT('Ctrl Pts',(11.4134456209069,-22.8739471487483,0.986505103996174));
#9052=CARTESIAN_POINT('Ctrl Pts',(11.4134456209069,-22.8739471487483,1.47979394538111));
#9053=CARTESIAN_POINT('Ctrl Pts',(11.4311153265547,-23.0388176477813,-7.25787736949363E-5));
#9054=CARTESIAN_POINT('Ctrl Pts',(11.4311153265547,-23.0388176477813,0.49321626261124));
#9055=CARTESIAN_POINT('Ctrl Pts',(11.4311153265547,-23.0388176477813,0.986505103996174));
#9056=CARTESIAN_POINT('Ctrl Pts',(11.4311153265547,-23.0388176477813,1.47979394538111));
#9057=CARTESIAN_POINT('Ctrl Pts',(11.4379881052665,-23.1029453971928,-7.25787736949191E-5));
#9058=CARTESIAN_POINT('Ctrl Pts',(11.4379881052665,-23.1029453971928,0.49321626261124));
#9059=CARTESIAN_POINT('Ctrl Pts',(11.4379881052665,-23.1029453971928,0.986505103996175));
#9060=CARTESIAN_POINT('Ctrl Pts',(11.4379881052665,-23.1029453971928,1.47979394538111));
#9061=CARTESIAN_POINT('Ctrl Pts',(11.4448608839783,-23.1670731466043,-7.25787736949031E-5));
#9062=CARTESIAN_POINT('Ctrl Pts',(11.4448608839783,-23.1670731466043,0.49321626261124));
#9063=CARTESIAN_POINT('Ctrl Pts',(11.4448608839783,-23.1670731466043,0.986505103996175));
#9064=CARTESIAN_POINT('Ctrl Pts',(11.4448608839783,-23.1670731466043,1.47979394538111));
#9065=CARTESIAN_POINT('',(11.1620951312641,-22.6609572166334,1.47979394538111));
#9066=CARTESIAN_POINT('',(11.1620951312641,-22.6609572166334,-0.00849999999998934));
#9067=CARTESIAN_POINT('Ctrl Pts',(11.1620951312641,-22.6609572166334,1.47979394538111));
#9068=CARTESIAN_POINT('Ctrl Pts',(11.2465321268663,-22.6609572166334,1.47979394538111));
#9069=CARTESIAN_POINT('Ctrl Pts',(11.3074419043561,-22.689272397411,1.47979394538111));
#9070=CARTESIAN_POINT('Ctrl Pts',(11.3476601564828,-22.7438300004882,1.47979394538111));
#9071=CARTESIAN_POINT('Ctrl Pts',(11.3869331776931,-22.7971053615378,1.47979394538111));
#9072=CARTESIAN_POINT('Ctrl Pts',(11.4134456209069,-22.8739471487483,1.47979394538111));
#9073=CARTESIAN_POINT('Ctrl Pts',(11.4242425478429,-22.9746898983697,1.47979394538111));
#9074=CARTESIAN_POINT('Ctrl Pts',(11.4311153265547,-23.0388176477813,1.47979394538111));
#9075=CARTESIAN_POINT('Ctrl Pts',(11.4379881052665,-23.1029453971928,1.47979394538111));
#9076=CARTESIAN_POINT('Ctrl Pts',(11.4448608839783,-23.1670731466043,1.47979394538111));
#9077=CARTESIAN_POINT('Origin',(10.4728536090234,-22.6609572166334,-0.00849999999998951));
#9078=CARTESIAN_POINT('',(10.4728536090234,-22.6609572166334,1.47979394538111));
#9079=CARTESIAN_POINT('',(10.4728536090234,-22.6609572166334,-0.00849999999998951));
#9080=CARTESIAN_POINT('',(11.1620951312641,-22.6609572166334,1.47979394538111));
#9081=CARTESIAN_POINT('Origin',(10.4728536090234,-23.6879877879779,-0.00849999999998928));
#9082=CARTESIAN_POINT('',(10.4728536090234,-23.6879877879779,1.47979394538111));
#9083=CARTESIAN_POINT('',(10.4728536090234,-23.6879877879779,-0.00849999999998928));
#9084=CARTESIAN_POINT('',(10.4728536090234,-22.6609572166334,1.47979394538111));
#9085=CARTESIAN_POINT('Origin',(11.4448608839783,-23.6879877879779,-0.00849999999998904));
#9086=CARTESIAN_POINT('',(11.4448608839783,-23.6879877879779,1.47979394538111));
#9087=CARTESIAN_POINT('',(11.4448608839783,-23.6879877879779,-0.00849999999998904));
#9088=CARTESIAN_POINT('',(10.4728536090234,-23.6879877879779,1.47979394538111));
#9089=CARTESIAN_POINT('Origin',(11.4448608839783,-23.9336463972621,-0.00849999999998899));
#9090=CARTESIAN_POINT('',(11.4448608839783,-23.9336463972621,1.47979394538111));
#9091=CARTESIAN_POINT('',(11.4448608839783,-23.9336463972621,-0.00849999999998899));
#9092=CARTESIAN_POINT('',(11.4448608839783,-23.6879877879779,1.47979394538111));
#9093=CARTESIAN_POINT('Origin',(10.4728536090234,-23.9336463972621,-0.00849999999998923));
#9094=CARTESIAN_POINT('',(10.4728536090234,-23.9336463972621,1.47979394538111));
#9095=CARTESIAN_POINT('',(10.4728536090234,-23.9336463972621,-0.00849999999998923));
#9096=CARTESIAN_POINT('',(11.4448608839783,-23.9336463972621,1.47979394538111));
#9097=CARTESIAN_POINT('Origin',(10.4728536090234,-25.09090562895,-0.00849999999998897));
#9098=CARTESIAN_POINT('',(10.4728536090234,-23.9336463972621,1.47979394538111));
#9099=CARTESIAN_POINT('Origin',(-1.55058183450909,-24.3776077393418,1.47979394538111));
#9100=CARTESIAN_POINT('Origin',(13.1444008768539,-22.6520779897918,-0.00849999999998885));
#9101=CARTESIAN_POINT('',(13.1444008768539,-23.8300554174434,-7.25787736942738E-5));
#9102=CARTESIAN_POINT('',(13.1444008768539,-22.6520779897918,-7.25787736946051E-5));
#9103=CARTESIAN_POINT('',(13.1444008768539,3.6739834643591,-7.25787737020081E-5));
#9104=CARTESIAN_POINT('',(13.1444008768539,-23.8300554174434,1.47979394538111));
#9105=CARTESIAN_POINT('',(13.1444008768539,-23.8300554174434,-0.00849999999998859));
#9106=CARTESIAN_POINT('',(13.1444008768539,-22.6520779897918,1.47979394538111));
#9107=CARTESIAN_POINT('',(13.1444008768539,-23.5148428645668,1.47979394538111));
#9108=CARTESIAN_POINT('',(13.1444008768539,-22.6520779897918,-0.00849999999998885));
#9109=CARTESIAN_POINT('Origin',(14.9087413547265,-25.3424837227952,-0.00849999999998781));
#9110=CARTESIAN_POINT('',(14.9087413547265,-25.3424837227952,1.47979394538111));
#9111=CARTESIAN_POINT('',(14.9087413547265,-25.3424837227952,-0.00849999999998781));
#9112=CARTESIAN_POINT('',(14.9087413547265,-25.1234627940359,1.47979394538111));
#9113=CARTESIAN_POINT('',(14.9087413547265,-25.1234627940359,1.47979394538111));
#9114=CARTESIAN_POINT('',(14.9087413547265,-25.1234627940359,-0.00849999999998786));
#9115=CARTESIAN_POINT('Ctrl Pts',(14.9087413547265,-25.1234627940359,-7.25787736935175E-5));
#9116=CARTESIAN_POINT('Ctrl Pts',(14.9087413547265,-25.1234627940359,0.493216262611241));
#9117=CARTESIAN_POINT('Ctrl Pts',(14.9087413547265,-25.1234627940359,0.986505103996176));
#9118=CARTESIAN_POINT('Ctrl Pts',(14.9087413547265,-25.1234627940359,1.47979394538111));
#9119=CARTESIAN_POINT('Ctrl Pts',(14.9038322270752,-25.1234627940359,-7.25787736935187E-5));
#9120=CARTESIAN_POINT('Ctrl Pts',(14.9038322270752,-25.1234627940359,0.493216262611241));
#9121=CARTESIAN_POINT('Ctrl Pts',(14.9038322270752,-25.1234627940359,0.986505103996176));
#9122=CARTESIAN_POINT('Ctrl Pts',(14.9038322270752,-25.1234627940359,1.47979394538111));
#9123=CARTESIAN_POINT('Ctrl Pts',(14.8989230994239,-25.1234627940359,-7.25787736935199E-5));
#9124=CARTESIAN_POINT('Ctrl Pts',(14.8989230994239,-25.1234627940359,0.493216262611241));
#9125=CARTESIAN_POINT('Ctrl Pts',(14.8989230994239,-25.1234627940359,0.986505103996175));
#9126=CARTESIAN_POINT('Ctrl Pts',(14.8989230994239,-25.1234627940359,1.47979394538111));
#9127=CARTESIAN_POINT('Ctrl Pts',(14.8547409505624,-25.1234627940359,-7.25787736935307E-5));
#9128=CARTESIAN_POINT('Ctrl Pts',(14.8547409505624,-25.1234627940359,0.493216262611242));
#9129=CARTESIAN_POINT('Ctrl Pts',(14.8547409505624,-25.1234627940359,0.986505103996176));
#9130=CARTESIAN_POINT('Ctrl Pts',(14.8547409505624,-25.1234627940359,1.47979394538111));
#9131=CARTESIAN_POINT('Ctrl Pts',(14.8184134059428,-25.1175433094748,-7.2578773693541E-5));
#9132=CARTESIAN_POINT('Ctrl Pts',(14.8184134059428,-25.1175433094748,0.493216262611241));
#9133=CARTESIAN_POINT('Ctrl Pts',(14.8184134059428,-25.1175433094748,0.986505103996177));
#9134=CARTESIAN_POINT('Ctrl Pts',(14.8184134059428,-25.1175433094748,1.47979394538111));
#9135=CARTESIAN_POINT('Ctrl Pts',(14.7498977253553,-25.093244184982,-7.25787736935633E-5));
#9136=CARTESIAN_POINT('Ctrl Pts',(14.7498977253553,-25.093244184982,0.493216262611242));
#9137=CARTESIAN_POINT('Ctrl Pts',(14.7498977253553,-25.093244184982,0.986505103996175));
#9138=CARTESIAN_POINT('Ctrl Pts',(14.7498977253553,-25.093244184982,1.47979394538111));
#9139=CARTESIAN_POINT('Ctrl Pts',(14.7144847827683,-25.075124400838,-7.25787736935761E-5));
#9140=CARTESIAN_POINT('Ctrl Pts',(14.7144847827683,-25.075124400838,0.493216262611241));
#9141=CARTESIAN_POINT('Ctrl Pts',(14.7144847827683,-25.075124400838,0.986505103996176));
#9142=CARTESIAN_POINT('Ctrl Pts',(14.7144847827683,-25.075124400838,1.47979394538111));
#9143=CARTESIAN_POINT('Ctrl Pts',(14.6505212402688,-25.0188852334571,-7.25787736936047E-5));
#9144=CARTESIAN_POINT('Ctrl Pts',(14.6505212402688,-25.0188852334571,0.493216262611241));
#9145=CARTESIAN_POINT('Ctrl Pts',(14.6505212402688,-25.0188852334571,0.986505103996176));
#9146=CARTESIAN_POINT('Ctrl Pts',(14.6505212402688,-25.0188852334571,1.47979394538111));
#9147=CARTESIAN_POINT('Ctrl Pts',(14.6181209977703,-24.9843549068509,-7.2578773693621E-5));
#9148=CARTESIAN_POINT('Ctrl Pts',(14.6181209977703,-24.9843549068509,0.493216262611242));
#9149=CARTESIAN_POINT('Ctrl Pts',(14.6181209977703,-24.9843549068509,0.986505103996175));
#9150=CARTESIAN_POINT('Ctrl Pts',(14.6181209977703,-24.9843549068509,1.47979394538111));
#9151=CARTESIAN_POINT('Ctrl Pts',(14.5511289951219,-24.9011992774468,-7.2578773693656E-5));
#9152=CARTESIAN_POINT('Ctrl Pts',(14.5511289951219,-24.9011992774468,0.49321626261124));
#9153=CARTESIAN_POINT('Ctrl Pts',(14.5511289951219,-24.9011992774467,0.986505103996176));
#9154=CARTESIAN_POINT('Ctrl Pts',(14.5511289951219,-24.9011992774467,1.47979394538111));
#9155=CARTESIAN_POINT('Ctrl Pts',(14.5191044364042,-24.8487015900223,-7.25787736936756E-5));
#9156=CARTESIAN_POINT('Ctrl Pts',(14.5191044364042,-24.8487015900223,0.493216262611242));
#9157=CARTESIAN_POINT('Ctrl Pts',(14.5191044364042,-24.8487015900223,0.986505103996175));
#9158=CARTESIAN_POINT('Ctrl Pts',(14.5191044364042,-24.8487015900223,1.47979394538111));
#9159=CARTESIAN_POINT('Ctrl Pts',(14.4845927256553,-24.7890119163358,-7.25787736936974E-5));
#9160=CARTESIAN_POINT('Ctrl Pts',(14.4845927256553,-24.7890119163358,0.493216262611241));
#9161=CARTESIAN_POINT('Ctrl Pts',(14.4845927256553,-24.7890119163358,0.986505103996175));
#9162=CARTESIAN_POINT('Ctrl Pts',(14.4845927256553,-24.7890119163358,1.47979394538111));
#9163=CARTESIAN_POINT('',(14.4845927256553,-24.7890119163358,1.47979394538111));
#9164=CARTESIAN_POINT('Ctrl Pts',(14.9087413547265,-25.1234627940359,1.47979394538111));
#9165=CARTESIAN_POINT('Ctrl Pts',(14.9038322270752,-25.1234627940359,1.47979394538111));
#9166=CARTESIAN_POINT('Ctrl Pts',(14.8989230994239,-25.1234627940359,1.47979394538111));
#9167=CARTESIAN_POINT('Ctrl Pts',(14.8940139717726,-25.1234627940359,1.47979394538111));
#9168=CARTESIAN_POINT('Ctrl Pts',(14.8547409505623,-25.1234627940359,1.47979394538111));
#9169=CARTESIAN_POINT('Ctrl Pts',(14.8184134059428,-25.1175433094748,1.47979394538111));
#9170=CARTESIAN_POINT('Ctrl Pts',(14.7850313379141,-25.1057043403527,1.47979394538111));
#9171=CARTESIAN_POINT('Ctrl Pts',(14.7498977253553,-25.093244184982,1.47979394538111));
#9172=CARTESIAN_POINT('Ctrl Pts',(14.7144847827683,-25.075124400838,1.47979394538111));
#9173=CARTESIAN_POINT('Ctrl Pts',(14.681939657237,-25.046509494742,1.47979394538111));
#9174=CARTESIAN_POINT('Ctrl Pts',(14.6505212402688,-25.0188852334571,1.47979394538111));
#9175=CARTESIAN_POINT('Ctrl Pts',(14.6181209977703,-24.9843549068509,1.47979394538111));
#9176=CARTESIAN_POINT('Ctrl Pts',(14.5847389297416,-24.9429185149234,1.47979394538111));
#9177=CARTESIAN_POINT('Ctrl Pts',(14.5511289951219,-24.9011992774468,1.47979394538111));
#9178=CARTESIAN_POINT('Ctrl Pts',(14.5191044364042,-24.8487015900223,1.47979394538111));
#9179=CARTESIAN_POINT('Ctrl Pts',(14.4845927256553,-24.7890119163358,1.47979394538111));
#9180=CARTESIAN_POINT('',(14.4845927256553,-24.7890119163358,-0.00849999999998804));
#9181=CARTESIAN_POINT('Origin',(14.4845927256553,-24.7890119163358,-0.00849999999998804));
#9182=CARTESIAN_POINT('',(13.9985890881779,-23.9484451086647,1.47979394538111));
#9183=CARTESIAN_POINT('',(13.9985890881779,-23.9484451086647,1.47979394538111));
#9184=CARTESIAN_POINT('',(13.9985890881779,-23.9484451086647,-0.00849999999998835));
#9185=CARTESIAN_POINT('Ctrl Pts',(13.9985890881779,-23.9484451086647,-7.25787736941246E-5));
#9186=CARTESIAN_POINT('Ctrl Pts',(13.9985890881779,-23.9484451086647,0.493216262611241));
#9187=CARTESIAN_POINT('Ctrl Pts',(13.9985890881779,-23.9484451086647,0.986505103996175));
#9188=CARTESIAN_POINT('Ctrl Pts',(13.9985890881779,-23.9484451086647,1.47979394538111));
#9189=CARTESIAN_POINT('Ctrl Pts',(14.0673168752959,-23.9208208473798,-7.25787736941138E-5));
#9190=CARTESIAN_POINT('Ctrl Pts',(14.0673168752959,-23.9208208473798,0.49321626261124));
#9191=CARTESIAN_POINT('Ctrl Pts',(14.0673168752959,-23.9208208473798,0.986505103996176));
#9192=CARTESIAN_POINT('Ctrl Pts',(14.0673168752959,-23.9208208473798,1.47979394538111));
#9193=CARTESIAN_POINT('Ctrl Pts',(14.1350628368837,-23.8853039400134,-7.25787736941046E-5));
#9194=CARTESIAN_POINT('Ctrl Pts',(14.1350628368837,-23.8853039400134,0.493216262611241));
#9195=CARTESIAN_POINT('Ctrl Pts',(14.1350628368837,-23.8853039400134,0.986505103996175));
#9196=CARTESIAN_POINT('Ctrl Pts',(14.1350628368837,-23.8853039400134,1.47979394538111));
#9197=CARTESIAN_POINT('Ctrl Pts',(14.2672131085422,-23.7993807989461,-7.2578773694091E-5));
#9198=CARTESIAN_POINT('Ctrl Pts',(14.2672131085422,-23.7993807989461,0.49321626261124));
#9199=CARTESIAN_POINT('Ctrl Pts',(14.2672131085422,-23.7993807989461,0.986505103996176));
#9200=CARTESIAN_POINT('Ctrl Pts',(14.2672131085422,-23.7993807989461,1.47979394538111));
#9201=CARTESIAN_POINT('Ctrl Pts',(14.3255369897536,-23.7452094720682,-7.25787736940887E-5));
#9202=CARTESIAN_POINT('Ctrl Pts',(14.3255369897536,-23.7452094720682,0.493216262611241));
#9203=CARTESIAN_POINT('Ctrl Pts',(14.3255369897536,-23.7452094720682,0.986505103996175));
#9204=CARTESIAN_POINT('Ctrl Pts',(14.3255369897536,-23.7452094720682,1.47979394538111));
#9205=CARTESIAN_POINT('Ctrl Pts',(14.4315741470214,-23.6189271347655,-7.25787736940906E-5));
#9206=CARTESIAN_POINT('Ctrl Pts',(14.4315741470214,-23.6189271347655,0.493216262611241));
#9207=CARTESIAN_POINT('Ctrl Pts',(14.4315741470214,-23.6189271347655,0.986505103996175));
#9208=CARTESIAN_POINT('Ctrl Pts',(14.4315741470214,-23.6189271347655,1.47979394538111));
#9209=CARTESIAN_POINT('Ctrl Pts',(14.4737926448225,-23.5449335777522,-7.25787736940966E-5));
#9210=CARTESIAN_POINT('Ctrl Pts',(14.4737926448225,-23.5449335777522,0.49321626261124));
#9211=CARTESIAN_POINT('Ctrl Pts',(14.4737926448225,-23.5449335777522,0.986505103996175));
#9212=CARTESIAN_POINT('Ctrl Pts',(14.4737926448225,-23.5449335777522,1.47979394538111));
#9213=CARTESIAN_POINT('Ctrl Pts',(14.5368747936769,-23.374579210081,-7.25787736941192E-5));
#9214=CARTESIAN_POINT('Ctrl Pts',(14.5368747936769,-23.374579210081,0.493216262611241));
#9215=CARTESIAN_POINT('Ctrl Pts',(14.5368747936769,-23.374579210081,0.986505103996175));
#9216=CARTESIAN_POINT('Ctrl Pts',(14.5368747936769,-23.374579210081,1.47979394538111));
#9217=CARTESIAN_POINT('Ctrl Pts',(14.5552841638338,-23.2795433532645,-7.25787736941359E-5));
#9218=CARTESIAN_POINT('Ctrl Pts',(14.5552841638338,-23.2795433532645,0.493216262611241));
#9219=CARTESIAN_POINT('Ctrl Pts',(14.5552841638338,-23.2795433532645,0.986505103996174));
#9220=CARTESIAN_POINT('Ctrl Pts',(14.5552841638338,-23.2795433532645,1.47979394538111));
#9221=CARTESIAN_POINT('Ctrl Pts',(14.5552841638338,-22.9243742796007,-7.25787736942153E-5));
#9222=CARTESIAN_POINT('Ctrl Pts',(14.5552841638338,-22.9243742796007,0.49321626261124));
#9223=CARTESIAN_POINT('Ctrl Pts',(14.5552841638338,-22.9243742796007,0.986505103996176));
#9224=CARTESIAN_POINT('Ctrl Pts',(14.5552841638338,-22.9243742796007,1.47979394538111));
#9225=CARTESIAN_POINT('Ctrl Pts',(14.4649562150501,-22.7349507736466,-7.25787736942796E-5));
#9226=CARTESIAN_POINT('Ctrl Pts',(14.4649562150501,-22.7349507736466,0.493216262611241));
#9227=CARTESIAN_POINT('Ctrl Pts',(14.4649562150501,-22.7349507736467,0.986505103996175));
#9228=CARTESIAN_POINT('Ctrl Pts',(14.4649562150501,-22.7349507736467,1.47979394538111));
#9229=CARTESIAN_POINT('Ctrl Pts',(14.1036444199154,-22.4744934529598,-7.25787736944274E-5));
#9230=CARTESIAN_POINT('Ctrl Pts',(14.1036444199154,-22.4744934529598,0.49321626261124));
#9231=CARTESIAN_POINT('Ctrl Pts',(14.1036444199154,-22.4744934529598,0.986505103996175));
#9232=CARTESIAN_POINT('Ctrl Pts',(14.1036444199154,-22.4744934529598,1.47979394538111));
#9233=CARTESIAN_POINT('Ctrl Pts',(13.819896841671,-22.4093791227881,-7.25787736945117E-5));
#9234=CARTESIAN_POINT('Ctrl Pts',(13.819896841671,-22.4093791227881,0.49321626261124));
#9235=CARTESIAN_POINT('Ctrl Pts',(13.819896841671,-22.4093791227881,0.986505103996176));
#9236=CARTESIAN_POINT('Ctrl Pts',(13.819896841671,-22.4093791227881,1.47979394538111));
#9237=CARTESIAN_POINT('Ctrl Pts',(12.9941815707245,-22.4093791227881,-7.25787736947156E-5));
#9238=CARTESIAN_POINT('Ctrl Pts',(12.9941815707245,-22.4093791227881,0.49321626261124));
#9239=CARTESIAN_POINT('Ctrl Pts',(12.9941815707245,-22.4093791227881,0.986505103996174));
#9240=CARTESIAN_POINT('Ctrl Pts',(12.9941815707245,-22.4093791227881,1.47979394538111));
#9241=CARTESIAN_POINT('Ctrl Pts',(12.5553055586994,-22.4093791227881,-7.25787736948237E-5));
#9242=CARTESIAN_POINT('Ctrl Pts',(12.5553055586994,-22.4093791227881,0.49321626261124));
#9243=CARTESIAN_POINT('Ctrl Pts',(12.5553055586994,-22.4093791227881,0.986505103996175));
#9244=CARTESIAN_POINT('Ctrl Pts',(12.5553055586994,-22.4093791227881,1.47979394538111));
#9245=CARTESIAN_POINT('Ctrl Pts',(12.1164295466744,-22.4093791227881,-7.25787736949323E-5));
#9246=CARTESIAN_POINT('Ctrl Pts',(12.1164295466744,-22.4093791227881,0.49321626261124));
#9247=CARTESIAN_POINT('Ctrl Pts',(12.1164295466744,-22.4093791227881,0.986505103996174));
#9248=CARTESIAN_POINT('Ctrl Pts',(12.1164295466744,-22.4093791227881,1.47979394538111));
#9249=CARTESIAN_POINT('',(12.1164295466744,-22.4093791227881,1.47979394538111));
#9250=CARTESIAN_POINT('Ctrl Pts',(13.9985890881779,-23.9484451086647,1.47979394538111));
#9251=CARTESIAN_POINT('Ctrl Pts',(14.0673168752959,-23.9208208473798,1.47979394538111));
#9252=CARTESIAN_POINT('Ctrl Pts',(14.1350628368836,-23.8853039400134,1.47979394538111));
#9253=CARTESIAN_POINT('Ctrl Pts',(14.2018269729412,-23.8418943865656,1.47979394538111));
#9254=CARTESIAN_POINT('Ctrl Pts',(14.2672131085422,-23.7993807989461,1.47979394538111));
#9255=CARTESIAN_POINT('Ctrl Pts',(14.3255369897536,-23.7452094720682,1.47979394538111));
#9256=CARTESIAN_POINT('Ctrl Pts',(14.3785555683875,-23.6820683034169,1.47979394538111));
#9257=CARTESIAN_POINT('Ctrl Pts',(14.4315741470214,-23.6189271347655,1.47979394538111));
#9258=CARTESIAN_POINT('Ctrl Pts',(14.4737926448225,-23.5449335777522,1.47979394538111));
#9259=CARTESIAN_POINT('Ctrl Pts',(14.5052110617907,-23.460087632377,1.47979394538111));
#9260=CARTESIAN_POINT('Ctrl Pts',(14.5368747936769,-23.374579210081,1.47979394538111));
#9261=CARTESIAN_POINT('Ctrl Pts',(14.5552841638338,-23.2795433532645,1.47979394538111));
#9262=CARTESIAN_POINT('Ctrl Pts',(14.5552841638338,-23.1729926311654,1.47979394538111));
#9263=CARTESIAN_POINT('Ctrl Pts',(14.5552841638338,-22.9243742796007,1.47979394538111));
#9264=CARTESIAN_POINT('Ctrl Pts',(14.4649562150501,-22.7349507736467,1.47979394538111));
#9265=CARTESIAN_POINT('Ctrl Pts',(14.2843003174828,-22.6047221133032,1.47979394538111));
#9266=CARTESIAN_POINT('Ctrl Pts',(14.1036444199154,-22.4744934529598,1.47979394538111));
#9267=CARTESIAN_POINT('Ctrl Pts',(13.819896841671,-22.4093791227881,1.47979394538111));
#9268=CARTESIAN_POINT('Ctrl Pts',(13.4330575827496,-22.4093791227881,1.47979394538111));
#9269=CARTESIAN_POINT('Ctrl Pts',(12.9941815707245,-22.4093791227881,1.47979394538111));
#9270=CARTESIAN_POINT('Ctrl Pts',(12.5553055586994,-22.4093791227881,1.47979394538111));
#9271=CARTESIAN_POINT('Ctrl Pts',(12.1164295466744,-22.4093791227881,1.47979394538111));
#9272=CARTESIAN_POINT('',(12.1164295466744,-22.4093791227881,-0.00849999999998916));
#9273=CARTESIAN_POINT('Origin',(12.1164295466744,-22.4093791227881,-0.00849999999998916));
#9274=CARTESIAN_POINT('',(12.1164295466744,-22.6284000515475,1.47979394538111));
#9275=CARTESIAN_POINT('',(12.1164295466744,-22.6284000515475,1.47979394538111));
#9276=CARTESIAN_POINT('',(12.1164295466744,-22.6284000515475,-0.00849999999998911));
#9277=CARTESIAN_POINT('Ctrl Pts',(12.1164295466744,-22.6284000515475,-7.25787736948651E-5));
#9278=CARTESIAN_POINT('Ctrl Pts',(12.1164295466744,-22.6284000515475,0.49321626261124));
#9279=CARTESIAN_POINT('Ctrl Pts',(12.1164295466744,-22.6284000515475,0.986505103996175));
#9280=CARTESIAN_POINT('Ctrl Pts',(12.1164295466744,-22.6284000515475,1.47979394538111));
#9281=CARTESIAN_POINT('Ctrl Pts',(12.1733754274293,-22.6284000515475,-7.2578773694851E-5));
#9282=CARTESIAN_POINT('Ctrl Pts',(12.1733754274293,-22.6284000515475,0.49321626261124));
#9283=CARTESIAN_POINT('Ctrl Pts',(12.1733754274293,-22.6284000515475,0.986505103996175));
#9284=CARTESIAN_POINT('Ctrl Pts',(12.1733754274293,-22.6284000515475,1.47979394538111));
#9285=CARTESIAN_POINT('Ctrl Pts',(12.2303213081842,-22.6284000515475,-7.25787736948375E-5));
#9286=CARTESIAN_POINT('Ctrl Pts',(12.2303213081842,-22.6284000515475,0.49321626261124));
#9287=CARTESIAN_POINT('Ctrl Pts',(12.2303213081842,-22.6284000515475,0.986505103996175));
#9288=CARTESIAN_POINT('Ctrl Pts',(12.2303213081842,-22.6284000515475,1.47979394538111));
#9289=CARTESIAN_POINT('Ctrl Pts',(12.3147583037864,-22.6284000515475,-7.25787736948162E-5));
#9290=CARTESIAN_POINT('Ctrl Pts',(12.3147583037864,-22.6284000515475,0.49321626261124));
#9291=CARTESIAN_POINT('Ctrl Pts',(12.3147583037864,-22.6284000515475,0.986505103996175));
#9292=CARTESIAN_POINT('Ctrl Pts',(12.3147583037864,-22.6284000515475,1.47979394538111));
#9293=CARTESIAN_POINT('Ctrl Pts',(12.3412675931033,-22.631359793828,-7.25787736948088E-5));
#9294=CARTESIAN_POINT('Ctrl Pts',(12.3412675931033,-22.631359793828,0.49321626261124));
#9295=CARTESIAN_POINT('Ctrl Pts',(12.3412675931033,-22.631359793828,0.986505103996174));
#9296=CARTESIAN_POINT('Ctrl Pts',(12.3412675931033,-22.631359793828,1.47979394538111));
#9297=CARTESIAN_POINT('Ctrl Pts',(12.3923225206767,-22.6431987629502,-7.25787736947939E-5));
#9298=CARTESIAN_POINT('Ctrl Pts',(12.3923225206767,-22.6431987629502,0.49321626261124));
#9299=CARTESIAN_POINT('Ctrl Pts',(12.3923225206767,-22.6431987629502,0.986505103996176));
#9300=CARTESIAN_POINT('Ctrl Pts',(12.3923225206767,-22.6431987629502,1.47979394538111));
#9301=CARTESIAN_POINT('Ctrl Pts',(12.4139118520364,-22.6562129227766,-7.25787736947857E-5));
#9302=CARTESIAN_POINT('Ctrl Pts',(12.4139118520364,-22.6562129227766,0.49321626261124));
#9303=CARTESIAN_POINT('Ctrl Pts',(12.4139118520364,-22.6562129227766,0.986505103996175));
#9304=CARTESIAN_POINT('Ctrl Pts',(12.4139118520364,-22.6562129227766,1.47979394538111));
#9305=CARTESIAN_POINT('Ctrl Pts',(12.4541775290829,-22.6885814779183,-7.25787736947686E-5));
#9306=CARTESIAN_POINT('Ctrl Pts',(12.4541775290829,-22.6885814779183,0.49321626261124));
#9307=CARTESIAN_POINT('Ctrl Pts',(12.4541775290829,-22.6885814779183,0.986505103996175));
#9308=CARTESIAN_POINT('Ctrl Pts',(12.4541775290829,-22.6885814779183,1.47979394538111));
#9309=CARTESIAN_POINT('Ctrl Pts',(12.469886737567,-22.7132459969228,-7.25787736947586E-5));
#9310=CARTESIAN_POINT('Ctrl Pts',(12.469886737567,-22.7132459969228,0.493216262611239));
#9311=CARTESIAN_POINT('Ctrl Pts',(12.469886737567,-22.7132459969228,0.986505103996175));
#9312=CARTESIAN_POINT('Ctrl Pts',(12.469886737567,-22.7132459969228,1.47979394538111));
#9313=CARTESIAN_POINT('Ctrl Pts',(12.4934505502932,-22.7803334886148,-7.2578773694738E-5));
#9314=CARTESIAN_POINT('Ctrl Pts',(12.4934505502932,-22.7803334886148,0.49321626261124));
#9315=CARTESIAN_POINT('Ctrl Pts',(12.4934505502932,-22.7803334886148,0.986505103996175));
#9316=CARTESIAN_POINT('Ctrl Pts',(12.4934505502932,-22.7803334886148,1.47979394538111));
#9317=CARTESIAN_POINT('Ctrl Pts',(12.4993415034748,-22.8237430420626,-7.25787736947263E-5));
#9318=CARTESIAN_POINT('Ctrl Pts',(12.4993415034748,-22.8237430420626,0.49321626261124));
#9319=CARTESIAN_POINT('Ctrl Pts',(12.4993415034748,-22.8237430420626,0.986505103996175));
#9320=CARTESIAN_POINT('Ctrl Pts',(12.4993415034748,-22.8237430420626,1.47979394538111));
#9321=CARTESIAN_POINT('Ctrl Pts',(12.4993415034748,-22.8770184031122,-7.25787736947144E-5));
#9322=CARTESIAN_POINT('Ctrl Pts',(12.4993415034748,-22.8770184031122,0.49321626261124));
#9323=CARTESIAN_POINT('Ctrl Pts',(12.4993415034748,-22.8770184031122,0.986505103996175));
#9324=CARTESIAN_POINT('Ctrl Pts',(12.4993415034748,-22.8770184031122,1.47979394538111));
#9325=CARTESIAN_POINT('',(12.4993415034748,-22.8770184031122,1.47979394538111));
#9326=CARTESIAN_POINT('Ctrl Pts',(12.1164295466744,-22.6284000515475,1.47979394538111));
#9327=CARTESIAN_POINT('Ctrl Pts',(12.1733754274293,-22.6284000515475,1.47979394538111));
#9328=CARTESIAN_POINT('Ctrl Pts',(12.2303213081842,-22.6284000515475,1.47979394538111));
#9329=CARTESIAN_POINT('Ctrl Pts',(12.2872671889392,-22.6284000515475,1.47979394538111));
#9330=CARTESIAN_POINT('Ctrl Pts',(12.3147583037864,-22.6284000515475,1.47979394538111));
#9331=CARTESIAN_POINT('Ctrl Pts',(12.3412675931033,-22.631359793828,1.47979394538111));
#9332=CARTESIAN_POINT('Ctrl Pts',(12.36679505689,-22.6372792783891,1.47979394538111));
#9333=CARTESIAN_POINT('Ctrl Pts',(12.3923225206767,-22.6431987629502,1.47979394538111));
#9334=CARTESIAN_POINT('Ctrl Pts',(12.4139118520364,-22.6562129227766,1.47979394538111));
#9335=CARTESIAN_POINT('Ctrl Pts',(12.4345410184778,-22.6727961857555,1.47979394538111));
#9336=CARTESIAN_POINT('Ctrl Pts',(12.4541775290829,-22.6885814779183,1.47979394538111));
#9337=CARTESIAN_POINT('Ctrl Pts',(12.469886737567,-22.7132459969228,1.47979394538111));
#9338=CARTESIAN_POINT('Ctrl Pts',(12.4816686439301,-22.7467897427688,1.47979394538111));
#9339=CARTESIAN_POINT('Ctrl Pts',(12.4934505502932,-22.7803334886148,1.47979394538111));
#9340=CARTESIAN_POINT('Ctrl Pts',(12.4993415034748,-22.8237430420626,1.47979394538111));
#9341=CARTESIAN_POINT('Ctrl Pts',(12.4993415034748,-22.8770184031122,1.47979394538111));
#9342=CARTESIAN_POINT('',(12.4993415034748,-22.8770184031122,-0.00849999999998896));
#9343=CARTESIAN_POINT('Origin',(12.4993415034748,-22.8770184031122,-0.00849999999998896));
#9344=CARTESIAN_POINT('',(12.4993415034748,-24.8807639270323,1.47979394538111));
#9345=CARTESIAN_POINT('',(12.4993415034748,-24.8807639270323,1.47979394538111));
#9346=CARTESIAN_POINT('',(12.4993415034748,-24.8807639270323,-0.00849999999998852));
#9347=CARTESIAN_POINT('Ctrl Pts',(13.1444008768539,-23.8300554174434,-7.25787736943436E-5));
#9348=CARTESIAN_POINT('Ctrl Pts',(13.1444008768539,-23.8300554174434,0.49321626261124));
#9349=CARTESIAN_POINT('Ctrl Pts',(13.1444008768539,-23.8300554174434,0.986505103996175));
#9350=CARTESIAN_POINT('Ctrl Pts',(13.1444008768539,-23.8300554174434,1.47979394538111));
#9351=CARTESIAN_POINT('Ctrl Pts',(13.2200014426837,-23.8300554174434,-7.25787736943249E-5));
#9352=CARTESIAN_POINT('Ctrl Pts',(13.2200014426837,-23.8300554174434,0.49321626261124));
#9353=CARTESIAN_POINT('Ctrl Pts',(13.2200014426837,-23.8300554174434,0.986505103996175));
#9354=CARTESIAN_POINT('Ctrl Pts',(13.2200014426837,-23.8300554174434,1.47979394538111));
#9355=CARTESIAN_POINT('Ctrl Pts',(13.2956020085135,-23.8300554174434,-7.2578773694306E-5));
#9356=CARTESIAN_POINT('Ctrl Pts',(13.2956020085135,-23.8300554174434,0.493216262611241));
#9357=CARTESIAN_POINT('Ctrl Pts',(13.2956020085135,-23.8300554174434,0.986505103996174));
#9358=CARTESIAN_POINT('Ctrl Pts',(13.2956020085135,-23.8300554174434,1.47979394538111));
#9359=CARTESIAN_POINT('Ctrl Pts',(13.4674214763086,-23.8300554174434,-7.25787736942633E-5));
#9360=CARTESIAN_POINT('Ctrl Pts',(13.4674214763086,-23.8300554174434,0.49321626261124));
#9361=CARTESIAN_POINT('Ctrl Pts',(13.4674214763086,-23.8300554174434,0.986505103996176));
#9362=CARTESIAN_POINT('Ctrl Pts',(13.4674214763086,-23.8300554174434,1.47979394538111));
#9363=CARTESIAN_POINT('Ctrl Pts',(13.5469493442594,-23.8182164483213,-7.25787736942462E-5));
#9364=CARTESIAN_POINT('Ctrl Pts',(13.5469493442594,-23.8182164483213,0.493216262611241));
#9365=CARTESIAN_POINT('Ctrl Pts',(13.5469493442594,-23.8182164483213,0.986505103996174));
#9366=CARTESIAN_POINT('Ctrl Pts',(13.5469493442594,-23.8182164483213,1.47979394538111));
#9367=CARTESIAN_POINT('Ctrl Pts',(13.6732919348996,-23.7706085108842,-7.25787736942252E-5));
#9368=CARTESIAN_POINT('Ctrl Pts',(13.6732919348996,-23.7706085108842,0.49321626261124));
#9369=CARTESIAN_POINT('Ctrl Pts',(13.6732919348996,-23.7706085108842,0.986505103996176));
#9370=CARTESIAN_POINT('Ctrl Pts',(13.6732919348996,-23.7706085108842,1.47979394538111));
#9371=CARTESIAN_POINT('Ctrl Pts',(13.7226961141755,-23.7304107606656,-7.25787736942228E-5));
#9372=CARTESIAN_POINT('Ctrl Pts',(13.7226961141755,-23.7304107606656,0.493216262611241));
#9373=CARTESIAN_POINT('Ctrl Pts',(13.7226961141755,-23.7304107606655,0.986505103996175));
#9374=CARTESIAN_POINT('Ctrl Pts',(13.7226961141755,-23.7304107606655,1.47979394538111));
#9375=CARTESIAN_POINT('Ctrl Pts',(13.7970983572693,-23.6281040558004,-7.25787736942269E-5));
#9376=CARTESIAN_POINT('Ctrl Pts',(13.7970983572693,-23.6281040558004,0.49321626261124));
#9377=CARTESIAN_POINT('Ctrl Pts',(13.7970983572693,-23.6281040558004,0.986505103996175));
#9378=CARTESIAN_POINT('Ctrl Pts',(13.7970983572693,-23.6281040558004,1.47979394538111));
#9379=CARTESIAN_POINT('Ctrl Pts',(13.8267696203828,-23.5676249352363,-7.25787736942339E-5));
#9380=CARTESIAN_POINT('Ctrl Pts',(13.8267696203828,-23.5676249352363,0.493216262611241));
#9381=CARTESIAN_POINT('Ctrl Pts',(13.8267696203828,-23.5676249352363,0.986505103996175));
#9382=CARTESIAN_POINT('Ctrl Pts',(13.8267696203828,-23.5676249352363,1.47979394538111));
#9383=CARTESIAN_POINT('Ctrl Pts',(13.8586702470096,-23.415363070359,-7.25787736942585E-5));
#9384=CARTESIAN_POINT('Ctrl Pts',(13.8586702470096,-23.415363070359,0.49321626261124));
#9385=CARTESIAN_POINT('Ctrl Pts',(13.8586702470096,-23.415363070359,0.986505103996175));
#9386=CARTESIAN_POINT('Ctrl Pts',(13.8586702470096,-23.415363070359,1.47979394538111));
#9387=CARTESIAN_POINT('Ctrl Pts',(13.8689881181839,-23.3268992297531,-7.25787736942767E-5));
#9388=CARTESIAN_POINT('Ctrl Pts',(13.8689881181839,-23.3268992297531,0.493216262611241));
#9389=CARTESIAN_POINT('Ctrl Pts',(13.8689881181839,-23.326899229753,0.986505103996175));
#9390=CARTESIAN_POINT('Ctrl Pts',(13.8689881181839,-23.326899229753,1.47979394538111));
#9391=CARTESIAN_POINT('Ctrl Pts',(13.8689881181839,-23.1236635931565,-7.25787736943213E-5));
#9392=CARTESIAN_POINT('Ctrl Pts',(13.8689881181839,-23.1236635931565,0.49321626261124));
#9393=CARTESIAN_POINT('Ctrl Pts',(13.8689881181839,-23.1236635931565,0.986505103996175));
#9394=CARTESIAN_POINT('Ctrl Pts',(13.8689881181839,-23.1236635931565,1.47979394538111));
#9395=CARTESIAN_POINT('Ctrl Pts',(13.8591698628813,-23.0358579055007,-7.25787736943437E-5));
#9396=CARTESIAN_POINT('Ctrl Pts',(13.8591698628813,-23.0358579055007,0.493216262611241));
#9397=CARTESIAN_POINT('Ctrl Pts',(13.8591698628813,-23.0358579055007,0.986505103996173));
#9398=CARTESIAN_POINT('Ctrl Pts',(13.8591698628813,-23.0358579055007,1.47979394538111));
#9399=CARTESIAN_POINT('Ctrl Pts',(13.8200242439727,-22.8903176245649,-7.25787736943866E-5));
#9400=CARTESIAN_POINT('Ctrl Pts',(13.8200242439727,-22.8903176245649,0.49321626261124));
#9401=CARTESIAN_POINT('Ctrl Pts',(13.8200242439727,-22.8903176245649,0.986505103996176));
#9402=CARTESIAN_POINT('Ctrl Pts',(13.8200242439727,-22.8903176245649,1.47979394538111));
#9403=CARTESIAN_POINT('Ctrl Pts',(13.7924057268238,-22.8306491073838,-7.25787736944066E-5));
#9404=CARTESIAN_POINT('Ctrl Pts',(13.7924057268238,-22.8306491073838,0.49321626261124));
#9405=CARTESIAN_POINT('Ctrl Pts',(13.7924057268238,-22.8306491073838,0.986505103996175));
#9406=CARTESIAN_POINT('Ctrl Pts',(13.7924057268238,-22.8306491073838,1.47979394538111));
#9407=CARTESIAN_POINT('Ctrl Pts',(13.7108132880029,-22.7408531517294,-7.25787736944469E-5));
#9408=CARTESIAN_POINT('Ctrl Pts',(13.7108132880029,-22.7408531517294,0.49321626261124));
#9409=CARTESIAN_POINT('Ctrl Pts',(13.7108132880029,-22.7408531517294,0.986505103996175));
#9410=CARTESIAN_POINT('Ctrl Pts',(13.7108132880029,-22.7408531517294,1.47979394538111));
#9411=CARTESIAN_POINT('Ctrl Pts',(13.6596545886075,-22.7069475023412,-7.25787736944663E-5));
#9412=CARTESIAN_POINT('Ctrl Pts',(13.6596545886075,-22.7069475023412,0.493216262611241));
#9413=CARTESIAN_POINT('Ctrl Pts',(13.6596545886075,-22.7069475023412,0.986505103996176));
#9414=CARTESIAN_POINT('Ctrl Pts',(13.6596545886075,-22.7069475023412,1.47979394538111));
#9415=CARTESIAN_POINT('Ctrl Pts',(13.5322219613056,-22.6629303781537,-7.25787736945082E-5));
#9416=CARTESIAN_POINT('Ctrl Pts',(13.5322219613056,-22.6629303781537,0.49321626261124));
#9417=CARTESIAN_POINT('Ctrl Pts',(13.5322219613056,-22.6629303781537,0.986505103996175));
#9418=CARTESIAN_POINT('Ctrl Pts',(13.5322219613056,-22.6629303781537,1.47979394538111));
#9419=CARTESIAN_POINT('Ctrl Pts',(13.4556395699455,-22.6520779897918,-7.25787736945299E-5));
#9420=CARTESIAN_POINT('Ctrl Pts',(13.4556395699455,-22.6520779897918,0.49321626261124));
#9421=CARTESIAN_POINT('Ctrl Pts',(13.4556395699455,-22.6520779897918,0.986505103996175));
#9422=CARTESIAN_POINT('Ctrl Pts',(13.4556395699455,-22.6520779897918,1.47979394538111));
#9423=CARTESIAN_POINT('Ctrl Pts',(13.2916747063925,-22.6520779897918,-7.25787736945715E-5));
#9424=CARTESIAN_POINT('Ctrl Pts',(13.2916747063925,-22.6520779897918,0.49321626261124));
#9425=CARTESIAN_POINT('Ctrl Pts',(13.2916747063925,-22.6520779897918,0.986505103996175));
#9426=CARTESIAN_POINT('Ctrl Pts',(13.2916747063925,-22.6520779897918,1.47979394538111));
#9427=CARTESIAN_POINT('Ctrl Pts',(13.2180377916232,-22.6520779897918,-7.25787736945899E-5));
#9428=CARTESIAN_POINT('Ctrl Pts',(13.2180377916232,-22.6520779897918,0.49321626261124));
#9429=CARTESIAN_POINT('Ctrl Pts',(13.2180377916232,-22.6520779897918,0.986505103996175));
#9430=CARTESIAN_POINT('Ctrl Pts',(13.2180377916232,-22.6520779897918,1.47979394538111));
#9431=CARTESIAN_POINT('Ctrl Pts',(13.1444008768539,-22.6520779897918,-7.25787736946082E-5));
#9432=CARTESIAN_POINT('Ctrl Pts',(13.1444008768539,-22.6520779897918,0.49321626261124));
#9433=CARTESIAN_POINT('Ctrl Pts',(13.1444008768539,-22.6520779897918,0.986505103996175));
#9434=CARTESIAN_POINT('Ctrl Pts',(13.1444008768539,-22.6520779897918,1.47979394538111));
#9435=CARTESIAN_POINT('Ctrl Pts',(13.1444008768539,-22.6520779897918,-7.25787736946051E-5));
#9436=CARTESIAN_POINT('Ctrl Pts',(13.2180377916232,-22.6520779897918,-7.25787736945868E-5));
#9437=CARTESIAN_POINT('Ctrl Pts',(13.2916747063925,-22.6520779897918,-7.25787736945684E-5));
#9438=CARTESIAN_POINT('Ctrl Pts',(13.3653116211618,-22.6520779897918,-7.25787736945497E-5));
#9439=CARTESIAN_POINT('Ctrl Pts',(13.4556395699455,-22.6520779897918,-7.25787736945267E-5));
#9440=CARTESIAN_POINT('Ctrl Pts',(13.5322219613056,-22.6629303781537,-7.2578773694504E-5));
#9441=CARTESIAN_POINT('Ctrl Pts',(13.5950587952421,-22.6846351548776,-7.25787736944834E-5));
#9442=CARTESIAN_POINT('Ctrl Pts',(13.6596545886075,-22.7069475023412,-7.25787736944623E-5));
#9443=CARTESIAN_POINT('Ctrl Pts',(13.7108132880029,-22.7408531517294,-7.25787736944438E-5));
#9444=CARTESIAN_POINT('Ctrl Pts',(13.751169054553,-22.7852663924157,-7.25787736944238E-5));
#9445=CARTESIAN_POINT('Ctrl Pts',(13.7924057268238,-22.8306491073838,-7.25787736944034E-5));
#9446=CARTESIAN_POINT('Ctrl Pts',(13.8200242439727,-22.8903176245649,-7.25787736943835E-5));
#9447=CARTESIAN_POINT('Ctrl Pts',(13.8395333522762,-22.9628509292476,-7.25787736943621E-5));
#9448=CARTESIAN_POINT('Ctrl Pts',(13.8591698628813,-23.0358579055007,-7.25787736943406E-5));
#9449=CARTESIAN_POINT('Ctrl Pts',(13.8689881181839,-23.1236635931565,-7.25787736943191E-5));
#9450=CARTESIAN_POINT('Ctrl Pts',(13.8689881181839,-23.226267992215,-7.25787736942967E-5));
#9451=CARTESIAN_POINT('Ctrl Pts',(13.8689881181839,-23.3268992297531,-7.25787736942747E-5));
#9452=CARTESIAN_POINT('Ctrl Pts',(13.8586702470096,-23.415363070359,-7.25787736942554E-5));
#9453=CARTESIAN_POINT('Ctrl Pts',(13.8424788288669,-23.4926447974628,-7.25787736942429E-5));
#9454=CARTESIAN_POINT('Ctrl Pts',(13.8267696203828,-23.5676249352363,-7.25787736942308E-5));
#9455=CARTESIAN_POINT('Ctrl Pts',(13.7970983572693,-23.6281040558004,-7.25787736942238E-5));
#9456=CARTESIAN_POINT('Ctrl Pts',(13.7600054843253,-23.6791085611363,-7.25787736942218E-5));
#9457=CARTESIAN_POINT('Ctrl Pts',(13.7226961141755,-23.7304107606656,-7.25787736942197E-5));
#9458=CARTESIAN_POINT('Ctrl Pts',(13.6732919348996,-23.7706085108842,-7.25787736942231E-5));
#9459=CARTESIAN_POINT('Ctrl Pts',(13.6097861781959,-23.7945385100771,-7.25787736942337E-5));
#9460=CARTESIAN_POINT('Ctrl Pts',(13.5469493442594,-23.8182164483213,-7.25787736942442E-5));
#9461=CARTESIAN_POINT('Ctrl Pts',(13.4674214763086,-23.8300554174434,-7.25787736942592E-5));
#9462=CARTESIAN_POINT('Ctrl Pts',(13.3712025743434,-23.8300554174434,-7.25787736942831E-5));
#9463=CARTESIAN_POINT('Ctrl Pts',(13.2956020085135,-23.8300554174434,-7.25787736943019E-5));
#9464=CARTESIAN_POINT('Ctrl Pts',(13.2200014426837,-23.8300554174434,-7.25787736943218E-5));
#9465=CARTESIAN_POINT('Ctrl Pts',(13.1444008768539,-23.8300554174434,-7.25787736943405E-5));
#9466=CARTESIAN_POINT('Ctrl Pts',(13.1444008768539,-22.6520779897918,1.47979394538111));
#9467=CARTESIAN_POINT('Ctrl Pts',(13.2180377916232,-22.6520779897918,1.47979394538111));
#9468=CARTESIAN_POINT('Ctrl Pts',(13.2916747063925,-22.6520779897918,1.47979394538111));
#9469=CARTESIAN_POINT('Ctrl Pts',(13.3653116211618,-22.6520779897918,1.47979394538111));
#9470=CARTESIAN_POINT('Ctrl Pts',(13.4556395699455,-22.6520779897918,1.47979394538111));
#9471=CARTESIAN_POINT('Ctrl Pts',(13.5322219613056,-22.6629303781537,1.47979394538111));
#9472=CARTESIAN_POINT('Ctrl Pts',(13.5950587952421,-22.6846351548776,1.47979394538111));
#9473=CARTESIAN_POINT('Ctrl Pts',(13.6596545886075,-22.7069475023412,1.47979394538111));
#9474=CARTESIAN_POINT('Ctrl Pts',(13.7108132880029,-22.7408531517294,1.47979394538111));
#9475=CARTESIAN_POINT('Ctrl Pts',(13.751169054553,-22.7852663924157,1.47979394538111));
#9476=CARTESIAN_POINT('Ctrl Pts',(13.7924057268238,-22.8306491073839,1.47979394538111));
#9477=CARTESIAN_POINT('Ctrl Pts',(13.8200242439727,-22.8903176245649,1.47979394538111));
#9478=CARTESIAN_POINT('Ctrl Pts',(13.8395333522762,-22.9628509292476,1.47979394538111));
#9479=CARTESIAN_POINT('Ctrl Pts',(13.8591698628813,-23.0358579055007,1.47979394538111));
#9480=CARTESIAN_POINT('Ctrl Pts',(13.8689881181839,-23.1236635931565,1.47979394538111));
#9481=CARTESIAN_POINT('Ctrl Pts',(13.8689881181839,-23.2262679922149,1.47979394538111));
#9482=CARTESIAN_POINT('Ctrl Pts',(13.8689881181839,-23.326899229753,1.47979394538111));
#9483=CARTESIAN_POINT('Ctrl Pts',(13.8586702470096,-23.415363070359,1.47979394538111));
#9484=CARTESIAN_POINT('Ctrl Pts',(13.8424788288669,-23.4926447974628,1.47979394538111));
#9485=CARTESIAN_POINT('Ctrl Pts',(13.8267696203828,-23.5676249352363,1.47979394538111));
#9486=CARTESIAN_POINT('Ctrl Pts',(13.7970983572693,-23.6281040558004,1.47979394538111));
#9487=CARTESIAN_POINT('Ctrl Pts',(13.7600054843253,-23.6791085611363,1.47979394538111));
#9488=CARTESIAN_POINT('Ctrl Pts',(13.7226961141755,-23.7304107606655,1.47979394538111));
#9489=CARTESIAN_POINT('Ctrl Pts',(13.6732919348996,-23.7706085108842,1.47979394538111));
#9490=CARTESIAN_POINT('Ctrl Pts',(13.6097861781959,-23.7945385100771,1.47979394538111));
#9491=CARTESIAN_POINT('Ctrl Pts',(13.5469493442594,-23.8182164483213,1.47979394538111));
#9492=CARTESIAN_POINT('Ctrl Pts',(13.4674214763086,-23.8300554174434,1.47979394538111));
#9493=CARTESIAN_POINT('Ctrl Pts',(13.3712025743434,-23.8300554174434,1.47979394538111));
#9494=CARTESIAN_POINT('Ctrl Pts',(13.2956020085135,-23.8300554174434,1.47979394538111));
#9495=CARTESIAN_POINT('Ctrl Pts',(13.2200014426837,-23.8300554174434,1.47979394538111));
#9496=CARTESIAN_POINT('Ctrl Pts',(13.1444008768539,-23.8300554174434,1.47979394538111));
#9497=CARTESIAN_POINT('Ctrl Pts',(12.4993415034748,-24.8807639270323,-7.25787736941669E-5));
#9498=CARTESIAN_POINT('Ctrl Pts',(12.4993415034748,-24.8807639270323,0.493216262611241));
#9499=CARTESIAN_POINT('Ctrl Pts',(12.4993415034748,-24.8807639270323,0.986505103996175));
#9500=CARTESIAN_POINT('Ctrl Pts',(12.4993415034748,-24.8807639270323,1.47979394538111));
#9501=CARTESIAN_POINT('Ctrl Pts',(12.4993415034748,-24.9340392880818,-7.2578773694155E-5));
#9502=CARTESIAN_POINT('Ctrl Pts',(12.4993415034748,-24.9340392880818,0.49321626261124));
#9503=CARTESIAN_POINT('Ctrl Pts',(12.4993415034748,-24.9340392880818,0.986505103996175));
#9504=CARTESIAN_POINT('Ctrl Pts',(12.4993415034748,-24.9340392880818,1.47979394538111));
#9505=CARTESIAN_POINT('Ctrl Pts',(12.494098492038,-24.9776857900077,-7.25787736941471E-5));
#9506=CARTESIAN_POINT('Ctrl Pts',(12.494098492038,-24.9776857900077,0.49321626261124));
#9507=CARTESIAN_POINT('Ctrl Pts',(12.494098492038,-24.9776857900077,0.986505103996176));
#9508=CARTESIAN_POINT('Ctrl Pts',(12.494098492038,-24.9776857900077,1.47979394538111));
#9509=CARTESIAN_POINT('Ctrl Pts',(12.469886737567,-25.0425631717013,-7.25787736941385E-5));
#9510=CARTESIAN_POINT('Ctrl Pts',(12.469886737567,-25.0425631717013,0.493216262611241));
#9511=CARTESIAN_POINT('Ctrl Pts',(12.469886737567,-25.0425631717013,0.986505103996175));
#9512=CARTESIAN_POINT('Ctrl Pts',(12.469886737567,-25.0425631717013,1.47979394538111));
#9513=CARTESIAN_POINT('Ctrl Pts',(12.4551701849192,-25.0684028814101,-7.25787736941364E-5));
#9514=CARTESIAN_POINT('Ctrl Pts',(12.4551701849192,-25.0684028814101,0.49321626261124));
#9515=CARTESIAN_POINT('Ctrl Pts',(12.4551701849192,-25.0684028814101,0.986505103996176));
#9516=CARTESIAN_POINT('Ctrl Pts',(12.4551701849192,-25.0684028814101,1.47979394538111));
#9517=CARTESIAN_POINT('Ctrl Pts',(12.4149045078726,-25.1007714365518,-7.25787736941389E-5));
#9518=CARTESIAN_POINT('Ctrl Pts',(12.4149045078726,-25.1007714365518,0.493216262611241));
#9519=CARTESIAN_POINT('Ctrl Pts',(12.4149045078726,-25.1007714365518,0.986505103996175));
#9520=CARTESIAN_POINT('Ctrl Pts',(12.4149045078726,-25.1007714365518,1.47979394538111));
#9521=CARTESIAN_POINT('Ctrl Pts',(12.3926887870787,-25.113540364846,-7.25787736941415E-5));
#9522=CARTESIAN_POINT('Ctrl Pts',(12.3926887870787,-25.113540364846,0.49321626261124));
#9523=CARTESIAN_POINT('Ctrl Pts',(12.3926887870787,-25.113540364846,0.986505103996176));
#9524=CARTESIAN_POINT('Ctrl Pts',(12.3926887870787,-25.113540364846,1.47979394538111));
#9525=CARTESIAN_POINT('Ctrl Pts',(12.3412675931033,-25.1214896325155,-7.25787736941525E-5));
#9526=CARTESIAN_POINT('Ctrl Pts',(12.3412675931033,-25.1214896325155,0.493216262611241));
#9527=CARTESIAN_POINT('Ctrl Pts',(12.3412675931033,-25.1214896325155,0.986505103996175));
#9528=CARTESIAN_POINT('Ctrl Pts',(12.3412675931033,-25.1214896325155,1.47979394538111));
#9529=CARTESIAN_POINT('Ctrl Pts',(12.3147583037864,-25.1234627940359,-7.25787736941585E-5));
#9530=CARTESIAN_POINT('Ctrl Pts',(12.3147583037864,-25.1234627940359,0.49321626261124));
#9531=CARTESIAN_POINT('Ctrl Pts',(12.3147583037864,-25.1234627940359,0.986505103996175));
#9532=CARTESIAN_POINT('Ctrl Pts',(12.3147583037864,-25.1234627940359,1.47979394538111));
#9533=CARTESIAN_POINT('Ctrl Pts',(12.2303213081842,-25.1234627940359,-7.25787736941793E-5));
#9534=CARTESIAN_POINT('Ctrl Pts',(12.2303213081842,-25.1234627940359,0.493216262611241));
#9535=CARTESIAN_POINT('Ctrl Pts',(12.2303213081842,-25.1234627940359,0.986505103996174));
#9536=CARTESIAN_POINT('Ctrl Pts',(12.2303213081842,-25.1234627940359,1.47979394538111));
#9537=CARTESIAN_POINT('Ctrl Pts',(12.1733754274293,-25.1234627940359,-7.25787736941929E-5));
#9538=CARTESIAN_POINT('Ctrl Pts',(12.1733754274293,-25.1234627940359,0.49321626261124));
#9539=CARTESIAN_POINT('Ctrl Pts',(12.1733754274293,-25.1234627940359,0.986505103996176));
#9540=CARTESIAN_POINT('Ctrl Pts',(12.1733754274293,-25.1234627940359,1.47979394538111));
#9541=CARTESIAN_POINT('Ctrl Pts',(12.1164295466744,-25.1234627940359,-7.2578773694207E-5));
#9542=CARTESIAN_POINT('Ctrl Pts',(12.1164295466744,-25.1234627940359,0.49321626261124));
#9543=CARTESIAN_POINT('Ctrl Pts',(12.1164295466744,-25.1234627940359,0.986505103996175));
#9544=CARTESIAN_POINT('Ctrl Pts',(12.1164295466744,-25.1234627940359,1.47979394538111));
#9545=CARTESIAN_POINT('',(12.1164295466744,-25.1234627940359,1.47979394538111));
#9546=CARTESIAN_POINT('Ctrl Pts',(12.4993415034748,-24.8807639270323,1.47979394538111));
#9547=CARTESIAN_POINT('Ctrl Pts',(12.4993415034748,-24.9340392880818,1.47979394538111));
#9548=CARTESIAN_POINT('Ctrl Pts',(12.494098492038,-24.9776857900077,1.47979394538111));
#9549=CARTESIAN_POINT('Ctrl Pts',(12.4816686439301,-25.0109925873757,1.47979394538111));
#9550=CARTESIAN_POINT('Ctrl Pts',(12.469886737567,-25.0425631717013,1.47979394538111));
#9551=CARTESIAN_POINT('Ctrl Pts',(12.4551701849192,-25.06840288141,1.47979394538111));
#9552=CARTESIAN_POINT('Ctrl Pts',(12.4345410184778,-25.084986144389,1.47979394538111));
#9553=CARTESIAN_POINT('Ctrl Pts',(12.4149045078726,-25.1007714365518,1.47979394538111));
#9554=CARTESIAN_POINT('Ctrl Pts',(12.3926887870787,-25.1135403648459,1.47979394538111));
#9555=CARTESIAN_POINT('Ctrl Pts',(12.36679505689,-25.1175433094748,1.47979394538111));
#9556=CARTESIAN_POINT('Ctrl Pts',(12.3412675931033,-25.1214896325155,1.47979394538111));
#9557=CARTESIAN_POINT('Ctrl Pts',(12.3147583037864,-25.1234627940359,1.47979394538111));
#9558=CARTESIAN_POINT('Ctrl Pts',(12.2872671889392,-25.1234627940359,1.47979394538111));
#9559=CARTESIAN_POINT('Ctrl Pts',(12.2303213081842,-25.1234627940359,1.47979394538111));
#9560=CARTESIAN_POINT('Ctrl Pts',(12.1733754274293,-25.1234627940359,1.47979394538111));
#9561=CARTESIAN_POINT('Ctrl Pts',(12.1164295466744,-25.1234627940359,1.47979394538111));
#9562=CARTESIAN_POINT('',(12.1164295466744,-25.1234627940359,-0.00849999999998855));
#9563=CARTESIAN_POINT('Ctrl Pts',(13.415384723205,-24.0697945421665,-7.25787736941398E-5));
#9564=CARTESIAN_POINT('Ctrl Pts',(13.415384723205,-24.0697945421665,0.493216262611241));
#9565=CARTESIAN_POINT('Ctrl Pts',(13.415384723205,-24.0697945421665,0.986505103996175));
#9566=CARTESIAN_POINT('Ctrl Pts',(13.415384723205,-24.0697945421665,1.47979394538111));
#9567=CARTESIAN_POINT('Ctrl Pts',(13.5764041101672,-24.3716882547808,-7.25787736940325E-5));
#9568=CARTESIAN_POINT('Ctrl Pts',(13.5764041101672,-24.3716882547808,0.493216262611242));
#9569=CARTESIAN_POINT('Ctrl Pts',(13.5764041101672,-24.3716882547808,0.986505103996174));
#9570=CARTESIAN_POINT('Ctrl Pts',(13.5764041101672,-24.3716882547808,1.47979394538111));
#9571=CARTESIAN_POINT('Ctrl Pts',(13.7374234971294,-24.673581967395,-7.25787736939268E-5));
#9572=CARTESIAN_POINT('Ctrl Pts',(13.7374234971294,-24.673581967395,0.493216262611239));
#9573=CARTESIAN_POINT('Ctrl Pts',(13.7374234971294,-24.673581967395,0.986505103996176));
#9574=CARTESIAN_POINT('Ctrl Pts',(13.7374234971294,-24.673581967395,1.47979394538111));
#9575=CARTESIAN_POINT('Ctrl Pts',(13.9391725171861,-25.0518392805688,-7.25787736937911E-5));
#9576=CARTESIAN_POINT('Ctrl Pts',(13.9391725171861,-25.0518392805688,0.493216262611241));
#9577=CARTESIAN_POINT('Ctrl Pts',(13.9391725171861,-25.0518392805688,0.986505103996176));
#9578=CARTESIAN_POINT('Ctrl Pts',(13.9391725171861,-25.0518392805688,1.47979394538111));
#9579=CARTESIAN_POINT('Ctrl Pts',(13.9887315762042,-25.1126514632057,-7.25787736937642E-5));
#9580=CARTESIAN_POINT('Ctrl Pts',(13.9887315762042,-25.1126514632057,0.493216262611241));
#9581=CARTESIAN_POINT('Ctrl Pts',(13.9887315762042,-25.1126514632057,0.986505103996176));
#9582=CARTESIAN_POINT('Ctrl Pts',(13.9887315762042,-25.1126514632057,1.47979394538111));
#9583=CARTESIAN_POINT('Ctrl Pts',(14.0889170369615,-25.2092953201713,-7.25787736937188E-5));
#9584=CARTESIAN_POINT('Ctrl Pts',(14.0889170369615,-25.2092953201713,0.493216262611241));
#9585=CARTESIAN_POINT('Ctrl Pts',(14.0889170369615,-25.2092953201713,0.986505103996176));
#9586=CARTESIAN_POINT('Ctrl Pts',(14.0889170369615,-25.2092953201713,1.47979394538111));
#9587=CARTESIAN_POINT('Ctrl Pts',(14.147826568777,-25.246785389058,-7.25787736936959E-5));
#9588=CARTESIAN_POINT('Ctrl Pts',(14.147826568777,-25.246785389058,0.493216262611242));
#9589=CARTESIAN_POINT('Ctrl Pts',(14.147826568777,-25.2467853890581,0.986505103996174));
#9590=CARTESIAN_POINT('Ctrl Pts',(14.147826568777,-25.2467853890581,1.47979394538111));
#9591=CARTESIAN_POINT('Ctrl Pts',(14.285282143013,-25.302033911628,-7.25787736936505E-5));
#9592=CARTESIAN_POINT('Ctrl Pts',(14.285282143013,-25.302033911628,0.49321626261124));
#9593=CARTESIAN_POINT('Ctrl Pts',(14.285282143013,-25.302033911628,0.986505103996177));
#9594=CARTESIAN_POINT('Ctrl Pts',(14.285282143013,-25.302033911628,1.47979394538111));
#9595=CARTESIAN_POINT('Ctrl Pts',(14.3648100109639,-25.3207789460713,-7.25787736936266E-5));
#9596=CARTESIAN_POINT('Ctrl Pts',(14.3648100109639,-25.3207789460713,0.493216262611241));
#9597=CARTESIAN_POINT('Ctrl Pts',(14.3648100109639,-25.3207789460713,0.986505103996174));
#9598=CARTESIAN_POINT('Ctrl Pts',(14.3648100109639,-25.3207789460713,1.47979394538111));
#9599=CARTESIAN_POINT('Ctrl Pts',(14.5472208245359,-25.3407022368736,-7.25787736935765E-5));
#9600=CARTESIAN_POINT('Ctrl Pts',(14.5472208245359,-25.3407022368736,0.493216262611241));
#9601=CARTESIAN_POINT('Ctrl Pts',(14.5472208245359,-25.3407022368736,0.986505103996177));
#9602=CARTESIAN_POINT('Ctrl Pts',(14.5472208245359,-25.3407022368736,1.47979394538111));
#9603=CARTESIAN_POINT('Ctrl Pts',(14.6544485423898,-25.3424837227952,-7.25787736935491E-5));
#9604=CARTESIAN_POINT('Ctrl Pts',(14.6544485423898,-25.3424837227952,0.493216262611241));
#9605=CARTESIAN_POINT('Ctrl Pts',(14.6544485423898,-25.3424837227952,0.986505103996175));
#9606=CARTESIAN_POINT('Ctrl Pts',(14.6544485423898,-25.3424837227952,1.47979394538111));
#9607=CARTESIAN_POINT('Ctrl Pts',(14.8203770570033,-25.3424837227952,-7.25787736935091E-5));
#9608=CARTESIAN_POINT('Ctrl Pts',(14.8203770570033,-25.3424837227952,0.493216262611241));
#9609=CARTESIAN_POINT('Ctrl Pts',(14.8203770570033,-25.3424837227952,0.986505103996176));
#9610=CARTESIAN_POINT('Ctrl Pts',(14.8203770570033,-25.3424837227952,1.47979394538111));
#9611=CARTESIAN_POINT('Ctrl Pts',(14.8645592058649,-25.3424837227952,-7.2578773693498E-5));
#9612=CARTESIAN_POINT('Ctrl Pts',(14.8645592058649,-25.3424837227952,0.493216262611241));
#9613=CARTESIAN_POINT('Ctrl Pts',(14.8645592058649,-25.3424837227952,0.986505103996176));
#9614=CARTESIAN_POINT('Ctrl Pts',(14.8645592058649,-25.3424837227952,1.47979394538111));
#9615=CARTESIAN_POINT('Ctrl Pts',(14.9087413547265,-25.3424837227952,-7.25787736934871E-5));
#9616=CARTESIAN_POINT('Ctrl Pts',(14.9087413547265,-25.3424837227952,0.493216262611241));
#9617=CARTESIAN_POINT('Ctrl Pts',(14.9087413547265,-25.3424837227952,0.986505103996176));
#9618=CARTESIAN_POINT('Ctrl Pts',(14.9087413547265,-25.3424837227952,1.47979394538111));
#9619=CARTESIAN_POINT('',(13.415384723205,-24.0697945421665,1.47979394538111));
#9620=CARTESIAN_POINT('',(13.415384723205,-24.0697945421665,-0.00849999999998847));
#9621=CARTESIAN_POINT('Ctrl Pts',(13.415384723205,-24.0697945421665,1.47979394538111));
#9622=CARTESIAN_POINT('Ctrl Pts',(13.5764041101672,-24.3716882547808,1.47979394538111));
#9623=CARTESIAN_POINT('Ctrl Pts',(13.7374234971294,-24.673581967395,1.47979394538111));
#9624=CARTESIAN_POINT('Ctrl Pts',(13.8984428840916,-24.9754756800093,1.47979394538111));
#9625=CARTESIAN_POINT('Ctrl Pts',(13.9391725171861,-25.0518392805688,1.47979394538111));
#9626=CARTESIAN_POINT('Ctrl Pts',(13.9887315762042,-25.1126514632057,1.47979394538111));
#9627=CARTESIAN_POINT('Ctrl Pts',(14.0398257604487,-25.1619394436828,1.47979394538111));
#9628=CARTESIAN_POINT('Ctrl Pts',(14.0889170369616,-25.2092953201713,1.47979394538111));
#9629=CARTESIAN_POINT('Ctrl Pts',(14.147826568777,-25.246785389058,1.47979394538111));
#9630=CARTESIAN_POINT('Ctrl Pts',(14.216554355895,-25.274409650343,1.47979394538111));
#9631=CARTESIAN_POINT('Ctrl Pts',(14.285282143013,-25.302033911628,1.47979394538111));
#9632=CARTESIAN_POINT('Ctrl Pts',(14.3648100109639,-25.3207789460713,1.47979394538111));
#9633=CARTESIAN_POINT('Ctrl Pts',(14.4551379597476,-25.3306447536731,1.47979394538111));
#9634=CARTESIAN_POINT('Ctrl Pts',(14.5472208245359,-25.3407022368735,1.47979394538111));
#9635=CARTESIAN_POINT('Ctrl Pts',(14.6544485423898,-25.3424837227952,1.47979394538111));
#9636=CARTESIAN_POINT('Ctrl Pts',(14.7761949081418,-25.3424837227952,1.47979394538111));
#9637=CARTESIAN_POINT('Ctrl Pts',(14.8203770570033,-25.3424837227952,1.47979394538111));
#9638=CARTESIAN_POINT('Ctrl Pts',(14.8645592058649,-25.3424837227952,1.47979394538111));
#9639=CARTESIAN_POINT('Ctrl Pts',(14.9087413547265,-25.3424837227952,1.47979394538111));
#9640=CARTESIAN_POINT('Origin',(13.1444008768539,-24.0697945421665,-0.00849999999998854));
#9641=CARTESIAN_POINT('',(13.1444008768539,-24.0697945421665,1.47979394538111));
#9642=CARTESIAN_POINT('',(13.1444008768539,-24.0697945421665,-0.00849999999998854));
#9643=CARTESIAN_POINT('',(13.415384723205,-24.0697945421665,1.47979394538111));
#9644=CARTESIAN_POINT('Origin',(13.1444008768539,-24.8807639270323,-0.00849999999998836));
#9645=CARTESIAN_POINT('',(13.1444008768539,-24.8807639270323,1.47979394538111));
#9646=CARTESIAN_POINT('',(13.1444008768539,-24.8807639270323,-0.00849999999998836));
#9647=CARTESIAN_POINT('',(13.1444008768539,-24.0697945421665,1.47979394538111));
#9648=CARTESIAN_POINT('Ctrl Pts',(13.5302583102451,-25.1234627940359,-7.25787736938579E-5));
#9649=CARTESIAN_POINT('Ctrl Pts',(13.5302583102451,-25.1234627940359,0.493216262611241));
#9650=CARTESIAN_POINT('Ctrl Pts',(13.5302583102451,-25.1234627940359,0.986505103996175));
#9651=CARTESIAN_POINT('Ctrl Pts',(13.5302583102451,-25.1234627940359,1.47979394538111));
#9652=CARTESIAN_POINT('Ctrl Pts',(13.4713487784296,-25.1234627940359,-7.25787736938725E-5));
#9653=CARTESIAN_POINT('Ctrl Pts',(13.4713487784296,-25.1234627940359,0.493216262611241));
#9654=CARTESIAN_POINT('Ctrl Pts',(13.4713487784296,-25.1234627940359,0.986505103996175));
#9655=CARTESIAN_POINT('Ctrl Pts',(13.4713487784296,-25.1234627940359,1.47979394538111));
#9656=CARTESIAN_POINT('Ctrl Pts',(13.4124392466142,-25.1234627940359,-7.25787736938868E-5));
#9657=CARTESIAN_POINT('Ctrl Pts',(13.4124392466142,-25.1234627940359,0.493216262611241));
#9658=CARTESIAN_POINT('Ctrl Pts',(13.4124392466142,-25.1234627940359,0.986505103996176));
#9659=CARTESIAN_POINT('Ctrl Pts',(13.4124392466142,-25.1234627940359,1.47979394538111));
#9660=CARTESIAN_POINT('Ctrl Pts',(13.3260385999515,-25.1234627940359,-7.25787736939083E-5));
#9661=CARTESIAN_POINT('Ctrl Pts',(13.3260385999515,-25.1234627940359,0.493216262611241));
#9662=CARTESIAN_POINT('Ctrl Pts',(13.3260385999515,-25.1234627940359,0.986505103996174));
#9663=CARTESIAN_POINT('Ctrl Pts',(13.3260385999515,-25.1234627940359,1.47979394538111));
#9664=CARTESIAN_POINT('Ctrl Pts',(13.2995293106346,-25.1214896325155,-7.25787736939155E-5));
#9665=CARTESIAN_POINT('Ctrl Pts',(13.2995293106346,-25.1214896325155,0.493216262611241));
#9666=CARTESIAN_POINT('Ctrl Pts',(13.2995293106346,-25.1214896325155,0.986505103996175));
#9667=CARTESIAN_POINT('Ctrl Pts',(13.2995293106346,-25.1214896325155,1.47979394538111));
#9668=CARTESIAN_POINT('Ctrl Pts',(13.2481081166592,-25.1135403648459,-7.25787736939295E-5));
#9669=CARTESIAN_POINT('Ctrl Pts',(13.2481081166592,-25.1135403648459,0.49321626261124));
#9670=CARTESIAN_POINT('Ctrl Pts',(13.2481081166592,-25.1135403648459,0.986505103996175));
#9671=CARTESIAN_POINT('Ctrl Pts',(13.2481081166592,-25.1135403648459,1.47979394538111));
#9672=CARTESIAN_POINT('Ctrl Pts',(13.2258923958653,-25.1007714365518,-7.25787736939378E-5));
#9673=CARTESIAN_POINT('Ctrl Pts',(13.2258923958653,-25.1007714365518,0.493216262611242));
#9674=CARTESIAN_POINT('Ctrl Pts',(13.2258923958653,-25.1007714365518,0.986505103996174));
#9675=CARTESIAN_POINT('Ctrl Pts',(13.2258923958653,-25.1007714365518,1.47979394538111));
#9676=CARTESIAN_POINT('Ctrl Pts',(13.1856267188187,-25.06840288141,-7.25787736939556E-5));
#9677=CARTESIAN_POINT('Ctrl Pts',(13.1856267188187,-25.06840288141,0.49321626261124));
#9678=CARTESIAN_POINT('Ctrl Pts',(13.1856267188187,-25.06840288141,0.986505103996175));
#9679=CARTESIAN_POINT('Ctrl Pts',(13.1856267188187,-25.06840288141,1.47979394538111));
#9680=CARTESIAN_POINT('Ctrl Pts',(13.1709101661709,-25.0425631717013,-7.2578773693965E-5));
#9681=CARTESIAN_POINT('Ctrl Pts',(13.1709101661709,-25.0425631717013,0.493216262611242));
#9682=CARTESIAN_POINT('Ctrl Pts',(13.1709101661709,-25.0425631717013,0.986505103996174));
#9683=CARTESIAN_POINT('Ctrl Pts',(13.1709101661709,-25.0425631717013,1.47979394538111));
#9684=CARTESIAN_POINT('Ctrl Pts',(13.146910573645,-24.9782542953387,-7.25787736939858E-5));
#9685=CARTESIAN_POINT('Ctrl Pts',(13.146910573645,-24.9782542953387,0.49321626261124));
#9686=CARTESIAN_POINT('Ctrl Pts',(13.146910573645,-24.9782542953387,0.986505103996176));
#9687=CARTESIAN_POINT('Ctrl Pts',(13.146910573645,-24.9782542953387,1.47979394538111));
#9688=CARTESIAN_POINT('Ctrl Pts',(13.1444008768539,-24.9340392880818,-7.25787736939956E-5));
#9689=CARTESIAN_POINT('Ctrl Pts',(13.1444008768539,-24.9340392880818,0.493216262611241));
#9690=CARTESIAN_POINT('Ctrl Pts',(13.1444008768539,-24.9340392880818,0.986505103996175));
#9691=CARTESIAN_POINT('Ctrl Pts',(13.1444008768539,-24.9340392880818,1.47979394538111));
#9692=CARTESIAN_POINT('Ctrl Pts',(13.1444008768539,-24.8807639270323,-7.25787736940075E-5));
#9693=CARTESIAN_POINT('Ctrl Pts',(13.1444008768539,-24.8807639270323,0.493216262611241));
#9694=CARTESIAN_POINT('Ctrl Pts',(13.1444008768539,-24.8807639270323,0.986505103996175));
#9695=CARTESIAN_POINT('Ctrl Pts',(13.1444008768539,-24.8807639270323,1.47979394538111));
#9696=CARTESIAN_POINT('',(13.5302583102451,-25.1234627940359,1.47979394538111));
#9697=CARTESIAN_POINT('',(13.5302583102451,-25.1234627940359,-0.0084999999999882));
#9698=CARTESIAN_POINT('Ctrl Pts',(13.5302583102451,-25.1234627940359,1.47979394538111));
#9699=CARTESIAN_POINT('Ctrl Pts',(13.4713487784296,-25.1234627940359,1.47979394538111));
#9700=CARTESIAN_POINT('Ctrl Pts',(13.4124392466142,-25.1234627940359,1.47979394538111));
#9701=CARTESIAN_POINT('Ctrl Pts',(13.3535297147987,-25.1234627940359,1.47979394538111));
#9702=CARTESIAN_POINT('Ctrl Pts',(13.3260385999515,-25.1234627940359,1.47979394538111));
#9703=CARTESIAN_POINT('Ctrl Pts',(13.2995293106346,-25.1214896325155,1.47979394538111));
#9704=CARTESIAN_POINT('Ctrl Pts',(13.2740018468479,-25.1175433094748,1.47979394538111));
#9705=CARTESIAN_POINT('Ctrl Pts',(13.2481081166592,-25.1135403648459,1.47979394538111));
#9706=CARTESIAN_POINT('Ctrl Pts',(13.2258923958653,-25.1007714365518,1.47979394538111));
#9707=CARTESIAN_POINT('Ctrl Pts',(13.2062558852601,-25.084986144389,1.47979394538111));
#9708=CARTESIAN_POINT('Ctrl Pts',(13.1856267188187,-25.06840288141,1.47979394538111));
#9709=CARTESIAN_POINT('Ctrl Pts',(13.1709101661709,-25.0425631717013,1.47979394538111));
#9710=CARTESIAN_POINT('Ctrl Pts',(13.1591282598078,-25.0109925873757,1.47979394538111));
#9711=CARTESIAN_POINT('Ctrl Pts',(13.146910573645,-24.9782542953387,1.47979394538111));
#9712=CARTESIAN_POINT('Ctrl Pts',(13.1444008768539,-24.9340392880818,1.47979394538111));
#9713=CARTESIAN_POINT('Ctrl Pts',(13.1444008768539,-24.8807639270323,1.47979394538111));
#9714=CARTESIAN_POINT('Origin',(13.5302583102451,-25.3424837227952,-0.00849999999998816));
#9715=CARTESIAN_POINT('',(13.5302583102451,-25.3424837227952,1.47979394538111));
#9716=CARTESIAN_POINT('',(13.5302583102451,-25.3424837227952,-0.00849999999998816));
#9717=CARTESIAN_POINT('',(13.5302583102451,-25.1234627940359,1.47979394538111));
#9718=CARTESIAN_POINT('Origin',(12.1164295466744,-25.3424837227952,-0.00849999999998851));
#9719=CARTESIAN_POINT('',(12.1164295466744,-25.3424837227952,1.47979394538111));
#9720=CARTESIAN_POINT('',(12.1164295466744,-25.3424837227952,-0.00849999999998851));
#9721=CARTESIAN_POINT('',(13.5302583102451,-25.3424837227952,1.47979394538111));
#9722=CARTESIAN_POINT('Origin',(12.1164295466744,-25.1234627940359,-0.00849999999998855));
#9723=CARTESIAN_POINT('',(12.1164295466744,-25.3424837227952,1.47979394538111));
#9724=CARTESIAN_POINT('Origin',(-1.55058183450909,-24.3776077393418,1.47979394538111));
#9725=CARTESIAN_POINT('Origin',(0.749835382884077,-22.4093791227881,-0.00849999999999197));
#9726=CARTESIAN_POINT('',(0.749835382884077,-22.4093791227881,1.47979394538111));
#9727=CARTESIAN_POINT('',(0.749835382884077,-22.4093791227881,-0.00849999999999197));
#9728=CARTESIAN_POINT('',(0.749835382884077,-22.6284000515475,1.47979394538111));
#9729=CARTESIAN_POINT('',(0.749835382884077,-22.6284000515475,1.47979394538111));
#9730=CARTESIAN_POINT('',(0.749835382884077,-22.6284000515475,-0.00849999999999193));
#9731=CARTESIAN_POINT('Origin',(0.749835382884077,-22.6284000515475,-0.00849999999999193));
#9732=CARTESIAN_POINT('',(0.92067302514887,-22.6284000515475,1.47979394538111));
#9733=CARTESIAN_POINT('',(0.92067302514887,-22.6284000515475,1.47979394538111));
#9734=CARTESIAN_POINT('',(0.92067302514887,-22.6284000515475,-0.00849999999999188));
#9735=CARTESIAN_POINT('Ctrl Pts',(0.920673025148869,-22.6284000515475,-7.2578773697606E-5));
#9736=CARTESIAN_POINT('Ctrl Pts',(0.920673025148869,-22.6284000515475,0.493216262611237));
#9737=CARTESIAN_POINT('Ctrl Pts',(0.920673025148869,-22.6284000515475,0.986505103996172));
#9738=CARTESIAN_POINT('Ctrl Pts',(0.920673025148869,-22.6284000515475,1.47979394538111));
#9739=CARTESIAN_POINT('Ctrl Pts',(0.952091442117107,-22.6284000515475,-7.25787736975982E-5));
#9740=CARTESIAN_POINT('Ctrl Pts',(0.952091442117107,-22.6284000515475,0.493216262611238));
#9741=CARTESIAN_POINT('Ctrl Pts',(0.952091442117107,-22.6284000515475,0.986505103996171));
#9742=CARTESIAN_POINT('Ctrl Pts',(0.952091442117107,-22.6284000515475,1.47979394538111));
#9743=CARTESIAN_POINT('Ctrl Pts',(0.980564382494574,-22.631359793828,-7.25787736975902E-5));
#9744=CARTESIAN_POINT('Ctrl Pts',(0.980564382494574,-22.631359793828,0.493216262611237));
#9745=CARTESIAN_POINT('Ctrl Pts',(0.980564382494574,-22.631359793828,0.986505103996172));
#9746=CARTESIAN_POINT('Ctrl Pts',(0.980564382494574,-22.631359793828,1.47979394538111));
#9747=CARTESIAN_POINT('Ctrl Pts',(1.03161931006796,-22.6431987629502,-7.25787736975752E-5));
#9748=CARTESIAN_POINT('Ctrl Pts',(1.03161931006796,-22.6431987629502,0.493216262611237));
#9749=CARTESIAN_POINT('Ctrl Pts',(1.03161931006796,-22.6431987629502,0.986505103996171));
#9750=CARTESIAN_POINT('Ctrl Pts',(1.03161931006796,-22.6431987629502,1.47979394538111));
#9751=CARTESIAN_POINT('Ctrl Pts',(1.05321947173362,-22.6560243128325,-7.25787736975671E-5));
#9752=CARTESIAN_POINT('Ctrl Pts',(1.05321947173362,-22.6560243128325,0.493216262611237));
#9753=CARTESIAN_POINT('Ctrl Pts',(1.05321947173362,-22.6560243128325,0.986505103996172));
#9754=CARTESIAN_POINT('Ctrl Pts',(1.05321947173362,-22.6560243128325,1.47979394538111));
#9755=CARTESIAN_POINT('Ctrl Pts',(1.07089233127826,-22.675755928036,-7.25787736975583E-5));
#9756=CARTESIAN_POINT('Ctrl Pts',(1.07089233127826,-22.675755928036,0.493216262611237));
#9757=CARTESIAN_POINT('Ctrl Pts',(1.07089233127826,-22.675755928036,0.986505103996172));
#9758=CARTESIAN_POINT('Ctrl Pts',(1.07089233127826,-22.675755928036,1.47979394538111));
#9759=CARTESIAN_POINT('',(1.07089233127826,-22.675755928036,1.47979394538111));
#9760=CARTESIAN_POINT('Ctrl Pts',(0.92067302514887,-22.6284000515475,1.47979394538111));
#9761=CARTESIAN_POINT('Ctrl Pts',(0.952091442117108,-22.6284000515475,1.47979394538111));
#9762=CARTESIAN_POINT('Ctrl Pts',(0.980564382494573,-22.631359793828,1.47979394538111));
#9763=CARTESIAN_POINT('Ctrl Pts',(1.00609184628127,-22.6372792783891,1.47979394538111));
#9764=CARTESIAN_POINT('Ctrl Pts',(1.03161931006796,-22.6431987629502,1.47979394538111));
#9765=CARTESIAN_POINT('Ctrl Pts',(1.05321947173362,-22.6560243128325,1.47979394538111));
#9766=CARTESIAN_POINT('Ctrl Pts',(1.07089233127826,-22.675755928036,1.47979394538111));
#9767=CARTESIAN_POINT('',(1.07089233127826,-22.675755928036,-0.00849999999999184));
#9768=CARTESIAN_POINT('Ctrl Pts',(1.07089233127826,-22.675755928036,-7.2578773697555E-5));
#9769=CARTESIAN_POINT('Ctrl Pts',(1.07089233127826,-22.675755928036,0.493216262611237));
#9770=CARTESIAN_POINT('Ctrl Pts',(1.07089233127826,-22.675755928036,0.986505103996172));
#9771=CARTESIAN_POINT('Ctrl Pts',(1.07089233127826,-22.675755928036,1.47979394538111));
#9772=CARTESIAN_POINT('Ctrl Pts',(1.09052884188341,-22.6935143817192,-7.25787736975462E-5));
#9773=CARTESIAN_POINT('Ctrl Pts',(1.09052884188341,-22.6935143817192,0.493216262611237));
#9774=CARTESIAN_POINT('Ctrl Pts',(1.09052884188341,-22.6935143817192,0.986505103996172));
#9775=CARTESIAN_POINT('Ctrl Pts',(1.09052884188341,-22.6935143817192,1.47979394538111));
#9776=CARTESIAN_POINT('Ctrl Pts',(1.10286529723712,-22.7209087435777,-7.25787736975377E-5));
#9777=CARTESIAN_POINT('Ctrl Pts',(1.10286529723712,-22.7209087435777,0.493216262611238));
#9778=CARTESIAN_POINT('Ctrl Pts',(1.10286529723712,-22.7209087435777,0.986505103996171));
#9779=CARTESIAN_POINT('Ctrl Pts',(1.10286529723712,-22.7209087435777,1.47979394538111));
#9780=CARTESIAN_POINT('Ctrl Pts',(1.12685638650293,-22.7892127154564,-7.25787736975168E-5));
#9781=CARTESIAN_POINT('Ctrl Pts',(1.12685638650293,-22.7892127154564,0.493216262611236));
#9782=CARTESIAN_POINT('Ctrl Pts',(1.12685638650293,-22.7892127154564,0.986505103996173));
#9783=CARTESIAN_POINT('Ctrl Pts',(1.12685638650293,-22.7892127154564,1.47979394538111));
#9784=CARTESIAN_POINT('Ctrl Pts',(1.13274733968448,-22.8355820111847,-7.25787736975043E-5));
#9785=CARTESIAN_POINT('Ctrl Pts',(1.13274733968448,-22.8355820111847,0.493216262611238));
#9786=CARTESIAN_POINT('Ctrl Pts',(1.13274733968448,-22.8355820111847,0.986505103996171));
#9787=CARTESIAN_POINT('Ctrl Pts',(1.13274733968448,-22.8355820111847,1.47979394538111));
#9788=CARTESIAN_POINT('Ctrl Pts',(1.13274733968448,-22.8947768567954,-7.25787736974911E-5));
#9789=CARTESIAN_POINT('Ctrl Pts',(1.13274733968448,-22.8947768567954,0.493216262611237));
#9790=CARTESIAN_POINT('Ctrl Pts',(1.13274733968448,-22.8947768567954,0.986505103996172));
#9791=CARTESIAN_POINT('Ctrl Pts',(1.13274733968448,-22.8947768567954,1.47979394538111));
#9792=CARTESIAN_POINT('',(1.13274733968447,-22.8947768567954,1.47979394538111));
#9793=CARTESIAN_POINT('Ctrl Pts',(1.07089233127826,-22.675755928036,1.47979394538111));
#9794=CARTESIAN_POINT('Ctrl Pts',(1.09052884188341,-22.6935143817192,1.47979394538111));
#9795=CARTESIAN_POINT('Ctrl Pts',(1.10286529723712,-22.7209087435777,1.47979394538111));
#9796=CARTESIAN_POINT('Ctrl Pts',(1.11507448013984,-22.7556689696104,1.47979394538111));
#9797=CARTESIAN_POINT('Ctrl Pts',(1.12685638650293,-22.7892127154564,1.47979394538111));
#9798=CARTESIAN_POINT('Ctrl Pts',(1.13274733968448,-22.8355820111847,1.47979394538111));
#9799=CARTESIAN_POINT('Ctrl Pts',(1.13274733968448,-22.8947768567954,1.47979394538111));
#9800=CARTESIAN_POINT('',(1.13274733968447,-22.8947768567954,-0.00849999999999177));
#9801=CARTESIAN_POINT('Origin',(1.13274733968447,-22.8947768567954,-0.00849999999999177));
#9802=CARTESIAN_POINT('',(1.13274733968448,-24.8807639270323,1.47979394538111));
#9803=CARTESIAN_POINT('',(1.13274733968447,-24.8807639270323,1.47979394538111));
#9804=CARTESIAN_POINT('',(1.13274733968448,-24.8807639270323,-0.00849999999999133));
#9805=CARTESIAN_POINT('Ctrl Pts',(1.13274733968448,-24.8807639270323,-7.25787736969804E-5));
#9806=CARTESIAN_POINT('Ctrl Pts',(1.13274733968448,-24.8807639270323,0.493216262611238));
#9807=CARTESIAN_POINT('Ctrl Pts',(1.13274733968448,-24.8807639270323,0.986505103996172));
#9808=CARTESIAN_POINT('Ctrl Pts',(1.13274733968448,-24.8807639270323,1.47979394538111));
#9809=CARTESIAN_POINT('Ctrl Pts',(1.13274733968448,-24.9340392880818,-7.25787736969685E-5));
#9810=CARTESIAN_POINT('Ctrl Pts',(1.13274733968448,-24.9340392880818,0.493216262611237));
#9811=CARTESIAN_POINT('Ctrl Pts',(1.13274733968448,-24.9340392880818,0.986505103996172));
#9812=CARTESIAN_POINT('Ctrl Pts',(1.13274733968448,-24.9340392880818,1.47979394538111));
#9813=CARTESIAN_POINT('Ctrl Pts',(1.12685638650293,-24.9764622607695,-7.25787736969608E-5));
#9814=CARTESIAN_POINT('Ctrl Pts',(1.12685638650293,-24.9764622607695,0.493216262611238));
#9815=CARTESIAN_POINT('Ctrl Pts',(1.12685638650293,-24.9764622607695,0.986505103996171));
#9816=CARTESIAN_POINT('Ctrl Pts',(1.12685638650293,-24.9764622607695,1.47979394538111));
#9817=CARTESIAN_POINT('Ctrl Pts',(1.10285679397706,-25.0407711371321,-7.25787736969521E-5));
#9818=CARTESIAN_POINT('Ctrl Pts',(1.10285679397706,-25.0407711371321,0.493216262611237));
#9819=CARTESIAN_POINT('Ctrl Pts',(1.10285679397706,-25.0407711371321,0.986505103996172));
#9820=CARTESIAN_POINT('Ctrl Pts',(1.10285679397706,-25.0407711371321,1.47979394538111));
#9821=CARTESIAN_POINT('Ctrl Pts',(1.09052884188341,-25.0662411099456,-7.25787736969494E-5));
#9822=CARTESIAN_POINT('Ctrl Pts',(1.09052884188341,-25.0662411099456,0.493216262611239));
#9823=CARTESIAN_POINT('Ctrl Pts',(1.09052884188341,-25.0662411099456,0.986505103996171));
#9824=CARTESIAN_POINT('Ctrl Pts',(1.09052884188341,-25.0662411099456,1.47979394538111));
#9825=CARTESIAN_POINT('Ctrl Pts',(1.05026316483685,-25.0986096650874,-7.25787736969522E-5));
#9826=CARTESIAN_POINT('Ctrl Pts',(1.05026316483685,-25.0986096650874,0.493216262611237));
#9827=CARTESIAN_POINT('Ctrl Pts',(1.05026316483685,-25.0986096650874,0.986505103996173));
#9828=CARTESIAN_POINT('Ctrl Pts',(1.05026316483685,-25.0986096650874,1.47979394538111));
#9829=CARTESIAN_POINT('Ctrl Pts',(1.0290400998792,-25.1135403648459,-7.25787736969541E-5));
#9830=CARTESIAN_POINT('Ctrl Pts',(1.0290400998792,-25.1135403648459,0.493216262611238));
#9831=CARTESIAN_POINT('Ctrl Pts',(1.0290400998792,-25.1135403648459,0.986505103996172));
#9832=CARTESIAN_POINT('Ctrl Pts',(1.0290400998792,-25.1135403648459,1.47979394538111));
#9833=CARTESIAN_POINT('Ctrl Pts',(0.977618905903801,-25.1214896325155,-7.25787736969653E-5));
#9834=CARTESIAN_POINT('Ctrl Pts',(0.977618905903801,-25.1214896325155,0.493216262611237));
#9835=CARTESIAN_POINT('Ctrl Pts',(0.977618905903801,-25.1214896325155,0.986505103996172));
#9836=CARTESIAN_POINT('Ctrl Pts',(0.977618905903801,-25.1214896325155,1.47979394538111));
#9837=CARTESIAN_POINT('Ctrl Pts',(0.950127791056592,-25.1234627940359,-7.25787736969714E-5));
#9838=CARTESIAN_POINT('Ctrl Pts',(0.950127791056592,-25.1234627940359,0.493216262611238));
#9839=CARTESIAN_POINT('Ctrl Pts',(0.950127791056592,-25.1234627940359,0.986505103996172));
#9840=CARTESIAN_POINT('Ctrl Pts',(0.950127791056592,-25.1234627940359,1.47979394538111));
#9841=CARTESIAN_POINT('Ctrl Pts',(0.863727144393939,-25.1234627940359,-7.25787736969928E-5));
#9842=CARTESIAN_POINT('Ctrl Pts',(0.863727144393939,-25.1234627940359,0.493216262611237));
#9843=CARTESIAN_POINT('Ctrl Pts',(0.863727144393939,-25.1234627940359,0.986505103996173));
#9844=CARTESIAN_POINT('Ctrl Pts',(0.863727144393939,-25.1234627940359,1.47979394538111));
#9845=CARTESIAN_POINT('Ctrl Pts',(0.806781263639007,-25.1234627940359,-7.25787736970064E-5));
#9846=CARTESIAN_POINT('Ctrl Pts',(0.806781263639007,-25.1234627940359,0.493216262611238));
#9847=CARTESIAN_POINT('Ctrl Pts',(0.806781263639007,-25.1234627940359,0.986505103996172));
#9848=CARTESIAN_POINT('Ctrl Pts',(0.806781263639007,-25.1234627940359,1.47979394538111));
#9849=CARTESIAN_POINT('Ctrl Pts',(0.749835382884076,-25.1234627940359,-7.25787736970205E-5));
#9850=CARTESIAN_POINT('Ctrl Pts',(0.749835382884076,-25.1234627940359,0.493216262611238));
#9851=CARTESIAN_POINT('Ctrl Pts',(0.749835382884077,-25.1234627940359,0.986505103996172));
#9852=CARTESIAN_POINT('Ctrl Pts',(0.749835382884076,-25.1234627940359,1.47979394538111));
#9853=CARTESIAN_POINT('',(0.749835382884077,-25.1234627940359,1.47979394538111));
#9854=CARTESIAN_POINT('Ctrl Pts',(1.13274733968448,-24.8807639270323,1.47979394538111));
#9855=CARTESIAN_POINT('Ctrl Pts',(1.13274733968448,-24.9340392880818,1.47979394538111));
#9856=CARTESIAN_POINT('Ctrl Pts',(1.12685638650293,-24.9764622607695,1.47979394538111));
#9857=CARTESIAN_POINT('Ctrl Pts',(1.11507448013984,-25.0080328450951,1.47979394538111));
#9858=CARTESIAN_POINT('Ctrl Pts',(1.10285679397707,-25.0407711371321,1.47979394538111));
#9859=CARTESIAN_POINT('Ctrl Pts',(1.09052884188341,-25.0662411099456,1.47979394538111));
#9860=CARTESIAN_POINT('Ctrl Pts',(1.07089233127826,-25.0820264021084,1.47979394538111));
#9861=CARTESIAN_POINT('Ctrl Pts',(1.05026316483685,-25.0986096650873,1.47979394538111));
#9862=CARTESIAN_POINT('Ctrl Pts',(1.0290400998792,-25.1135403648459,1.47979394538111));
#9863=CARTESIAN_POINT('Ctrl Pts',(1.0031463696905,-25.1175433094748,1.47979394538111));
#9864=CARTESIAN_POINT('Ctrl Pts',(0.977618905903801,-25.1214896325155,1.47979394538111));
#9865=CARTESIAN_POINT('Ctrl Pts',(0.950127791056593,-25.1234627940359,1.47979394538111));
#9866=CARTESIAN_POINT('Ctrl Pts',(0.92067302514887,-25.1234627940359,1.47979394538111));
#9867=CARTESIAN_POINT('Ctrl Pts',(0.863727144393939,-25.1234627940359,1.47979394538111));
#9868=CARTESIAN_POINT('Ctrl Pts',(0.806781263639008,-25.1234627940359,1.47979394538111));
#9869=CARTESIAN_POINT('Ctrl Pts',(0.749835382884077,-25.1234627940359,1.47979394538111));
#9870=CARTESIAN_POINT('',(0.749835382884077,-25.1234627940359,-0.00849999999999137));
#9871=CARTESIAN_POINT('Origin',(0.749835382884077,-25.1234627940359,-0.00849999999999137));
#9872=CARTESIAN_POINT('',(0.749835382884077,-25.3424837227952,1.47979394538111));
#9873=CARTESIAN_POINT('',(0.749835382884077,-25.3424837227952,1.47979394538111));
#9874=CARTESIAN_POINT('',(0.749835382884077,-25.3424837227952,-0.00849999999999132));
#9875=CARTESIAN_POINT('Origin',(0.749835382884077,-25.3424837227952,-0.00849999999999132));
#9876=CARTESIAN_POINT('',(3.16218071072659,-25.3424837227952,1.47979394538111));
#9877=CARTESIAN_POINT('',(3.16218071072658,-25.3424837227952,1.47979394538111));
#9878=CARTESIAN_POINT('',(3.16218071072659,-25.3424837227952,-0.00849999999999072));
#9879=CARTESIAN_POINT('Origin',(3.16218071072659,-25.3424837227952,-0.00849999999999072));
#9880=CARTESIAN_POINT('',(3.16218071072659,-24.5877494412596,1.47979394538111));
#9881=CARTESIAN_POINT('',(3.16218071072659,-24.5877494412596,1.47979394538111));
#9882=CARTESIAN_POINT('',(3.16218071072659,-24.5877494412596,-0.00849999999999089));
#9883=CARTESIAN_POINT('Origin',(3.16218071072659,-24.5877494412596,-0.00849999999999089));
#9884=CARTESIAN_POINT('',(2.89414234096631,-24.5877494412596,1.47979394538111));
#9885=CARTESIAN_POINT('',(2.89414234096631,-24.5877494412596,1.47979394538111));
#9886=CARTESIAN_POINT('',(2.89414234096631,-24.5877494412596,-0.00849999999999096));
#9887=CARTESIAN_POINT('Ctrl Pts',(2.89414234096631,-24.5877494412596,-7.25787736966107E-5));
#9888=CARTESIAN_POINT('Ctrl Pts',(2.89414234096631,-24.5877494412596,0.493216262611238));
#9889=CARTESIAN_POINT('Ctrl Pts',(2.89414234096631,-24.5877494412596,0.986505103996173));
#9890=CARTESIAN_POINT('Ctrl Pts',(2.89414234096631,-24.5877494412596,1.47979394538111));
#9891=CARTESIAN_POINT('Ctrl Pts',(2.88334226013348,-24.6518771906711,-7.25787736965991E-5));
#9892=CARTESIAN_POINT('Ctrl Pts',(2.88334226013348,-24.6518771906711,0.493216262611238));
#9893=CARTESIAN_POINT('Ctrl Pts',(2.88334226013348,-24.6518771906711,0.986505103996173));
#9894=CARTESIAN_POINT('Ctrl Pts',(2.88334226013348,-24.6518771906711,1.47979394538111));
#9895=CARTESIAN_POINT('Ctrl Pts',(2.87254217930064,-24.7160049400827,-7.25787736965866E-5));
#9896=CARTESIAN_POINT('Ctrl Pts',(2.87254217930064,-24.7160049400827,0.493216262611238));
#9897=CARTESIAN_POINT('Ctrl Pts',(2.87254217930064,-24.7160049400827,0.986505103996172));
#9898=CARTESIAN_POINT('Ctrl Pts',(2.87254217930064,-24.7160049400827,1.47979394538111));
#9899=CARTESIAN_POINT('Ctrl Pts',(2.85414227895378,-24.8252582148409,-7.25787736965664E-5));
#9900=CARTESIAN_POINT('Ctrl Pts',(2.85414227895378,-24.8252582148409,0.493216262611238));
#9901=CARTESIAN_POINT('Ctrl Pts',(2.85414227895378,-24.8252582148409,0.986505103996173));
#9902=CARTESIAN_POINT('Ctrl Pts',(2.85414227895378,-24.8252582148409,1.47979394538111));
#9903=CARTESIAN_POINT('Ctrl Pts',(2.84426058783177,-24.8663429234669,-7.257877369656E-5));
#9904=CARTESIAN_POINT('Ctrl Pts',(2.84426058783177,-24.8663429234669,0.493216262611238));
#9905=CARTESIAN_POINT('Ctrl Pts',(2.84426058783177,-24.8663429234669,0.986505103996173));
#9906=CARTESIAN_POINT('Ctrl Pts',(2.84426058783177,-24.8663429234669,1.47979394538111));
#9907=CARTESIAN_POINT('Ctrl Pts',(2.820505426197,-24.9419319341633,-7.25787736965501E-5));
#9908=CARTESIAN_POINT('Ctrl Pts',(2.820505426197,-24.9419319341633,0.493216262611239));
#9909=CARTESIAN_POINT('Ctrl Pts',(2.820505426197,-24.9419319341633,0.986505103996172));
#9910=CARTESIAN_POINT('Ctrl Pts',(2.820505426197,-24.9419319341633,1.47979394538111));
#9911=CARTESIAN_POINT('Ctrl Pts',(2.80478079356955,-24.9762129190939,-7.25787736965461E-5));
#9912=CARTESIAN_POINT('Ctrl Pts',(2.80478079356955,-24.9762129190939,0.493216262611237));
#9913=CARTESIAN_POINT('Ctrl Pts',(2.80478079356955,-24.9762129190939,0.986505103996173));
#9914=CARTESIAN_POINT('Ctrl Pts',(2.80478079356955,-24.9762129190939,1.47979394538111));
#9915=CARTESIAN_POINT('Ctrl Pts',(2.7606140688513,-25.0326973640996,-7.25787736965431E-5));
#9916=CARTESIAN_POINT('Ctrl Pts',(2.7606140688513,-25.0326973640996,0.493216262611239));
#9917=CARTESIAN_POINT('Ctrl Pts',(2.7606140688513,-25.0326973640996,0.986505103996173));
#9918=CARTESIAN_POINT('Ctrl Pts',(2.7606140688513,-25.0326973640996,1.47979394538111));
#9919=CARTESIAN_POINT('Ctrl Pts',(2.73588210638271,-25.0560022704153,-7.2578773696544E-5));
#9920=CARTESIAN_POINT('Ctrl Pts',(2.73588210638271,-25.0560022704153,0.493216262611238));
#9921=CARTESIAN_POINT('Ctrl Pts',(2.73588210638271,-25.0560022704153,0.986505103996173));
#9922=CARTESIAN_POINT('Ctrl Pts',(2.73588210638271,-25.0560022704153,1.47979394538111));
#9923=CARTESIAN_POINT('Ctrl Pts',(2.67617707324916,-25.0839995636288,-7.25787736965529E-5));
#9924=CARTESIAN_POINT('Ctrl Pts',(2.67617707324916,-25.0839995636288,0.493216262611239));
#9925=CARTESIAN_POINT('Ctrl Pts',(2.67617707324916,-25.0839995636288,0.986505103996173));
#9926=CARTESIAN_POINT('Ctrl Pts',(2.67617707324916,-25.0839995636288,1.47979394538111));
#9927=CARTESIAN_POINT('Ctrl Pts',(2.64083135415989,-25.09090562895,-7.25787736965604E-5));
#9928=CARTESIAN_POINT('Ctrl Pts',(2.64083135415989,-25.09090562895,0.493216262611238));
#9929=CARTESIAN_POINT('Ctrl Pts',(2.64083135415989,-25.09090562895,0.986505103996173));
#9930=CARTESIAN_POINT('Ctrl Pts',(2.64083135415989,-25.09090562895,1.47979394538111));
#9931=CARTESIAN_POINT('Ctrl Pts',(2.59959468188908,-25.09090562895,-7.25787736965706E-5));
#9932=CARTESIAN_POINT('Ctrl Pts',(2.59959468188908,-25.09090562895,0.493216262611238));
#9933=CARTESIAN_POINT('Ctrl Pts',(2.59959468188908,-25.09090562895,0.986505103996173));
#9934=CARTESIAN_POINT('Ctrl Pts',(2.59959468188908,-25.09090562895,1.47979394538111));
#9935=CARTESIAN_POINT('',(2.59959468188908,-25.09090562895,1.47979394538111));
#9936=CARTESIAN_POINT('Ctrl Pts',(2.89414234096631,-24.5877494412596,1.47979394538111));
#9937=CARTESIAN_POINT('Ctrl Pts',(2.88334226013348,-24.6518771906711,1.47979394538111));
#9938=CARTESIAN_POINT('Ctrl Pts',(2.87254217930064,-24.7160049400827,1.47979394538111));
#9939=CARTESIAN_POINT('Ctrl Pts',(2.86174209846781,-24.7801326894942,1.47979394538111));
#9940=CARTESIAN_POINT('Ctrl Pts',(2.85414227895378,-24.8252582148409,1.47979394538111));
#9941=CARTESIAN_POINT('Ctrl Pts',(2.84426058783177,-24.8663429234669,1.47979394538111));
#9942=CARTESIAN_POINT('Ctrl Pts',(2.83228733256009,-24.9044418652765,1.47979394538111));
#9943=CARTESIAN_POINT('Ctrl Pts',(2.820505426197,-24.9419319341633,1.47979394538111));
#9944=CARTESIAN_POINT('Ctrl Pts',(2.80478079356955,-24.9762129190939,1.47979394538111));
#9945=CARTESIAN_POINT('Ctrl Pts',(2.78221423051696,-25.0050731028146,1.47979394538111));
#9946=CARTESIAN_POINT('Ctrl Pts',(2.7606140688513,-25.0326973640996,1.47979394538111));
#9947=CARTESIAN_POINT('Ctrl Pts',(2.73588210638271,-25.0560022704153,1.47979394538111));
#9948=CARTESIAN_POINT('Ctrl Pts',(2.70563183915688,-25.0701874329863,1.47979394538111));
#9949=CARTESIAN_POINT('Ctrl Pts',(2.67617707324916,-25.0839995636288,1.47979394538111));
#9950=CARTESIAN_POINT('Ctrl Pts',(2.64083135415989,-25.09090562895,1.47979394538111));
#9951=CARTESIAN_POINT('Ctrl Pts',(2.59959468188908,-25.09090562895,1.47979394538111));
#9952=CARTESIAN_POINT('',(2.59959468188908,-25.09090562895,-0.00849999999999092));
#9953=CARTESIAN_POINT('Origin',(2.59959468188908,-25.09090562895,-0.00849999999999092));
#9954=CARTESIAN_POINT('',(1.78075218965438,-25.09090562895,1.47979394538111));
#9955=CARTESIAN_POINT('',(1.78075218965438,-25.09090562895,1.47979394538111));
#9956=CARTESIAN_POINT('',(1.78075218965438,-25.09090562895,-0.00849999999999112));
#9957=CARTESIAN_POINT('Origin',(3.02963426414183,-22.4093791227881,-0.00849999999999141));
#9958=CARTESIAN_POINT('',(3.02963426414183,-22.4093791227881,1.47979394538111));
#9959=CARTESIAN_POINT('',(3.02963426414183,-22.4093791227881,-0.00849999999999141));
#9960=CARTESIAN_POINT('',(0.749835382884081,-22.4093791227881,1.47979394538111));
#9961=CARTESIAN_POINT('Origin',(3.02963426414183,-23.1670731466043,-0.00849999999999124));
#9962=CARTESIAN_POINT('',(3.02963426414183,-23.1670731466043,1.47979394538111));
#9963=CARTESIAN_POINT('',(3.02963426414183,-23.1670731466043,-0.00849999999999124));
#9964=CARTESIAN_POINT('',(3.02963426414183,-22.4093791227881,1.47979394538111));
#9965=CARTESIAN_POINT('Origin',(2.75275946460924,-23.1670731466043,-0.00849999999999131));
#9966=CARTESIAN_POINT('',(2.75275946460924,-23.1670731466043,1.47979394538111));
#9967=CARTESIAN_POINT('',(2.75275946460924,-23.1670731466043,-0.00849999999999131));
#9968=CARTESIAN_POINT('',(3.02963426414183,-23.1670731466043,1.47979394538111));
#9969=CARTESIAN_POINT('Ctrl Pts',(2.4699937118951,-22.6609572166334,-7.25787736972178E-5));
#9970=CARTESIAN_POINT('Ctrl Pts',(2.4699937118951,-22.6609572166334,0.493216262611237));
#9971=CARTESIAN_POINT('Ctrl Pts',(2.4699937118951,-22.6609572166334,0.986505103996172));
#9972=CARTESIAN_POINT('Ctrl Pts',(2.4699937118951,-22.6609572166334,1.47979394538111));
#9973=CARTESIAN_POINT('Ctrl Pts',(2.55443070749724,-22.6609572166334,-7.25787736971969E-5));
#9974=CARTESIAN_POINT('Ctrl Pts',(2.55443070749724,-22.6609572166334,0.493216262611238));
#9975=CARTESIAN_POINT('Ctrl Pts',(2.55443070749724,-22.6609572166334,0.986505103996172));
#9976=CARTESIAN_POINT('Ctrl Pts',(2.55443070749724,-22.6609572166334,1.47979394538111));
#9977=CARTESIAN_POINT('Ctrl Pts',(2.61534048498703,-22.689272397411,-7.25787736971753E-5));
#9978=CARTESIAN_POINT('Ctrl Pts',(2.61534048498703,-22.689272397411,0.493216262611238));
#9979=CARTESIAN_POINT('Ctrl Pts',(2.61534048498703,-22.689272397411,0.986505103996173));
#9980=CARTESIAN_POINT('Ctrl Pts',(2.61534048498703,-22.689272397411,1.47979394538111));
#9981=CARTESIAN_POINT('Ctrl Pts',(2.69483175832405,-22.7971053615378,-7.25787736971314E-5));
#9982=CARTESIAN_POINT('Ctrl Pts',(2.69483175832405,-22.7971053615378,0.493216262611237));
#9983=CARTESIAN_POINT('Ctrl Pts',(2.69483175832405,-22.7971053615378,0.986505103996172));
#9984=CARTESIAN_POINT('Ctrl Pts',(2.69483175832405,-22.7971053615378,1.47979394538111));
#9985=CARTESIAN_POINT('Ctrl Pts',(2.72134420153783,-22.8739471487483,-7.25787736971076E-5));
#9986=CARTESIAN_POINT('Ctrl Pts',(2.72134420153783,-22.8739471487483,0.493216262611238));
#9987=CARTESIAN_POINT('Ctrl Pts',(2.72134420153783,-22.8739471487483,0.986505103996173));
#9988=CARTESIAN_POINT('Ctrl Pts',(2.72134420153783,-22.8739471487483,1.47979394538111));
#9989=CARTESIAN_POINT('Ctrl Pts',(2.73901390718563,-23.0388176477813,-7.25787736970671E-5));
#9990=CARTESIAN_POINT('Ctrl Pts',(2.73901390718563,-23.0388176477813,0.493216262611237));
#9991=CARTESIAN_POINT('Ctrl Pts',(2.73901390718563,-23.0388176477813,0.986505103996172));
#9992=CARTESIAN_POINT('Ctrl Pts',(2.73901390718563,-23.0388176477813,1.47979394538111));
#9993=CARTESIAN_POINT('Ctrl Pts',(2.74588668589744,-23.1029453971928,-7.25787736970496E-5));
#9994=CARTESIAN_POINT('Ctrl Pts',(2.74588668589744,-23.1029453971928,0.493216262611238));
#9995=CARTESIAN_POINT('Ctrl Pts',(2.74588668589744,-23.1029453971928,0.986505103996172));
#9996=CARTESIAN_POINT('Ctrl Pts',(2.74588668589744,-23.1029453971928,1.47979394538111));
#9997=CARTESIAN_POINT('Ctrl Pts',(2.75275946460924,-23.1670731466043,-7.25787736970335E-5));
#9998=CARTESIAN_POINT('Ctrl Pts',(2.75275946460924,-23.1670731466043,0.493216262611238));
#9999=CARTESIAN_POINT('Ctrl Pts',(2.75275946460924,-23.1670731466043,0.986505103996172));
#10000=CARTESIAN_POINT('Ctrl Pts',(2.75275946460924,-23.1670731466043,1.47979394538111));
#10001=CARTESIAN_POINT('',(2.4699937118951,-22.6609572166334,1.47979394538111));
#10002=CARTESIAN_POINT('',(2.4699937118951,-22.6609572166334,-0.00849999999999149));
#10003=CARTESIAN_POINT('Ctrl Pts',(2.4699937118951,-22.6609572166334,1.47979394538111));
#10004=CARTESIAN_POINT('Ctrl Pts',(2.55443070749724,-22.6609572166334,1.47979394538111));
#10005=CARTESIAN_POINT('Ctrl Pts',(2.61534048498703,-22.689272397411,1.47979394538111));
#10006=CARTESIAN_POINT('Ctrl Pts',(2.65555873711375,-22.7438300004882,1.47979394538111));
#10007=CARTESIAN_POINT('Ctrl Pts',(2.69483175832405,-22.7971053615378,1.47979394538111));
#10008=CARTESIAN_POINT('Ctrl Pts',(2.72134420153783,-22.8739471487483,1.47979394538111));
#10009=CARTESIAN_POINT('Ctrl Pts',(2.73214112847383,-22.9746898983697,1.47979394538111));
#10010=CARTESIAN_POINT('Ctrl Pts',(2.73901390718563,-23.0388176477813,1.47979394538111));
#10011=CARTESIAN_POINT('Ctrl Pts',(2.74588668589744,-23.1029453971928,1.47979394538111));
#10012=CARTESIAN_POINT('Ctrl Pts',(2.75275946460924,-23.1670731466043,1.47979394538111));
#10013=CARTESIAN_POINT('Origin',(1.78075218965438,-22.6609572166334,-0.00849999999999166));
#10014=CARTESIAN_POINT('',(1.78075218965438,-22.6609572166334,1.47979394538111));
#10015=CARTESIAN_POINT('',(1.78075218965438,-22.6609572166334,-0.00849999999999166));
#10016=CARTESIAN_POINT('',(2.4699937118951,-22.6609572166334,1.47979394538111));
#10017=CARTESIAN_POINT('Origin',(1.78075218965438,-23.6879877879779,-0.00849999999999143));
#10018=CARTESIAN_POINT('',(1.78075218965438,-23.6879877879779,1.47979394538111));
#10019=CARTESIAN_POINT('',(1.78075218965438,-23.6879877879779,-0.00849999999999143));
#10020=CARTESIAN_POINT('',(1.78075218965438,-22.6609572166334,1.47979394538111));
#10021=CARTESIAN_POINT('Origin',(2.75275946460924,-23.6879877879779,-0.00849999999999119));
#10022=CARTESIAN_POINT('',(2.75275946460924,-23.6879877879779,1.47979394538111));
#10023=CARTESIAN_POINT('',(2.75275946460924,-23.6879877879779,-0.00849999999999119));
#10024=CARTESIAN_POINT('',(1.78075218965438,-23.6879877879779,1.47979394538111));
#10025=CARTESIAN_POINT('Origin',(2.75275946460924,-23.9336463972621,-0.00849999999999114));
#10026=CARTESIAN_POINT('',(2.75275946460924,-23.9336463972621,1.47979394538111));
#10027=CARTESIAN_POINT('',(2.75275946460924,-23.9336463972621,-0.00849999999999114));
#10028=CARTESIAN_POINT('',(2.75275946460924,-23.6879877879779,1.47979394538111));
#10029=CARTESIAN_POINT('Origin',(1.78075218965438,-23.9336463972621,-0.00849999999999138));
#10030=CARTESIAN_POINT('',(1.78075218965438,-23.9336463972621,1.47979394538111));
#10031=CARTESIAN_POINT('',(1.78075218965438,-23.9336463972621,-0.00849999999999138));
#10032=CARTESIAN_POINT('',(2.75275946460924,-23.9336463972621,1.47979394538111));
#10033=CARTESIAN_POINT('Origin',(1.78075218965438,-25.09090562895,-0.00849999999999112));
#10034=CARTESIAN_POINT('',(1.78075218965438,-23.9336463972621,1.47979394538111));
#10035=CARTESIAN_POINT('Origin',(-1.55058183450909,-24.3776077393418,1.47979394538111));
#10036=CARTESIAN_POINT('Origin',(-16.0001395635986,30.00004491851,-7.25787737165506E-5));
#10037=CARTESIAN_POINT('Origin',(-17.0085,76.5,29.5000000000001));
#10038=CARTESIAN_POINT('',(-17.0085,76.3819875033621,26.9942774892984));
#10039=CARTESIAN_POINT('',(-17.0085,76.6180124966379,26.9942774892984));
#10040=CARTESIAN_POINT('',(-17.0084999999999,-5.00850000000001,26.9942774892984));
#10041=CARTESIAN_POINT('Origin',(-17.0085,76.5,29.5000000000001));
#10042=CARTESIAN_POINT('Origin',(-17.0085,76.5,29.5000000000001));
#10043=CARTESIAN_POINT('',(-16.0084999999999,75.0419646024263,27.4587491507849));
#10044=CARTESIAN_POINT('Ctrl Pts',(-16.0084999999999,75.0419646024263,27.4587491507849));
#10045=CARTESIAN_POINT('Ctrl Pts',(-16.1487325976462,75.2477644524367,27.3117493510072));
#10046=CARTESIAN_POINT('Ctrl Pts',(-16.3184476915203,75.4791650146775,27.1949702995881));
#10047=CARTESIAN_POINT('Ctrl Pts',(-16.6654759051567,75.9388813752078,27.0439377204859));
#10048=CARTESIAN_POINT('Ctrl Pts',(-16.8414832574886,76.1664941429172,27.0044266216809));
#10049=CARTESIAN_POINT('Ctrl Pts',(-17.0085,76.3819875033621,26.9942774892984));
#10050=CARTESIAN_POINT('',(-16.0084999999999,77.9580353975737,27.4587491507849));
#10051=CARTESIAN_POINT('Origin',(-16.0085,76.5,29.5000000000001));
#10052=CARTESIAN_POINT('Ctrl Pts',(-17.0085,76.6180124966379,26.9942774892984));
#10053=CARTESIAN_POINT('Ctrl Pts',(-16.8414832574886,76.8335058570828,27.0044266216809));
#10054=CARTESIAN_POINT('Ctrl Pts',(-16.6654759051567,77.0611186247922,27.0439377204859));
#10055=CARTESIAN_POINT('Ctrl Pts',(-16.3184476915203,77.5208349853225,27.1949702995881));
#10056=CARTESIAN_POINT('Ctrl Pts',(-16.1487325976462,77.7522355475633,27.3117493510072));
#10057=CARTESIAN_POINT('Ctrl Pts',(-16.0084999999999,77.9580353975737,27.4587491507849));
#10058=CARTESIAN_POINT('Origin',(-17.0999984741211,-5.00850000000002,28.5));
#10059=CARTESIAN_POINT('',(-16.0085,80.0085,27.4587491507849));
#10060=CARTESIAN_POINT('',(-16.0084999999999,-5.00850000000001,27.4587491507849));
#10061=CARTESIAN_POINT('Origin',(-17.0999984741211,80.0085,28.5));
#10062=CARTESIAN_POINT('',(-15.6738147552405,29.9915,28.9915));
#10063=CARTESIAN_POINT('Origin',(-17.0999984741211,29.9915,28.5));
#10064=CARTESIAN_POINT('',(-15.6738147552405,72.0202678651509,28.9915));
#10065=CARTESIAN_POINT('',(-15.6738147552405,-5.00850000000002,28.9915));
#10066=CARTESIAN_POINT('',(-16.0085,72.4800662666435,27.4587491507849));
#10067=CARTESIAN_POINT('Ctrl Pts',(-15.6738147552405,72.0202678651509,28.9915));
#10068=CARTESIAN_POINT('Ctrl Pts',(-15.6505286256352,72.027937738163,28.9239307244785));
#10069=CARTESIAN_POINT('Ctrl Pts',(-15.6321888337998,72.0373286928191,28.855012558451));
#10070=CARTESIAN_POINT('Ctrl Pts',(-15.6002125867905,72.0638765739028,28.6894707887785));
#10071=CARTESIAN_POINT('Ctrl Pts',(-15.5914984741211,72.0826841647,28.5928305248863));
#10072=CARTESIAN_POINT('Ctrl Pts',(-15.5914984741211,72.1263030636872,28.4010731320235));
#10073=CARTESIAN_POINT('Ctrl Pts',(-15.6013735399158,72.1529243363661,28.2998486108505));
#10074=CARTESIAN_POINT('Ctrl Pts',(-15.6418577925135,72.2130127343759,28.1002963290336));
#10075=CARTESIAN_POINT('Ctrl Pts',(-15.6724461174554,72.2464738862242,28.0019625379548));
#10076=CARTESIAN_POINT('Ctrl Pts',(-15.784595244287,72.345712516429,27.7389748741648));
#10077=CARTESIAN_POINT('Ctrl Pts',(-15.8881959996782,72.4160301012934,27.5848586592485));
#10078=CARTESIAN_POINT('Ctrl Pts',(-16.0085,72.4800662666435,27.4587491507849));
#10079=CARTESIAN_POINT('',(-16.0084999999999,-5.00850000000001,27.4587491507849));
#10080=CARTESIAN_POINT('Origin',(-16.0085,76.5,29.5000000000001));
#10081=CARTESIAN_POINT('Origin',(-16.0085,76.5,29.5000000000001));
#10082=CARTESIAN_POINT('',(-16.0085,80.0085,29.0000000000001));
#10083=CARTESIAN_POINT('Origin',(-16.0085,76.5,29.5000000000001));
#10084=CARTESIAN_POINT('',(1.33759090909073,72.0202678651509,28.9915));
#10085=CARTESIAN_POINT('',(-16.0085,72.0202678651509,28.9915));
#10086=CARTESIAN_POINT('Origin',(1.33759090909095,76.5,29.5000000000001));
#10087=CARTESIAN_POINT('Origin',(-17.0999984741211,80.0085,28.5));
#10088=CARTESIAN_POINT('Origin',(-3.79999923706054,29.9915,39.));
#10089=CARTESIAN_POINT('',(-14.6487890277457,29.9915,28.9915));
#10090=CARTESIAN_POINT('Origin',(-17.0999984741211,29.9915,28.5));
#10091=CARTESIAN_POINT('',(-3.79999923706053,29.9915,28.9915));
#10092=CARTESIAN_POINT('Origin',(-3.79999923706053,60.5,28.9915));
#10093=CARTESIAN_POINT('',(-14.6487890277456,71.0373890043996,28.9914999999998));
#10094=CARTESIAN_POINT('',(-14.6487890277457,30.,28.9915));
#10095=CARTESIAN_POINT('',(-14.625,71.0235570166395,28.9915));
#10096=CARTESIAN_POINT('Ctrl Pts',(-14.625,71.0235570166395,28.9915));
#10097=CARTESIAN_POINT('Ctrl Pts',(-14.6369095540006,71.0304816805734,28.9914999999998));
#10098=CARTESIAN_POINT('Ctrl Pts',(-14.6487890277456,71.0373890043996,28.9914999999998));
#10099=CARTESIAN_POINT('',(-0.374999999999963,71.0235570166395,28.9915));
#10100=CARTESIAN_POINT('',(-17.,71.0235570166395,28.9915));
#10101=CARTESIAN_POINT('Ctrl Pts',(1.33759090909073,72.0202678651509,28.9915));
#10102=CARTESIAN_POINT('Ctrl Pts',(0.567019034116621,71.571282416783,28.9915));
#10103=CARTESIAN_POINT('Ctrl Pts',(-0.374999999999966,71.0235570166395,
28.9915));
#10104=CARTESIAN_POINT('Origin',(-17.1,80.,28.5));
#10105=CARTESIAN_POINT('',(-15.9255386508572,80.,26.2930472276531));
#10106=CARTESIAN_POINT('Ctrl Pts',(-15.2528042718437,81.6113024830494,28.9915));
#10107=CARTESIAN_POINT('Ctrl Pts',(-15.2500130806663,81.6117400814327,28.9795753208933));
#10108=CARTESIAN_POINT('Ctrl Pts',(-15.2472754380421,81.6121039622053,28.9676351930673));
#10109=CARTESIAN_POINT('Ctrl Pts',(-15.2110054752445,81.616021535681,28.8060922006655));
#10110=CARTESIAN_POINT('Ctrl Pts',(-15.1859069591097,81.6078891125876,28.6542347637931));
#10111=CARTESIAN_POINT('Ctrl Pts',(-15.1530920601413,81.5689901324166,28.3562385030021));
#10112=CARTESIAN_POINT('Ctrl Pts',(-15.145379837077,81.5382153985836,28.2101002884406));
#10113=CARTESIAN_POINT('Ctrl Pts',(-15.145379837077,81.4591865067911,27.9334991671665));
#10114=CARTESIAN_POINT('Ctrl Pts',(-15.1530920601413,81.408110903296,27.79316120108));
#10115=CARTESIAN_POINT('Ctrl Pts',(-15.1859069591097,81.2837063524572,27.5195951033369));
#10116=CARTESIAN_POINT('Ctrl Pts',(-15.2110054752446,81.2103846695663,27.3863631692638));
#10117=CARTESIAN_POINT('Ctrl Pts',(-15.2781779645238,81.0461671011183,27.1361755167029));
#10118=CARTESIAN_POINT('Ctrl Pts',(-15.3203112225813,80.9551589806016,27.0190337530878));
#10119=CARTESIAN_POINT('Ctrl Pts',(-15.4190993370736,80.7629904878598,26.807280199207));
#10120=CARTESIAN_POINT('Ctrl Pts',(-15.4757781118169,80.66184287189,26.712667991843));
#10121=CARTESIAN_POINT('Ctrl Pts',(-15.6075394821983,80.444543198762,26.5373126422569));
#10122=CARTESIAN_POINT('Ctrl Pts',(-15.6938461739961,80.3126463879892,26.4488446124912));
#10123=CARTESIAN_POINT('Ctrl Pts',(-15.833839214755,80.1191935983812,26.3461464927564));
#10124=CARTESIAN_POINT('Ctrl Pts',(-15.8791321620252,80.0590677899584,26.3177431016045));
#10125=CARTESIAN_POINT('Ctrl Pts',(-15.9255386508572,80.,26.2930472276531));
#10126=CARTESIAN_POINT('',(-17.0999992079567,80.,26.0000000000001));
#10127=CARTESIAN_POINT('Origin',(-17.1,80.,28.5));
#10128=CARTESIAN_POINT('',(-17.1,82.5,28.5));
#10129=CARTESIAN_POINT('Origin',(-17.1,80.,28.5));
#10130=CARTESIAN_POINT('Origin',(-17.1,80.,28.5));
#10131=CARTESIAN_POINT('Origin',(-15.8125,76.5000000000002,29.5));
#10132=CARTESIAN_POINT('',(-14.625,71.1689345125721,28.1473208921723));
#10133=CARTESIAN_POINT('Origin',(-14.625,76.5000000000002,29.5));
#10134=CARTESIAN_POINT('',(-17.,74.313764382794,26.0020007395571));
#10135=CARTESIAN_POINT('Ctrl Pts',(-17.,74.313764382794,26.0020007395571));
#10136=CARTESIAN_POINT('Ctrl Pts',(-16.9447793023863,74.2499065384397,26.0042113028622));
#10137=CARTESIAN_POINT('Ctrl Pts',(-16.8906121900454,74.1864388695043,26.0082195501095));
#10138=CARTESIAN_POINT('Ctrl Pts',(-16.5319917263187,73.7622929357703,26.0460294986551));
#10139=CARTESIAN_POINT('Ctrl Pts',(-16.2112042026908,73.3639548416742,26.1386229527087));
#10140=CARTESIAN_POINT('Ctrl Pts',(-15.6117805608288,72.6002727597129,26.4625348048733));
#10141=CARTESIAN_POINT('Ctrl Pts',(-15.3334902542651,72.2346989803441,26.6939512374856));
#10142=CARTESIAN_POINT('Ctrl Pts',(-15.0270207917349,71.8110420485748,27.0954621529228));
#10143=CARTESIAN_POINT('Ctrl Pts',(-14.9443232318148,71.693778252559,27.223839517668));
#10144=CARTESIAN_POINT('Ctrl Pts',(-14.7994225857153,71.478664285466,27.5086010321682));
#10145=CARTESIAN_POINT('Ctrl Pts',(-14.7372481093178,71.3808405755543,27.6650197268447));
#10146=CARTESIAN_POINT('Ctrl Pts',(-14.6627931681974,71.2495085502692,27.9332363612228));
#10147=CARTESIAN_POINT('Ctrl Pts',(-14.6404317369109,71.2056301460434,28.0390254914529));
#10148=CARTESIAN_POINT('Ctrl Pts',(-14.625,71.1689345125721,28.1473208921723));
#10149=CARTESIAN_POINT('',(-17.,78.6862356172063,26.0020007395571));
#10150=CARTESIAN_POINT('Origin',(-17.,76.5000000000002,29.5));
#10151=CARTESIAN_POINT('Ctrl Pts',(-15.9255381758289,79.9999998606031,26.2930466684283));
#10152=CARTESIAN_POINT('Ctrl Pts',(-15.9316333748644,79.9922416819873,26.2898030251781));
#10153=CARTESIAN_POINT('Ctrl Pts',(-15.9377372339,79.984477202243,26.2865871740029));
#10154=CARTESIAN_POINT('Ctrl Pts',(-16.2342113102875,79.6075733728516,26.1319503725574));
#10155=CARTESIAN_POINT('Ctrl Pts',(-16.5435263787536,79.2240648535306,26.0448133811739));
#10156=CARTESIAN_POINT('Ctrl Pts',(-16.8906121900454,78.813561130496,26.0082195501095));
#10157=CARTESIAN_POINT('Ctrl Pts',(-16.9447793023863,78.7500934615607,26.0042113028622));
#10158=CARTESIAN_POINT('Ctrl Pts',(-17.,78.6862356172063,26.0020007395571));
#10159=CARTESIAN_POINT('Origin',(-17.0999984741211,30.,28.5));
#10160=CARTESIAN_POINT('',(-17.,30.,26.0020007395571));
#10161=CARTESIAN_POINT('',(-14.625,71.0382259601339,28.8526791078277));
#10162=CARTESIAN_POINT('Ctrl Pts',(-14.625,71.1689345125721,28.1473208921723));
#10163=CARTESIAN_POINT('Ctrl Pts',(-14.6082267274536,71.1390673634202,28.2650307962658));
#10164=CARTESIAN_POINT('Ctrl Pts',(-14.5999984741211,71.1132453916832,28.3833299229433));
#10165=CARTESIAN_POINT('Ctrl Pts',(-14.5999984741211,71.0704013755781,28.615044368314));
#10166=CARTESIAN_POINT('Ctrl Pts',(-14.6080160805767,71.0523519541488,28.7334909457725));
#10167=CARTESIAN_POINT('Ctrl Pts',(-14.625,71.0382259601339,28.8526791078277));
#10168=CARTESIAN_POINT('Ctrl Pts',(-14.625,71.0382259601339,28.8526791078277));
#10169=CARTESIAN_POINT('Ctrl Pts',(-14.6273862956048,71.0376324209955,28.8694254300503));
#10170=CARTESIAN_POINT('Ctrl Pts',(-14.6299432038752,71.0372172973591,28.8861519518068));
#10171=CARTESIAN_POINT('Ctrl Pts',(-14.6375053322973,71.0365588620211,28.9324672190274));
#10172=CARTESIAN_POINT('Ctrl Pts',(-14.6428792252242,71.0366963462891,28.9620266250927));
#10173=CARTESIAN_POINT('Ctrl Pts',(-14.6487890277456,71.0373890043996,28.9914999999997));
#10174=CARTESIAN_POINT('Origin',(-17.,76.5000000000002,29.5));
#10175=CARTESIAN_POINT('Origin',(-14.625,76.5000000000002,29.5));
#10176=CARTESIAN_POINT('Origin',(-0.374999999999964,76.5000000000002,29.5));
#10177=CARTESIAN_POINT('Origin',(0.812500000000036,76.5000000000002,29.5));
#10178=CARTESIAN_POINT('Origin',(-15.8125,76.5000000000002,29.5));
#10179=CARTESIAN_POINT('Origin',(-17.,76.5000000000002,29.5));
#10180=CARTESIAN_POINT('Origin',(-50.,-20.,23.));
#10181=CARTESIAN_POINT('',(-51.,-20.,21.8819660112501));
#10182=CARTESIAN_POINT('Origin',(-50.,-20.,23.));
#10183=CARTESIAN_POINT('',(-51.,-20.,21.90124));
#10184=CARTESIAN_POINT('',(-51.,-20.,18.5));
#10185=CARTESIAN_POINT('Origin',(-44.074092,-20.,21.90124));
#10186=CARTESIAN_POINT('Origin',(-47.5000000000133,1.36657880278201E-12,
26.5580001449585));
#10187=CARTESIAN_POINT('',(-48.0085,-8.25178499999738,26.5580001449585));
#10188=CARTESIAN_POINT('',(-48.0085,8.25178500000011,26.5580001449585));
#10189=CARTESIAN_POINT('',(-48.0085,6.85365310721317E-13,26.5580001449585));
#10190=CARTESIAN_POINT('',(-48.8752975000133,8.25178500000011,26.5580001449585));
#10191=CARTESIAN_POINT('',(-47.5000000000133,8.25178500000011,26.5580001449585));
#10192=CARTESIAN_POINT('',(-48.8752975000133,-8.25178499999738,26.5580001449585));
#10193=CARTESIAN_POINT('',(-48.8752975000133,1.36657880278201E-12,26.5580001449585));
#10194=CARTESIAN_POINT('',(-47.5000000000133,-8.25178499999738,26.5580001449585));
#10195=CARTESIAN_POINT('Origin',(-47.5000000000133,9.,23.7780001449585));
#10196=CARTESIAN_POINT('',(-48.70633043886,9.,26.3268848449585));
#10197=CARTESIAN_POINT('',(-48.7063304388599,8.99999999999999,16.9895001449585));
#10198=CARTESIAN_POINT('',(-48.8752975000133,9.,26.3268848449585));
#10199=CARTESIAN_POINT('',(-48.8752975000133,9.,23.7780001449585));
#10200=CARTESIAN_POINT('',(-47.5000000000133,9.,26.3268848449585));
#10201=CARTESIAN_POINT('Ctrl Pts',(-48.8752975000133,9.,26.3268848449585));
#10202=CARTESIAN_POINT('Ctrl Pts',(-48.8752975000133,9.,26.5580001449585));
#10203=CARTESIAN_POINT('Ctrl Pts',(-48.8752975000133,8.25178500000011,26.5580001449585));
#10204=CARTESIAN_POINT('Ctrl Pts',(-48.0085,9.,26.3268848449585));
#10205=CARTESIAN_POINT('Ctrl Pts',(-48.0085,9.,26.5580001449585));
#10206=CARTESIAN_POINT('Ctrl Pts',(-48.0085,8.25178500000011,26.5580001449585));
#10207=CARTESIAN_POINT('',(-48.0085,9.,26.3268848449585));
#10208=CARTESIAN_POINT('Origin',(-48.0085,8.25178500000011,26.3268848449585));
#10209=CARTESIAN_POINT('',(-48.2936695611401,9.,26.3268848449585));
#10210=CARTESIAN_POINT('',(-47.5000000000133,9.,26.3268848449585));
#10211=CARTESIAN_POINT('Ctrl Pts',(-48.2936695611401,9.,26.3268848449585));
#10212=CARTESIAN_POINT('Ctrl Pts',(-48.2936695611401,9.,26.3275043856909));
#10213=CARTESIAN_POINT('Ctrl Pts',(-48.2937691240654,8.99999177736607,26.328123544014));
#10214=CARTESIAN_POINT('Ctrl Pts',(-48.2941453184684,8.99996077351731,26.3293270648027));
#10215=CARTESIAN_POINT('Ctrl Pts',(-48.2944231721166,8.99993789043383,26.3299110422769));
#10216=CARTESIAN_POINT('Ctrl Pts',(-48.2954364467966,8.99985471896624,26.3315763539928));
#10217=CARTESIAN_POINT('Ctrl Pts',(-48.296368113233,8.99977857694483,26.33256691205));
#10218=CARTESIAN_POINT('Ctrl Pts',(-48.2987225676523,8.99958769309346,26.3346612271815));
#10219=CARTESIAN_POINT('Ctrl Pts',(-48.3006410175539,8.99943385643527,26.3359230794625));
#10220=CARTESIAN_POINT('Ctrl Pts',(-48.3064830188556,8.99897201581321,26.3392238303567));
#10221=CARTESIAN_POINT('Ctrl Pts',(-48.3118552025691,8.99856148199225,26.3412877916913));
#10222=CARTESIAN_POINT('Ctrl Pts',(-48.3297290752925,8.99724983913736,26.3471627098093));
#10223=CARTESIAN_POINT('Ctrl Pts',(-48.3462592423466,8.99617714639712,26.3503176142992));
#10224=CARTESIAN_POINT('Ctrl Pts',(-48.4034588755961,8.99298269612777,26.3591777638045));
#10225=CARTESIAN_POINT('Ctrl Pts',(-48.4560823854461,8.99149999999997,26.3616227000708));
#10226=CARTESIAN_POINT('Ctrl Pts',(-48.543917614554,8.99149999999997,26.3616227000708));
#10227=CARTESIAN_POINT('Ctrl Pts',(-48.5965411244039,8.99298269612777,26.3591777638045));
#10228=CARTESIAN_POINT('Ctrl Pts',(-48.6537407576534,8.99617714639712,26.3503176142992));
#10229=CARTESIAN_POINT('Ctrl Pts',(-48.6702709247076,8.99724983913736,26.3471627098093));
#10230=CARTESIAN_POINT('Ctrl Pts',(-48.6881447974309,8.99856148199225,26.3412877916913));
#10231=CARTESIAN_POINT('Ctrl Pts',(-48.6935169811444,8.99897201581321,26.3392238303567));
#10232=CARTESIAN_POINT('Ctrl Pts',(-48.6993589824462,8.99943385643527,26.3359230794625));
#10233=CARTESIAN_POINT('Ctrl Pts',(-48.7012774323478,8.99958769309346,26.3346612271815));
#10234=CARTESIAN_POINT('Ctrl Pts',(-48.703631886767,8.99977857694483,26.33256691205));
#10235=CARTESIAN_POINT('Ctrl Pts',(-48.7045635532034,8.99985471896624,26.3315763539928));
#10236=CARTESIAN_POINT('Ctrl Pts',(-48.7055768278834,8.99993789043383,26.3299110422769));
#10237=CARTESIAN_POINT('Ctrl Pts',(-48.7058546815316,8.99996077351732,26.3293270648027));
#10238=CARTESIAN_POINT('Ctrl Pts',(-48.7062308759346,8.99999177736608,26.328123544014));
#10239=CARTESIAN_POINT('Ctrl Pts',(-48.70633043886,9.,26.3275043856909));
#10240=CARTESIAN_POINT('Ctrl Pts',(-48.70633043886,9.,26.3268848449585));
#10241=CARTESIAN_POINT('Origin',(-48.8752975000133,8.25178500000011,26.3268848449585));
#10242=CARTESIAN_POINT('Ctrl Pts',(-49.0000000000133,-8.25178499999738,
26.3268848449585));
#10243=CARTESIAN_POINT('Ctrl Pts',(-49.0000000000133,-8.25178499999738,
26.5580001449585));
#10244=CARTESIAN_POINT('Ctrl Pts',(-48.8752975000133,-8.25178499999738,
26.5580001449585));
#10245=CARTESIAN_POINT('Ctrl Pts',(-49.0000000000133,8.25178500000011,26.3268848449585));
#10246=CARTESIAN_POINT('Ctrl Pts',(-49.0000000000133,8.25178500000011,26.5580001449585));
#10247=CARTESIAN_POINT('Ctrl Pts',(-48.8752975000133,8.25178500000011,26.5580001449585));
#10248=CARTESIAN_POINT('',(-49.0000000000133,8.25178500000011,26.3268848449585));
#10249=CARTESIAN_POINT('Origin',(-48.8752975000133,8.25178500000011,26.3268848449585));
#10250=CARTESIAN_POINT('',(-49.0000000000133,-8.25178499999738,26.3268848449585));
#10251=CARTESIAN_POINT('',(-49.0000000000133,1.36648166992129E-12,26.3268848449585));
#10252=CARTESIAN_POINT('Origin',(-48.8752975000133,-8.25178499999738,26.3268848449585));
#10253=CARTESIAN_POINT('Ctrl Pts',(-48.8243879175718,-7.94632750534801,
26.5155896972086));
#10254=CARTESIAN_POINT('Ctrl Pts',(-48.8243879175718,-7.94632750534801,
26.5155896972086));
#10255=CARTESIAN_POINT('Ctrl Pts',(-48.8243879175718,-7.94632750534801,
26.5155896972086));
#10256=CARTESIAN_POINT('Ctrl Pts',(-48.8243879175718,-7.94632750534801,
26.5155896972086));
#10257=CARTESIAN_POINT('Ctrl Pts',(-48.8243879175718,-7.94632750534801,
26.5155896972086));
#10258=CARTESIAN_POINT('Ctrl Pts',(-48.8243879175718,-7.94632750534801,
26.5155896972086));
#10259=CARTESIAN_POINT('Ctrl Pts',(-48.8243879175718,-7.94632750534801,
26.5155896972086));
#10260=CARTESIAN_POINT('Ctrl Pts',(-48.8243879175718,-7.94632750534801,
26.5155896972086));
#10261=CARTESIAN_POINT('Ctrl Pts',(-48.8243879175718,-7.94632750534801,
26.5155896972086));
#10262=CARTESIAN_POINT('Ctrl Pts',(-48.7523908956281,-7.51434537368636,
26.3821552165397));
#10263=CARTESIAN_POINT('Ctrl Pts',(-48.6642129122472,-8.04341327397177,
26.3821552165397));
#10264=CARTESIAN_POINT('Ctrl Pts',(-48.7362099341908,-8.47539540563342,
26.5155896972086));
#10265=CARTESIAN_POINT('Ctrl Pts',(-48.8082069561345,-8.90737753729507,
26.6490241778774));
#10266=CARTESIAN_POINT('Ctrl Pts',(-48.8963849395154,-8.37830963700966,
26.6490241778774));
#10267=CARTESIAN_POINT('Ctrl Pts',(-48.9845629228963,-7.84924173672424,
26.6490241778774));
#10268=CARTESIAN_POINT('Ctrl Pts',(-48.9125659009527,-7.41725960506259,
26.5155896972086));
#10269=CARTESIAN_POINT('Ctrl Pts',(-48.8405688790091,-6.98527747340094,
26.3821552165397));
#10270=CARTESIAN_POINT('Ctrl Pts',(-48.7523908956281,-7.51434537368636,
26.3821552165397));
#10271=CARTESIAN_POINT('Ctrl Pts',(-48.8033004780697,-7.81980286833573,
26.1934503642897));
#10272=CARTESIAN_POINT('Ctrl Pts',(-48.7151224946888,-8.34887076862114,
26.1934503642897));
#10273=CARTESIAN_POINT('Ctrl Pts',(-48.7871195166324,-8.78085290028279,
26.3268848449585));
#10274=CARTESIAN_POINT('Ctrl Pts',(-48.859116538576,-9.21283503194444,26.4603193256273));
#10275=CARTESIAN_POINT('Ctrl Pts',(-48.9472945219569,-8.68376713165903,
26.4603193256273));
#10276=CARTESIAN_POINT('Ctrl Pts',(-49.0354725053379,-8.15469923137362,
26.4603193256273));
#10277=CARTESIAN_POINT('Ctrl Pts',(-48.9634754833942,-7.72271709971197,
26.3268848449585));
#10278=CARTESIAN_POINT('Ctrl Pts',(-48.8914784614506,-7.29073496805032,
26.1934503642897));
#10279=CARTESIAN_POINT('Ctrl Pts',(-48.8033004780697,-7.81980286833573,
26.1934503642897));
#10280=CARTESIAN_POINT('Ctrl Pts',(-48.8542100605113,-8.1252603629851,26.0047455120396));
#10281=CARTESIAN_POINT('Ctrl Pts',(-48.7660320771304,-8.65432826327051,
26.0047455120396));
#10282=CARTESIAN_POINT('Ctrl Pts',(-48.838029099074,-9.08631039493217,26.1381799927084));
#10283=CARTESIAN_POINT('Ctrl Pts',(-48.9100261210176,-9.51829252659382,
26.2716144733773));
#10284=CARTESIAN_POINT('Ctrl Pts',(-48.9982041043985,-8.98922462630841,
26.2716144733773));
#10285=CARTESIAN_POINT('Ctrl Pts',(-49.0863820877794,-8.46015672602299,
26.2716144733773));
#10286=CARTESIAN_POINT('Ctrl Pts',(-49.0143850658358,-8.02817459436134,
26.1381799927084));
#10287=CARTESIAN_POINT('Ctrl Pts',(-48.9423880438922,-7.59619246269969,
26.0047455120396));
#10288=CARTESIAN_POINT('Ctrl Pts',(-48.8542100605113,-8.1252603629851,26.0047455120396));
#10289=CARTESIAN_POINT('Ctrl Pts',(-48.9262070824549,-8.55724249464675,
26.1381799927084));
#10290=CARTESIAN_POINT('Ctrl Pts',(-48.9262070824549,-8.55724249464675,
26.1381799927084));
#10291=CARTESIAN_POINT('Ctrl Pts',(-48.9262070824549,-8.55724249464675,
26.1381799927084));
#10292=CARTESIAN_POINT('Ctrl Pts',(-48.9262070824549,-8.55724249464675,
26.1381799927084));
#10293=CARTESIAN_POINT('Ctrl Pts',(-48.9262070824549,-8.55724249464675,
26.1381799927084));
#10294=CARTESIAN_POINT('Ctrl Pts',(-48.9262070824549,-8.55724249464675,
26.1381799927084));
#10295=CARTESIAN_POINT('Ctrl Pts',(-48.9262070824549,-8.55724249464675,
26.1381799927084));
#10296=CARTESIAN_POINT('Ctrl Pts',(-48.9262070824549,-8.55724249464675,
26.1381799927084));
#10297=CARTESIAN_POINT('Ctrl Pts',(-48.9262070824549,-8.55724249464675,
26.1381799927084));
#10298=CARTESIAN_POINT('',(-48.8752975000133,-8.99999999999727,26.3268848449585));
#10299=CARTESIAN_POINT('Origin',(-48.8752975000133,-8.25178499999738,26.3268848449585));
#10300=CARTESIAN_POINT('Origin',(-48.8752975000133,-8.25178499999738,26.3268848449585));
#10301=CARTESIAN_POINT('Ctrl Pts',(-48.8752975000133,9.,25.7125200592751));
#10302=CARTESIAN_POINT('Ctrl Pts',(-49.0000000000133,9.,25.7125200592751));
#10303=CARTESIAN_POINT('Ctrl Pts',(-49.0000000000133,8.25178500000011,25.7125200592751));
#10304=CARTESIAN_POINT('Ctrl Pts',(-48.8752975000133,9.,26.3268848449585));
#10305=CARTESIAN_POINT('Ctrl Pts',(-49.0000000000133,9.,26.3268848449585));
#10306=CARTESIAN_POINT('Ctrl Pts',(-49.0000000000133,8.25178500000011,26.3268848449585));
#10307=CARTESIAN_POINT('',(-49.0000000000133,8.25178500000011,23.7780001449585));
#10308=CARTESIAN_POINT('Origin',(-48.8752975000133,8.25178500000011,26.3268848449585));
#10309=CARTESIAN_POINT('Ctrl Pts',(-48.8243879175718,7.94632750535074,26.5155896972086));
#10310=CARTESIAN_POINT('Ctrl Pts',(-48.8243879175718,7.94632750535074,26.5155896972086));
#10311=CARTESIAN_POINT('Ctrl Pts',(-48.8243879175718,7.94632750535074,26.5155896972086));
#10312=CARTESIAN_POINT('Ctrl Pts',(-48.8243879175718,7.94632750535074,26.5155896972086));
#10313=CARTESIAN_POINT('Ctrl Pts',(-48.8243879175718,7.94632750535074,26.5155896972086));
#10314=CARTESIAN_POINT('Ctrl Pts',(-48.8243879175718,7.94632750535074,26.5155896972086));
#10315=CARTESIAN_POINT('Ctrl Pts',(-48.8243879175718,7.94632750535074,26.5155896972086));
#10316=CARTESIAN_POINT('Ctrl Pts',(-48.8243879175718,7.94632750535074,26.5155896972086));
#10317=CARTESIAN_POINT('Ctrl Pts',(-48.8243879175718,7.94632750535074,26.5155896972086));
#10318=CARTESIAN_POINT('Ctrl Pts',(-48.7523908956281,7.51434537368909,26.3821552165397));
#10319=CARTESIAN_POINT('Ctrl Pts',(-48.8405688790091,6.98527747340368,26.3821552165397));
#10320=CARTESIAN_POINT('Ctrl Pts',(-48.9125659009527,7.41725960506533,26.5155896972086));
#10321=CARTESIAN_POINT('Ctrl Pts',(-48.9845629228963,7.84924173672698,26.6490241778774));
#10322=CARTESIAN_POINT('Ctrl Pts',(-48.8963849395154,8.37830963701239,26.6490241778774));
#10323=CARTESIAN_POINT('Ctrl Pts',(-48.8082069561345,8.9073775372978,26.6490241778774));
#10324=CARTESIAN_POINT('Ctrl Pts',(-48.7362099341908,8.47539540563615,26.5155896972086));
#10325=CARTESIAN_POINT('Ctrl Pts',(-48.6642129122472,8.0434132739745,26.3821552165397));
#10326=CARTESIAN_POINT('Ctrl Pts',(-48.7523908956281,7.51434537368909,26.3821552165397));
#10327=CARTESIAN_POINT('Ctrl Pts',(-48.8033004780697,7.81980286833846,26.1934503642897));
#10328=CARTESIAN_POINT('Ctrl Pts',(-48.8914784614506,7.29073496805305,26.1934503642897));
#10329=CARTESIAN_POINT('Ctrl Pts',(-48.9634754833942,7.7227170997147,26.3268848449585));
#10330=CARTESIAN_POINT('Ctrl Pts',(-49.0354725053379,8.15469923137635,26.4603193256273));
#10331=CARTESIAN_POINT('Ctrl Pts',(-48.9472945219569,8.68376713166176,26.4603193256273));
#10332=CARTESIAN_POINT('Ctrl Pts',(-48.859116538576,9.21283503194718,26.4603193256273));
#10333=CARTESIAN_POINT('Ctrl Pts',(-48.7871195166324,8.78085290028552,26.3268848449585));
#10334=CARTESIAN_POINT('Ctrl Pts',(-48.7151224946888,8.34887076862387,26.1934503642897));
#10335=CARTESIAN_POINT('Ctrl Pts',(-48.8033004780697,7.81980286833846,26.1934503642897));
#10336=CARTESIAN_POINT('Ctrl Pts',(-48.8542100605113,8.12526036298783,26.0047455120396));
#10337=CARTESIAN_POINT('Ctrl Pts',(-48.9423880438922,7.59619246270242,26.0047455120396));
#10338=CARTESIAN_POINT('Ctrl Pts',(-49.0143850658358,8.02817459436407,26.1381799927084));
#10339=CARTESIAN_POINT('Ctrl Pts',(-49.0863820877794,8.46015672602572,26.2716144733773));
#10340=CARTESIAN_POINT('Ctrl Pts',(-48.9982041043985,8.98922462631114,26.2716144733773));
#10341=CARTESIAN_POINT('Ctrl Pts',(-48.9100261210176,9.51829252659655,26.2716144733773));
#10342=CARTESIAN_POINT('Ctrl Pts',(-48.838029099074,9.0863103949349,26.1381799927084));
#10343=CARTESIAN_POINT('Ctrl Pts',(-48.7660320771304,8.65432826327325,26.0047455120396));
#10344=CARTESIAN_POINT('Ctrl Pts',(-48.8542100605113,8.12526036298783,26.0047455120396));
#10345=CARTESIAN_POINT('Ctrl Pts',(-48.9262070824549,8.55724249464948,26.1381799927084));
#10346=CARTESIAN_POINT('Ctrl Pts',(-48.9262070824549,8.55724249464948,26.1381799927084));
#10347=CARTESIAN_POINT('Ctrl Pts',(-48.9262070824549,8.55724249464948,26.1381799927084));
#10348=CARTESIAN_POINT('Ctrl Pts',(-48.9262070824549,8.55724249464948,26.1381799927084));
#10349=CARTESIAN_POINT('Ctrl Pts',(-48.9262070824549,8.55724249464948,26.1381799927084));
#10350=CARTESIAN_POINT('Ctrl Pts',(-48.9262070824549,8.55724249464948,26.1381799927084));
#10351=CARTESIAN_POINT('Ctrl Pts',(-48.9262070824549,8.55724249464948,26.1381799927084));
#10352=CARTESIAN_POINT('Ctrl Pts',(-48.9262070824549,8.55724249464948,26.1381799927084));
#10353=CARTESIAN_POINT('Ctrl Pts',(-48.9262070824549,8.55724249464948,26.1381799927084));
#10354=CARTESIAN_POINT('Origin',(-49.0000000000133,1.3654104277207E-12,
23.7780001449585));
#10355=CARTESIAN_POINT('',(-49.0000000000133,-8.25178499999738,23.7780001449585));
#10356=CARTESIAN_POINT('Ctrl Pts',(-50.,15.,22.));
#10357=CARTESIAN_POINT('Ctrl Pts',(-49.,15.,22.));
#10358=CARTESIAN_POINT('Ctrl Pts',(-49.,15.,23.));
#10359=CARTESIAN_POINT('Ctrl Pts',(-49.,15.,24.));
#10360=CARTESIAN_POINT('Ctrl Pts',(-50.,15.,24.));
#10361=CARTESIAN_POINT('Ctrl Pts',(-51.,15.,24.));
#10362=CARTESIAN_POINT('Ctrl Pts',(-51.,15.,23.));
#10363=CARTESIAN_POINT('Ctrl Pts',(-51.,15.,22.));
#10364=CARTESIAN_POINT('Ctrl Pts',(-50.,15.,22.));
#10365=CARTESIAN_POINT('Ctrl Pts',(-50.,10.,22.));
#10366=CARTESIAN_POINT('Ctrl Pts',(-49.,10.,22.));
#10367=CARTESIAN_POINT('Ctrl Pts',(-49.,10.,23.));
#10368=CARTESIAN_POINT('Ctrl Pts',(-49.,10.,24.));
#10369=CARTESIAN_POINT('Ctrl Pts',(-50.,10.,24.));
#10370=CARTESIAN_POINT('Ctrl Pts',(-51.,10.,24.));
#10371=CARTESIAN_POINT('Ctrl Pts',(-51.,10.,23.));
#10372=CARTESIAN_POINT('Ctrl Pts',(-51.,10.,22.));
#10373=CARTESIAN_POINT('Ctrl Pts',(-50.,10.,22.));
#10374=CARTESIAN_POINT('Ctrl Pts',(-50.,10.,21.5));
#10375=CARTESIAN_POINT('Ctrl Pts',(-48.5,10.,21.5));
#10376=CARTESIAN_POINT('Ctrl Pts',(-48.5,10.,23.));
#10377=CARTESIAN_POINT('Ctrl Pts',(-48.5,10.,24.5));
#10378=CARTESIAN_POINT('Ctrl Pts',(-50.,10.,24.5));
#10379=CARTESIAN_POINT('Ctrl Pts',(-51.5,10.,24.5));
#10380=CARTESIAN_POINT('Ctrl Pts',(-51.5,10.,23.));
#10381=CARTESIAN_POINT('Ctrl Pts',(-51.5,10.,21.5));
#10382=CARTESIAN_POINT('Ctrl Pts',(-50.,10.,21.5));
#10383=CARTESIAN_POINT('Ctrl Pts',(-50.,10.,21.));
#10384=CARTESIAN_POINT('Ctrl Pts',(-48.,10.,21.));
#10385=CARTESIAN_POINT('Ctrl Pts',(-48.,10.,23.));
#10386=CARTESIAN_POINT('Ctrl Pts',(-48.,10.,25.));
#10387=CARTESIAN_POINT('Ctrl Pts',(-50.,10.,25.));
#10388=CARTESIAN_POINT('Ctrl Pts',(-52.,10.,25.));
#10389=CARTESIAN_POINT('Ctrl Pts',(-52.,10.,23.));
#10390=CARTESIAN_POINT('Ctrl Pts',(-52.,10.,21.));
#10391=CARTESIAN_POINT('Ctrl Pts',(-50.,10.,21.));
#10392=CARTESIAN_POINT('Ctrl Pts',(-50.,15.,21.));
#10393=CARTESIAN_POINT('Ctrl Pts',(-48.,15.,21.));
#10394=CARTESIAN_POINT('Ctrl Pts',(-48.,15.,23.));
#10395=CARTESIAN_POINT('Ctrl Pts',(-48.,15.,25.));
#10396=CARTESIAN_POINT('Ctrl Pts',(-50.,15.,25.));
#10397=CARTESIAN_POINT('Ctrl Pts',(-52.,15.,25.));
#10398=CARTESIAN_POINT('Ctrl Pts',(-52.,15.,23.));
#10399=CARTESIAN_POINT('Ctrl Pts',(-52.,15.,21.));
#10400=CARTESIAN_POINT('Ctrl Pts',(-50.,15.,21.));
#10401=CARTESIAN_POINT('Ctrl Pts',(-50.,20.,21.));
#10402=CARTESIAN_POINT('Ctrl Pts',(-48.,20.,21.));
#10403=CARTESIAN_POINT('Ctrl Pts',(-48.,20.,23.));
#10404=CARTESIAN_POINT('Ctrl Pts',(-48.,20.,25.));
#10405=CARTESIAN_POINT('Ctrl Pts',(-50.,20.,25.));
#10406=CARTESIAN_POINT('Ctrl Pts',(-52.,20.,25.));
#10407=CARTESIAN_POINT('Ctrl Pts',(-52.,20.,23.));
#10408=CARTESIAN_POINT('Ctrl Pts',(-52.,20.,21.));
#10409=CARTESIAN_POINT('Ctrl Pts',(-50.,20.,21.));
#10410=CARTESIAN_POINT('Ctrl Pts',(-50.,20.,21.5));
#10411=CARTESIAN_POINT('Ctrl Pts',(-48.5,20.,21.5));
#10412=CARTESIAN_POINT('Ctrl Pts',(-48.5,20.,23.));
#10413=CARTESIAN_POINT('Ctrl Pts',(-48.5,20.,24.5));
#10414=CARTESIAN_POINT('Ctrl Pts',(-50.,20.,24.5));
#10415=CARTESIAN_POINT('Ctrl Pts',(-51.5,20.,24.5));
#10416=CARTESIAN_POINT('Ctrl Pts',(-51.5,20.,23.));
#10417=CARTESIAN_POINT('Ctrl Pts',(-51.5,20.,21.5));
#10418=CARTESIAN_POINT('Ctrl Pts',(-50.,20.,21.5));
#10419=CARTESIAN_POINT('Ctrl Pts',(-50.,20.,22.));
#10420=CARTESIAN_POINT('Ctrl Pts',(-49.,20.,22.));
#10421=CARTESIAN_POINT('Ctrl Pts',(-49.,20.,23.));
#10422=CARTESIAN_POINT('Ctrl Pts',(-49.,20.,24.));
#10423=CARTESIAN_POINT('Ctrl Pts',(-50.,20.,24.));
#10424=CARTESIAN_POINT('Ctrl Pts',(-51.,20.,24.));
#10425=CARTESIAN_POINT('Ctrl Pts',(-51.,20.,23.));
#10426=CARTESIAN_POINT('Ctrl Pts',(-51.,20.,22.));
#10427=CARTESIAN_POINT('Ctrl Pts',(-50.,20.,22.));
#10428=CARTESIAN_POINT('Ctrl Pts',(-50.,15.,22.));
#10429=CARTESIAN_POINT('Ctrl Pts',(-49.,15.,22.));
#10430=CARTESIAN_POINT('Ctrl Pts',(-49.,15.,23.));
#10431=CARTESIAN_POINT('Ctrl Pts',(-49.,15.,24.));
#10432=CARTESIAN_POINT('Ctrl Pts',(-50.,15.,24.));
#10433=CARTESIAN_POINT('Ctrl Pts',(-51.,15.,24.));
#10434=CARTESIAN_POINT('Ctrl Pts',(-51.,15.,23.));
#10435=CARTESIAN_POINT('Ctrl Pts',(-51.,15.,22.));
#10436=CARTESIAN_POINT('Ctrl Pts',(-50.,15.,22.));
#10437=CARTESIAN_POINT('',(-51.,20.,21.8819660112501));
#10438=CARTESIAN_POINT('Origin',(-50.,20.,23.));
#10439=CARTESIAN_POINT('',(-51.,15.,21.2679491924311));
#10440=CARTESIAN_POINT('Ctrl Pts',(-51.,20.,21.8819660112501));
#10441=CARTESIAN_POINT('Ctrl Pts',(-51.,20.,21.8717680798552));
#10442=CARTESIAN_POINT('Ctrl Pts',(-51.,19.9982667020513,21.861836593605));
#10443=CARTESIAN_POINT('Ctrl Pts',(-51.,19.9914119941034,21.8415057058215));
#10444=CARTESIAN_POINT('Ctrl Pts',(-51.,19.9860760994663,21.8315184382893));
#10445=CARTESIAN_POINT('Ctrl Pts',(-51.,19.9641138940823,21.7996520078535));
#10446=CARTESIAN_POINT('Ctrl Pts',(-51.0000000000011,19.9411271143168,21.7796252811867));
#10447=CARTESIAN_POINT('Ctrl Pts',(-51.0000000000011,19.8491257467268,21.7158562029277));
#10448=CARTESIAN_POINT('Ctrl Pts',(-51.0000000000002,19.7501038867088,21.6767703486677));
#10449=CARTESIAN_POINT('Ctrl Pts',(-51.0000000000002,19.3312700452086,21.5452488242508));
#10450=CARTESIAN_POINT('Ctrl Pts',(-51.,18.8654710398312,21.4785151331208));
#10451=CARTESIAN_POINT('Ctrl Pts',(-51.,17.5945587051612,21.3276124847837));
#10452=CARTESIAN_POINT('Ctrl Pts',(-51.,16.3270043115703,21.2679491924311));
#10453=CARTESIAN_POINT('Ctrl Pts',(-51.,15.,21.2679491924311));
#10454=CARTESIAN_POINT('Origin',(-50.,15.,23.));
#10455=CARTESIAN_POINT('Ctrl Pts',(-50.,-15.,22.));
#10456=CARTESIAN_POINT('Ctrl Pts',(-49.,-15.,22.));
#10457=CARTESIAN_POINT('Ctrl Pts',(-49.,-15.,23.));
#10458=CARTESIAN_POINT('Ctrl Pts',(-49.,-15.,24.));
#10459=CARTESIAN_POINT('Ctrl Pts',(-50.,-15.,24.));
#10460=CARTESIAN_POINT('Ctrl Pts',(-51.,-15.,24.));
#10461=CARTESIAN_POINT('Ctrl Pts',(-51.,-15.,23.));
#10462=CARTESIAN_POINT('Ctrl Pts',(-51.,-15.,22.));
#10463=CARTESIAN_POINT('Ctrl Pts',(-50.,-15.,22.));
#10464=CARTESIAN_POINT('Ctrl Pts',(-50.,-20.,22.));
#10465=CARTESIAN_POINT('Ctrl Pts',(-49.,-20.,22.));
#10466=CARTESIAN_POINT('Ctrl Pts',(-49.,-20.,23.));
#10467=CARTESIAN_POINT('Ctrl Pts',(-49.,-20.,24.));
#10468=CARTESIAN_POINT('Ctrl Pts',(-50.,-20.,24.));
#10469=CARTESIAN_POINT('Ctrl Pts',(-51.,-20.,24.));
#10470=CARTESIAN_POINT('Ctrl Pts',(-51.,-20.,23.));
#10471=CARTESIAN_POINT('Ctrl Pts',(-51.,-20.,22.));
#10472=CARTESIAN_POINT('Ctrl Pts',(-50.,-20.,22.));
#10473=CARTESIAN_POINT('Ctrl Pts',(-50.,-20.,21.5));
#10474=CARTESIAN_POINT('Ctrl Pts',(-48.5,-20.,21.5));
#10475=CARTESIAN_POINT('Ctrl Pts',(-48.5,-20.,23.));
#10476=CARTESIAN_POINT('Ctrl Pts',(-48.5,-20.,24.5));
#10477=CARTESIAN_POINT('Ctrl Pts',(-50.,-20.,24.5));
#10478=CARTESIAN_POINT('Ctrl Pts',(-51.5,-20.,24.5));
#10479=CARTESIAN_POINT('Ctrl Pts',(-51.5,-20.,23.));
#10480=CARTESIAN_POINT('Ctrl Pts',(-51.5,-20.,21.5));
#10481=CARTESIAN_POINT('Ctrl Pts',(-50.,-20.,21.5));
#10482=CARTESIAN_POINT('Ctrl Pts',(-50.,-20.,21.));
#10483=CARTESIAN_POINT('Ctrl Pts',(-48.,-20.,21.));
#10484=CARTESIAN_POINT('Ctrl Pts',(-48.,-20.,23.));
#10485=CARTESIAN_POINT('Ctrl Pts',(-48.,-20.,25.));
#10486=CARTESIAN_POINT('Ctrl Pts',(-50.,-20.,25.));
#10487=CARTESIAN_POINT('Ctrl Pts',(-52.,-20.,25.));
#10488=CARTESIAN_POINT('Ctrl Pts',(-52.,-20.,23.));
#10489=CARTESIAN_POINT('Ctrl Pts',(-52.,-20.,21.));
#10490=CARTESIAN_POINT('Ctrl Pts',(-50.,-20.,21.));
#10491=CARTESIAN_POINT('Ctrl Pts',(-50.,-15.,21.));
#10492=CARTESIAN_POINT('Ctrl Pts',(-48.,-15.,21.));
#10493=CARTESIAN_POINT('Ctrl Pts',(-48.,-15.,23.));
#10494=CARTESIAN_POINT('Ctrl Pts',(-48.,-15.,25.));
#10495=CARTESIAN_POINT('Ctrl Pts',(-50.,-15.,25.));
#10496=CARTESIAN_POINT('Ctrl Pts',(-52.,-15.,25.));
#10497=CARTESIAN_POINT('Ctrl Pts',(-52.,-15.,23.));
#10498=CARTESIAN_POINT('Ctrl Pts',(-52.,-15.,21.));
#10499=CARTESIAN_POINT('Ctrl Pts',(-50.,-15.,21.));
#10500=CARTESIAN_POINT('Ctrl Pts',(-50.,-9.99999999999999,21.));
#10501=CARTESIAN_POINT('Ctrl Pts',(-48.,-9.99999999999999,21.));
#10502=CARTESIAN_POINT('Ctrl Pts',(-48.,-10.,23.));
#10503=CARTESIAN_POINT('Ctrl Pts',(-48.,-10.,25.));
#10504=CARTESIAN_POINT('Ctrl Pts',(-50.,-10.,25.));
#10505=CARTESIAN_POINT('Ctrl Pts',(-52.,-10.,25.));
#10506=CARTESIAN_POINT('Ctrl Pts',(-52.,-10.,23.));
#10507=CARTESIAN_POINT('Ctrl Pts',(-52.,-9.99999999999999,21.));
#10508=CARTESIAN_POINT('Ctrl Pts',(-50.,-9.99999999999999,21.));
#10509=CARTESIAN_POINT('Ctrl Pts',(-50.,-10.,21.5));
#10510=CARTESIAN_POINT('Ctrl Pts',(-48.5,-10.,21.5));
#10511=CARTESIAN_POINT('Ctrl Pts',(-48.5,-10.,23.));
#10512=CARTESIAN_POINT('Ctrl Pts',(-48.5,-10.,24.5));
#10513=CARTESIAN_POINT('Ctrl Pts',(-50.,-10.,24.5));
#10514=CARTESIAN_POINT('Ctrl Pts',(-51.5,-10.,24.5));
#10515=CARTESIAN_POINT('Ctrl Pts',(-51.5,-10.,23.));
#10516=CARTESIAN_POINT('Ctrl Pts',(-51.5,-10.,21.5));
#10517=CARTESIAN_POINT('Ctrl Pts',(-50.,-10.,21.5));
#10518=CARTESIAN_POINT('Ctrl Pts',(-50.,-10.,22.));
#10519=CARTESIAN_POINT('Ctrl Pts',(-49.,-10.,22.));
#10520=CARTESIAN_POINT('Ctrl Pts',(-49.,-10.,23.));
#10521=CARTESIAN_POINT('Ctrl Pts',(-49.,-10.,24.));
#10522=CARTESIAN_POINT('Ctrl Pts',(-50.,-10.,24.));
#10523=CARTESIAN_POINT('Ctrl Pts',(-51.,-10.,24.));
#10524=CARTESIAN_POINT('Ctrl Pts',(-51.,-10.,23.));
#10525=CARTESIAN_POINT('Ctrl Pts',(-51.,-10.,22.));
#10526=CARTESIAN_POINT('Ctrl Pts',(-50.,-10.,22.));
#10527=CARTESIAN_POINT('Ctrl Pts',(-50.,-15.,22.));
#10528=CARTESIAN_POINT('Ctrl Pts',(-49.,-15.,22.));
#10529=CARTESIAN_POINT('Ctrl Pts',(-49.,-15.,23.));
#10530=CARTESIAN_POINT('Ctrl Pts',(-49.,-15.,24.));
#10531=CARTESIAN_POINT('Ctrl Pts',(-50.,-15.,24.));
#10532=CARTESIAN_POINT('Ctrl Pts',(-51.,-15.,24.));
#10533=CARTESIAN_POINT('Ctrl Pts',(-51.,-15.,23.));
#10534=CARTESIAN_POINT('Ctrl Pts',(-51.,-15.,22.));
#10535=CARTESIAN_POINT('Ctrl Pts',(-50.,-15.,22.));
#10536=CARTESIAN_POINT('',(-51.,-15.,21.2679491924311));
#10537=CARTESIAN_POINT('Origin',(-50.,-15.,23.));
#10538=CARTESIAN_POINT('Ctrl Pts',(-51.,-15.,21.2679491924311));
#10539=CARTESIAN_POINT('Ctrl Pts',(-51.,-15.9118965760405,21.2679491924311));
#10540=CARTESIAN_POINT('Ctrl Pts',(-50.9999999999991,-16.9041535054064,
21.2967551152745));
#10541=CARTESIAN_POINT('Ctrl Pts',(-50.9999999999991,-18.2478576038991,
21.4031967720519));
#10542=CARTESIAN_POINT('Ctrl Pts',(-50.9999999999994,-18.7856040678066,
21.4585834026851));
#10543=CARTESIAN_POINT('Ctrl Pts',(-50.9999999999994,-19.3686076342685,
21.570228181317));
#10544=CARTESIAN_POINT('Ctrl Pts',(-50.9999999999995,-19.5334097430606,
21.6069959883434));
#10545=CARTESIAN_POINT('Ctrl Pts',(-50.9999999999995,-19.7541251606774,
21.6792825480727));
#10546=CARTESIAN_POINT('Ctrl Pts',(-51.,-19.8384482253417,21.7125384017773));
#10547=CARTESIAN_POINT('Ctrl Pts',(-51.,-19.9252269020707,21.7676655943604));
#10548=CARTESIAN_POINT('Ctrl Pts',(-51.,-19.9498894422692,21.7862990684334));
#10549=CARTESIAN_POINT('Ctrl Pts',(-51.,-19.97856110488,21.81948284981));
#10550=CARTESIAN_POINT('Ctrl Pts',(-51.,-19.9873224553918,21.8325071751466));
#10551=CARTESIAN_POINT('Ctrl Pts',(-51.,-19.9975376346459,21.8580872825751));
#10552=CARTESIAN_POINT('Ctrl Pts',(-51.,-20.,21.8698111456614));
#10553=CARTESIAN_POINT('Ctrl Pts',(-51.,-20.,21.8819660112501));
#10554=CARTESIAN_POINT('Origin',(-50.,20.,23.));
#10555=CARTESIAN_POINT('',(-51.,20.,21.90124));
#10556=CARTESIAN_POINT('Origin',(-44.074092,20.,21.90124));
#10557=CARTESIAN_POINT('',(-51.,20.,18.5));
#10558=CARTESIAN_POINT('Origin',(-47.5000000000133,-8.99999999999727,23.7780001449585));
#10559=CARTESIAN_POINT('',(-48.7063304388266,-8.99999999999727,26.3268848449585));
#10560=CARTESIAN_POINT('',(-48.7063304388266,-8.99999999999727,16.9895001449585));
#10561=CARTESIAN_POINT('',(-47.5000000000133,-8.99999999999727,26.3268848449585));
#10562=CARTESIAN_POINT('',(-48.8752975000133,-8.99999999999727,23.7780001449585));
#10563=CARTESIAN_POINT('Ctrl Pts',(-49.0000000000133,-8.25178499999738,
25.7125200592751));
#10564=CARTESIAN_POINT('Ctrl Pts',(-49.0000000000133,-8.99999999999727,
25.7125200592751));
#10565=CARTESIAN_POINT('Ctrl Pts',(-48.8752975000133,-8.99999999999727,
25.7125200592751));
#10566=CARTESIAN_POINT('Ctrl Pts',(-49.0000000000133,-8.25178499999738,
26.3268848449585));
#10567=CARTESIAN_POINT('Ctrl Pts',(-49.0000000000133,-8.99999999999727,
26.3268848449585));
#10568=CARTESIAN_POINT('Ctrl Pts',(-48.8752975000133,-8.99999999999727,
26.3268848449585));
#10569=CARTESIAN_POINT('Origin',(-18.,-30.,14.));
#10570=CARTESIAN_POINT('',(8.07409199999999,-30.,21.90124));
#10571=CARTESIAN_POINT('',(8.07409199999999,-30.,6.09876000000001));
#10572=CARTESIAN_POINT('',(8.07409199999999,-30.,14.));
#10573=CARTESIAN_POINT('',(-44.074092,-30.,21.90124));
#10574=CARTESIAN_POINT('',(-18.,-30.,21.90124));
#10575=CARTESIAN_POINT('',(-44.074092,-30.,6.09876));
#10576=CARTESIAN_POINT('',(-44.074092,-30.,14.));
#10577=CARTESIAN_POINT('',(-18.,-30.,6.09876000000001));
#10578=CARTESIAN_POINT('Ctrl Pts',(-44.074092,-29.99995508149,21.9091677081887));
#10579=CARTESIAN_POINT('Ctrl Pts',(-44.074092,-30.,21.9052038682337));
#10580=CARTESIAN_POINT('Ctrl Pts',(-44.074092,-30.,21.90124));
#10581=CARTESIAN_POINT('Ctrl Pts',(8.07409199999999,-29.99995508149,21.9091677081887));
#10582=CARTESIAN_POINT('Ctrl Pts',(8.07409199999999,-30.,21.9052038682337));
#10583=CARTESIAN_POINT('Ctrl Pts',(8.07409199999999,-30.,21.90124));
#10584=CARTESIAN_POINT('Origin',(-44.074092,-23.70372,21.90124));
#10585=CARTESIAN_POINT('Origin',(8.07409199999999,-23.70372,21.90124));
#10586=CARTESIAN_POINT('Ctrl Pts',(8.07409199999999,-30.,6.09876000000001));
#10587=CARTESIAN_POINT('Ctrl Pts',(8.08717276517141,-30.,6.09876000000001));
#10588=CARTESIAN_POINT('Ctrl Pts',(8.10025343702288,-29.99995508149,6.09876000000001));
#10589=CARTESIAN_POINT('Ctrl Pts',(8.07409199999999,-30.,21.90124));
#10590=CARTESIAN_POINT('Ctrl Pts',(8.0871727651714,-30.,21.90124));
#10591=CARTESIAN_POINT('Ctrl Pts',(8.10025343702288,-29.99995508149,21.90124));
#10592=CARTESIAN_POINT('Origin',(8.07409199999999,-23.70372,21.90124));
#10593=CARTESIAN_POINT('Origin',(8.07409199999999,-23.70372,6.09876000000001));
#10594=CARTESIAN_POINT('Ctrl Pts',(13.72907220182,-21.1332744537182,6.95557518209395));
#10595=CARTESIAN_POINT('Ctrl Pts',(13.72907220182,-21.1332744537182,6.95557518209395));
#10596=CARTESIAN_POINT('Ctrl Pts',(13.72907220182,-21.1332744537182,6.95557518209395));
#10597=CARTESIAN_POINT('Ctrl Pts',(13.72907220182,-21.1332744537182,6.95557518209395));
#10598=CARTESIAN_POINT('Ctrl Pts',(13.72907220182,-21.1332744537182,6.95557518209395));
#10599=CARTESIAN_POINT('Ctrl Pts',(13.72907220182,-21.1332744537182,6.95557518209395));
#10600=CARTESIAN_POINT('Ctrl Pts',(13.72907220182,-21.1332744537182,6.95557518209395));
#10601=CARTESIAN_POINT('Ctrl Pts',(13.72907220182,-21.1332744537182,6.95557518209395));
#10602=CARTESIAN_POINT('Ctrl Pts',(13.72907220182,-21.1332744537182,6.95557518209395));
#10603=CARTESIAN_POINT('Ctrl Pts',(9.7303973536374,-17.4981155008249,8.16729483305837));
#10604=CARTESIAN_POINT('Ctrl Pts',(9.7303973536374,-13.0459732165757,6.68324740497529));
#10605=CARTESIAN_POINT('Ctrl Pts',(13.72907220182,-16.681132169469,5.47152775401087));
#10606=CARTESIAN_POINT('Ctrl Pts',(17.7277470500026,-20.3162911223622,4.25980810304645));
#10607=CARTESIAN_POINT('Ctrl Pts',(17.7277470500026,-24.7684334066114,5.74385553112953));
#10608=CARTESIAN_POINT('Ctrl Pts',(17.7277470500026,-29.2205756908607,7.22790295921262));
#10609=CARTESIAN_POINT('Ctrl Pts',(13.72907220182,-25.5854167379674,8.43962261017703));
#10610=CARTESIAN_POINT('Ctrl Pts',(9.7303973536374,-21.9502577850742,9.65134226114145));
#10611=CARTESIAN_POINT('Ctrl Pts',(9.7303973536374,-17.4981155008249,8.16729483305837));
#10612=CARTESIAN_POINT('Ctrl Pts',(4.07541715181741,-20.0685610471067,7.31047965096443));
#10613=CARTESIAN_POINT('Ctrl Pts',(4.07541715181742,-15.6164187628575,5.82643222288135));
#10614=CARTESIAN_POINT('Ctrl Pts',(8.074092,-19.2515777157508,4.61471257191693));
#10615=CARTESIAN_POINT('Ctrl Pts',(12.0727668481826,-22.886736668644,3.40299292095251));
#10616=CARTESIAN_POINT('Ctrl Pts',(12.0727668481826,-27.3388789528933,4.8870403490356));
#10617=CARTESIAN_POINT('Ctrl Pts',(12.0727668481826,-31.7910212371425,6.37108777711868));
#10618=CARTESIAN_POINT('Ctrl Pts',(8.07409199999999,-28.1558622842492,7.58280742808309));
#10619=CARTESIAN_POINT('Ctrl Pts',(4.07541715181741,-24.520703331356,8.79452707904751));
#10620=CARTESIAN_POINT('Ctrl Pts',(4.07541715181741,-20.0685610471067,7.31047965096443));
#10621=CARTESIAN_POINT('Ctrl Pts',(-1.57956305000258,-22.6390065933886,
6.45366446887049));
#10622=CARTESIAN_POINT('Ctrl Pts',(-1.57956305000257,-18.1868643091393,
4.96961704078741));
#10623=CARTESIAN_POINT('Ctrl Pts',(2.41911179818001,-21.8220232620326,3.75789738982299));
#10624=CARTESIAN_POINT('Ctrl Pts',(6.4177866463626,-25.4571822149258,2.54617773885858));
#10625=CARTESIAN_POINT('Ctrl Pts',(6.41778664636259,-29.9093244991751,4.03022516694166));
#10626=CARTESIAN_POINT('Ctrl Pts',(6.41778664636259,-34.3614667834243,5.51427259502474));
#10627=CARTESIAN_POINT('Ctrl Pts',(2.41911179818,-30.7263078305311,6.72599224598915));
#10628=CARTESIAN_POINT('Ctrl Pts',(-1.57956305000258,-27.0911488776378,
7.93771189695357));
#10629=CARTESIAN_POINT('Ctrl Pts',(-1.57956305000258,-22.6390065933886,
6.45366446887049));
#10630=CARTESIAN_POINT('Ctrl Pts',(2.41911179818,-26.2741655462818,5.24194481790607));
#10631=CARTESIAN_POINT('Ctrl Pts',(2.41911179818,-26.2741655462818,5.24194481790607));
#10632=CARTESIAN_POINT('Ctrl Pts',(2.41911179818,-26.2741655462818,5.24194481790607));
#10633=CARTESIAN_POINT('Ctrl Pts',(2.41911179818,-26.2741655462818,5.24194481790607));
#10634=CARTESIAN_POINT('Ctrl Pts',(2.41911179818,-26.2741655462818,5.24194481790607));
#10635=CARTESIAN_POINT('Ctrl Pts',(2.41911179818,-26.2741655462818,5.24194481790607));
#10636=CARTESIAN_POINT('Ctrl Pts',(2.41911179818,-26.2741655462818,5.24194481790607));
#10637=CARTESIAN_POINT('Ctrl Pts',(2.41911179818,-26.2741655462818,5.24194481790607));
#10638=CARTESIAN_POINT('Ctrl Pts',(2.41911179818,-26.2741655462818,5.24194481790607));
#10639=CARTESIAN_POINT('Origin',(8.07409199999999,-23.70372,6.09876000000001));
#10640=CARTESIAN_POINT('Ctrl Pts',(5.24660189909,-21.1332744537182,23.6148703641879));
#10641=CARTESIAN_POINT('Ctrl Pts',(5.24660189909,-21.1332744537182,23.6148703641879));
#10642=CARTESIAN_POINT('Ctrl Pts',(5.24660189909,-21.1332744537182,23.6148703641879));
#10643=CARTESIAN_POINT('Ctrl Pts',(5.24660189909001,-21.1332744537182,23.6148703641879));
#10644=CARTESIAN_POINT('Ctrl Pts',(5.24660189909,-21.1332744537182,23.6148703641879));
#10645=CARTESIAN_POINT('Ctrl Pts',(5.24660189909,-21.1332744537182,23.6148703641879));
#10646=CARTESIAN_POINT('Ctrl Pts',(5.24660189909,-21.1332744537182,23.6148703641879));
#10647=CARTESIAN_POINT('Ctrl Pts',(5.24660189909,-21.1332744537182,23.6148703641879));
#10648=CARTESIAN_POINT('Ctrl Pts',(5.24660189909,-21.1332744537182,23.6148703641879));
#10649=CARTESIAN_POINT('Ctrl Pts',(1.24792705090741,-17.4981155008249,22.4031507132235));
#10650=CARTESIAN_POINT('Ctrl Pts',(6.14528356358158,-13.0459732165757,22.4031507132235));
#10651=CARTESIAN_POINT('Ctrl Pts',(10.1439584117642,-16.6811321694689,23.6148703641879));
#10652=CARTESIAN_POINT('Ctrl Pts',(14.1426332599467,-20.3162911223622,24.8265900151523));
#10653=CARTESIAN_POINT('Ctrl Pts',(9.24527674727259,-24.7684334066114,24.8265900151523));
#10654=CARTESIAN_POINT('Ctrl Pts',(4.34792023459843,-29.2205756908607,24.8265900151523));
#10655=CARTESIAN_POINT('Ctrl Pts',(0.349245386415838,-25.5854167379674,
23.6148703641879));
#10656=CARTESIAN_POINT('Ctrl Pts',(-3.64942946176675,-21.9502577850742,
22.4031507132235));
#10657=CARTESIAN_POINT('Ctrl Pts',(1.24792705090741,-17.4981155008249,22.4031507132235));
#10658=CARTESIAN_POINT('Ctrl Pts',(4.0754171518174,-20.0685610471067,20.6895203490356));
#10659=CARTESIAN_POINT('Ctrl Pts',(8.97277366449157,-15.6164187628575,20.6895203490356));
#10660=CARTESIAN_POINT('Ctrl Pts',(12.9714485126742,-19.2515777157508,21.90124));
#10661=CARTESIAN_POINT('Ctrl Pts',(16.9701233608567,-22.886736668644,23.1129596509644));
#10662=CARTESIAN_POINT('Ctrl Pts',(12.0727668481826,-27.3388789528933,23.1129596509644));
#10663=CARTESIAN_POINT('Ctrl Pts',(7.17541033550842,-31.7910212371425,23.1129596509644));
#10664=CARTESIAN_POINT('Ctrl Pts',(3.17673548732583,-28.1558622842492,21.90124));
#10665=CARTESIAN_POINT('Ctrl Pts',(-0.821939360856753,-24.520703331356,
20.6895203490356));
#10666=CARTESIAN_POINT('Ctrl Pts',(4.0754171518174,-20.0685610471067,20.6895203490356));
#10667=CARTESIAN_POINT('Ctrl Pts',(6.9029072527274,-22.6390065933885,18.9758899848477));
#10668=CARTESIAN_POINT('Ctrl Pts',(11.8002637654016,-18.1868643091393,18.9758899848477));
#10669=CARTESIAN_POINT('Ctrl Pts',(15.7989386135841,-21.8220232620326,20.1876096358121));
#10670=CARTESIAN_POINT('Ctrl Pts',(19.7976134617667,-25.4571822149258,21.3993292867766));
#10671=CARTESIAN_POINT('Ctrl Pts',(14.9002569490926,-29.9093244991751,21.3993292867766));
#10672=CARTESIAN_POINT('Ctrl Pts',(10.0029004364184,-34.3614667834243,21.3993292867766));
#10673=CARTESIAN_POINT('Ctrl Pts',(6.00422558823582,-30.726307830531,20.1876096358121));
#10674=CARTESIAN_POINT('Ctrl Pts',(2.00555074005323,-27.0911488776378,18.9758899848477));
#10675=CARTESIAN_POINT('Ctrl Pts',(6.9029072527274,-22.6390065933885,18.9758899848477));
#10676=CARTESIAN_POINT('Ctrl Pts',(10.90158210091,-26.2741655462818,20.1876096358121));
#10677=CARTESIAN_POINT('Ctrl Pts',(10.90158210091,-26.2741655462818,20.1876096358121));
#10678=CARTESIAN_POINT('Ctrl Pts',(10.90158210091,-26.2741655462818,20.1876096358121));
#10679=CARTESIAN_POINT('Ctrl Pts',(10.90158210091,-26.2741655462818,20.1876096358121));
#10680=CARTESIAN_POINT('Ctrl Pts',(10.90158210091,-26.2741655462818,20.1876096358121));
#10681=CARTESIAN_POINT('Ctrl Pts',(10.90158210091,-26.2741655462818,20.1876096358121));
#10682=CARTESIAN_POINT('Ctrl Pts',(10.90158210091,-26.2741655462818,20.1876096358121));
#10683=CARTESIAN_POINT('Ctrl Pts',(10.90158210091,-26.2741655462818,20.1876096358121));
#10684=CARTESIAN_POINT('Ctrl Pts',(10.90158210091,-26.2741655462818,20.1876096358121));
#10685=CARTESIAN_POINT('Ctrl Pts',(-44.074092,-23.70372,4.));
#10686=CARTESIAN_POINT('Ctrl Pts',(-51.,-23.70372,4.));
#10687=CARTESIAN_POINT('Ctrl Pts',(-51.,-23.70372,6.09876));
#10688=CARTESIAN_POINT('Ctrl Pts',(-44.074092,23.70372,3.99999999999999));
#10689=CARTESIAN_POINT('Ctrl Pts',(-51.,23.70372,3.99999999999999));
#10690=CARTESIAN_POINT('Ctrl Pts',(-51.,23.70372,6.09875999999999));
#10691=CARTESIAN_POINT('',(-51.,23.70372,6.09875999999999));
#10692=CARTESIAN_POINT('',(-44.074092,23.70372,3.99999999999999));
#10693=CARTESIAN_POINT('Origin',(-44.074092,23.70372,6.09875999999999));
#10694=CARTESIAN_POINT('',(-44.074092,-23.70372,4.));
#10695=CARTESIAN_POINT('',(-44.074092,-1.41804582780452E-30,3.99999999999999));
#10696=CARTESIAN_POINT('',(-51.,-23.70372,6.09876));
#10697=CARTESIAN_POINT('Origin',(-44.074092,-23.70372,6.09876));
#10698=CARTESIAN_POINT('',(-51.,8.51554292459232E-16,6.09875999999999));
#10699=CARTESIAN_POINT('Ctrl Pts',(-51.,-23.70372,6.09875999999999));
#10700=CARTESIAN_POINT('Ctrl Pts',(-51.,-30.,6.09876));
#10701=CARTESIAN_POINT('Ctrl Pts',(-44.074092,-30.,6.09876));
#10702=CARTESIAN_POINT('Ctrl Pts',(-51.,-23.70372,21.90124));
#10703=CARTESIAN_POINT('Ctrl Pts',(-51.,-30.,21.90124));
#10704=CARTESIAN_POINT('Ctrl Pts',(-44.074092,-30.,21.90124));
#10705=CARTESIAN_POINT('',(-51.,-23.70372,21.90124));
#10706=CARTESIAN_POINT('Origin',(-44.074092,-23.70372,21.90124));
#10707=CARTESIAN_POINT('',(-51.,-23.70372,14.));
#10708=CARTESIAN_POINT('Origin',(-44.074092,-23.70372,6.09876));
#10709=CARTESIAN_POINT('Origin',(-44.074092,-23.70372,21.90124));
#10710=CARTESIAN_POINT('Ctrl Pts',(-46.90158210091,-26.2741655462818,7.81239036418787));
#10711=CARTESIAN_POINT('Ctrl Pts',(-46.90158210091,-26.2741655462818,7.81239036418787));
#10712=CARTESIAN_POINT('Ctrl Pts',(-46.90158210091,-26.2741655462818,7.81239036418787));
#10713=CARTESIAN_POINT('Ctrl Pts',(-46.90158210091,-26.2741655462818,7.81239036418787));
#10714=CARTESIAN_POINT('Ctrl Pts',(-46.90158210091,-26.2741655462818,7.81239036418787));
#10715=CARTESIAN_POINT('Ctrl Pts',(-46.90158210091,-26.2741655462818,7.81239036418787));
#10716=CARTESIAN_POINT('Ctrl Pts',(-46.90158210091,-26.2741655462818,7.81239036418787));
#10717=CARTESIAN_POINT('Ctrl Pts',(-46.90158210091,-26.2741655462818,7.81239036418787));
#10718=CARTESIAN_POINT('Ctrl Pts',(-46.90158210091,-26.2741655462818,7.81239036418787));
#10719=CARTESIAN_POINT('Ctrl Pts',(-42.9029072527274,-22.6390065933886,
9.02411001515229));
#10720=CARTESIAN_POINT('Ctrl Pts',(-38.0055507400533,-27.0911488776378,
9.02411001515229));
#10721=CARTESIAN_POINT('Ctrl Pts',(-42.0042255882358,-30.7263078305311,
7.81239036418788));
#10722=CARTESIAN_POINT('Ctrl Pts',(-46.0029004364184,-34.3614667834243,
6.60067071322346));
#10723=CARTESIAN_POINT('Ctrl Pts',(-50.9002569490926,-29.9093244991751,
6.60067071322345));
#10724=CARTESIAN_POINT('Ctrl Pts',(-55.7976134617667,-25.4571822149258,
6.60067071322345));
#10725=CARTESIAN_POINT('Ctrl Pts',(-51.7989386135842,-21.8220232620326,
7.81239036418787));
#10726=CARTESIAN_POINT('Ctrl Pts',(-47.8002637654016,-18.1868643091393,
9.02411001515229));
#10727=CARTESIAN_POINT('Ctrl Pts',(-42.9029072527274,-22.6390065933886,
9.02411001515229));
#10728=CARTESIAN_POINT('Ctrl Pts',(-40.0754171518174,-20.0685610471067,
7.31047965096442));
#10729=CARTESIAN_POINT('Ctrl Pts',(-35.1780606391433,-24.520703331356,7.31047965096442));
#10730=CARTESIAN_POINT('Ctrl Pts',(-39.1767354873258,-28.1558622842492,
6.09876));
#10731=CARTESIAN_POINT('Ctrl Pts',(-43.1754103355084,-31.7910212371425,
4.88704034903558));
#10732=CARTESIAN_POINT('Ctrl Pts',(-48.0727668481826,-27.3388789528933,
4.88704034903558));
#10733=CARTESIAN_POINT('Ctrl Pts',(-52.9701233608568,-22.886736668644,4.88704034903558));
#10734=CARTESIAN_POINT('Ctrl Pts',(-48.9714485126742,-19.2515777157508,
6.09876));
#10735=CARTESIAN_POINT('Ctrl Pts',(-44.9727736644916,-15.6164187628575,
7.31047965096442));
#10736=CARTESIAN_POINT('Ctrl Pts',(-40.0754171518174,-20.0685610471067,
7.31047965096442));
#10737=CARTESIAN_POINT('Ctrl Pts',(-37.2479270509074,-17.4981155008249,
5.59684928677654));
#10738=CARTESIAN_POINT('Ctrl Pts',(-32.3505705382333,-21.9502577850742,
5.59684928677655));
#10739=CARTESIAN_POINT('Ctrl Pts',(-36.3492453864158,-25.5854167379674,
4.38512963581212));
#10740=CARTESIAN_POINT('Ctrl Pts',(-40.3479202345984,-29.2205756908607,
3.17340998484771));
#10741=CARTESIAN_POINT('Ctrl Pts',(-45.2452767472726,-24.7684334066114,
3.1734099848477));
#10742=CARTESIAN_POINT('Ctrl Pts',(-50.1426332599468,-20.3162911223622,
3.1734099848477));
#10743=CARTESIAN_POINT('Ctrl Pts',(-46.1439584117642,-16.6811321694689,
4.38512963581212));
#10744=CARTESIAN_POINT('Ctrl Pts',(-42.1452835635816,-13.0459732165757,
5.59684928677654));
#10745=CARTESIAN_POINT('Ctrl Pts',(-37.2479270509074,-17.4981155008249,
5.59684928677654));
#10746=CARTESIAN_POINT('Ctrl Pts',(-41.24660189909,-21.1332744537182,4.38512963581212));
#10747=CARTESIAN_POINT('Ctrl Pts',(-41.24660189909,-21.1332744537182,4.38512963581212));
#10748=CARTESIAN_POINT('Ctrl Pts',(-41.24660189909,-21.1332744537182,4.38512963581212));
#10749=CARTESIAN_POINT('Ctrl Pts',(-41.24660189909,-21.1332744537182,4.38512963581212));
#10750=CARTESIAN_POINT('Ctrl Pts',(-41.24660189909,-21.1332744537182,4.38512963581212));
#10751=CARTESIAN_POINT('Ctrl Pts',(-41.24660189909,-21.1332744537182,4.38512963581212));
#10752=CARTESIAN_POINT('Ctrl Pts',(-41.24660189909,-21.1332744537182,4.38512963581212));
#10753=CARTESIAN_POINT('Ctrl Pts',(-41.24660189909,-21.1332744537182,4.38512963581212));
#10754=CARTESIAN_POINT('Ctrl Pts',(-41.24660189909,-21.1332744537182,4.38512963581212));
#10755=CARTESIAN_POINT('Origin',(-44.074092,-23.70372,6.09876));
#10756=CARTESIAN_POINT('Ctrl Pts',(-41.24660189909,-21.1332744537182,23.6148703641879));
#10757=CARTESIAN_POINT('Ctrl Pts',(-41.24660189909,-21.1332744537182,23.6148703641879));
#10758=CARTESIAN_POINT('Ctrl Pts',(-41.24660189909,-21.1332744537182,23.6148703641879));
#10759=CARTESIAN_POINT('Ctrl Pts',(-41.24660189909,-21.1332744537182,23.6148703641879));
#10760=CARTESIAN_POINT('Ctrl Pts',(-41.24660189909,-21.1332744537182,23.6148703641879));
#10761=CARTESIAN_POINT('Ctrl Pts',(-41.24660189909,-21.1332744537182,23.6148703641879));
#10762=CARTESIAN_POINT('Ctrl Pts',(-41.24660189909,-21.1332744537182,23.6148703641879));
#10763=CARTESIAN_POINT('Ctrl Pts',(-41.24660189909,-21.1332744537182,23.6148703641879));
#10764=CARTESIAN_POINT('Ctrl Pts',(-41.24660189909,-21.1332744537182,23.6148703641879));
#10765=CARTESIAN_POINT('Ctrl Pts',(-37.2479270509074,-17.4981155008249,
22.4031507132235));
#10766=CARTESIAN_POINT('Ctrl Pts',(-32.3505705382333,-21.9502577850742,
22.4031507132235));
#10767=CARTESIAN_POINT('Ctrl Pts',(-36.3492453864159,-25.5854167379674,
23.6148703641879));
#10768=CARTESIAN_POINT('Ctrl Pts',(-40.3479202345984,-29.2205756908607,
24.8265900151523));
#10769=CARTESIAN_POINT('Ctrl Pts',(-45.2452767472726,-24.7684334066114,
24.8265900151523));
#10770=CARTESIAN_POINT('Ctrl Pts',(-50.1426332599468,-20.3162911223622,
24.8265900151523));
#10771=CARTESIAN_POINT('Ctrl Pts',(-46.1439584117642,-16.681132169469,23.6148703641879));
#10772=CARTESIAN_POINT('Ctrl Pts',(-42.1452835635816,-13.0459732165757,
22.4031507132235));
#10773=CARTESIAN_POINT('Ctrl Pts',(-37.2479270509074,-17.4981155008249,
22.4031507132235));
#10774=CARTESIAN_POINT('Ctrl Pts',(-40.0754171518174,-20.0685610471067,
20.6895203490356));
#10775=CARTESIAN_POINT('Ctrl Pts',(-35.1780606391433,-24.520703331356,20.6895203490356));
#10776=CARTESIAN_POINT('Ctrl Pts',(-39.1767354873259,-28.1558622842492,
21.90124));
#10777=CARTESIAN_POINT('Ctrl Pts',(-43.1754103355084,-31.7910212371425,
23.1129596509644));
#10778=CARTESIAN_POINT('Ctrl Pts',(-48.0727668481826,-27.3388789528933,
23.1129596509644));
#10779=CARTESIAN_POINT('Ctrl Pts',(-52.9701233608568,-22.886736668644,23.1129596509644));
#10780=CARTESIAN_POINT('Ctrl Pts',(-48.9714485126742,-19.2515777157508,
21.90124));
#10781=CARTESIAN_POINT('Ctrl Pts',(-44.9727736644916,-15.6164187628575,
20.6895203490356));
#10782=CARTESIAN_POINT('Ctrl Pts',(-40.0754171518174,-20.0685610471067,
20.6895203490356));
#10783=CARTESIAN_POINT('Ctrl Pts',(-42.9029072527274,-22.6390065933886,
18.9758899848477));
#10784=CARTESIAN_POINT('Ctrl Pts',(-38.0055507400533,-27.0911488776378,
18.9758899848477));
#10785=CARTESIAN_POINT('Ctrl Pts',(-42.0042255882358,-30.726307830531,20.1876096358121));
#10786=CARTESIAN_POINT('Ctrl Pts',(-46.0029004364184,-34.3614667834243,
21.3993292867765));
#10787=CARTESIAN_POINT('Ctrl Pts',(-50.9002569490926,-29.9093244991751,
21.3993292867765));
#10788=CARTESIAN_POINT('Ctrl Pts',(-55.7976134617667,-25.4571822149258,
21.3993292867765));
#10789=CARTESIAN_POINT('Ctrl Pts',(-51.7989386135842,-21.8220232620326,
20.1876096358121));
#10790=CARTESIAN_POINT('Ctrl Pts',(-47.8002637654016,-18.1868643091393,
18.9758899848477));
#10791=CARTESIAN_POINT('Ctrl Pts',(-42.9029072527274,-22.6390065933886,
18.9758899848477));
#10792=CARTESIAN_POINT('Ctrl Pts',(-46.90158210091,-26.2741655462818,20.1876096358121));
#10793=CARTESIAN_POINT('Ctrl Pts',(-46.90158210091,-26.2741655462818,20.1876096358121));
#10794=CARTESIAN_POINT('Ctrl Pts',(-46.90158210091,-26.2741655462818,20.1876096358121));
#10795=CARTESIAN_POINT('Ctrl Pts',(-46.90158210091,-26.2741655462818,20.1876096358121));
#10796=CARTESIAN_POINT('Ctrl Pts',(-46.90158210091,-26.2741655462818,20.1876096358121));
#10797=CARTESIAN_POINT('Ctrl Pts',(-46.90158210091,-26.2741655462818,20.1876096358121));
#10798=CARTESIAN_POINT('Ctrl Pts',(-46.90158210091,-26.2741655462818,20.1876096358121));
#10799=CARTESIAN_POINT('Ctrl Pts',(-46.90158210091,-26.2741655462818,20.1876096358121));
#10800=CARTESIAN_POINT('Ctrl Pts',(-46.90158210091,-26.2741655462818,20.1876096358121));
#10801=CARTESIAN_POINT('Origin',(-44.074092,-23.70372,21.90124));
#10802=CARTESIAN_POINT('Ctrl Pts',(-38.41911179818,26.2741655462818,5.24194481790605));
#10803=CARTESIAN_POINT('Ctrl Pts',(-38.41911179818,26.2741655462818,5.24194481790605));
#10804=CARTESIAN_POINT('Ctrl Pts',(-38.41911179818,26.2741655462818,5.24194481790605));
#10805=CARTESIAN_POINT('Ctrl Pts',(-38.41911179818,26.2741655462818,5.24194481790605));
#10806=CARTESIAN_POINT('Ctrl Pts',(-38.41911179818,26.2741655462818,5.24194481790605));
#10807=CARTESIAN_POINT('Ctrl Pts',(-38.41911179818,26.2741655462818,5.24194481790605));
#10808=CARTESIAN_POINT('Ctrl Pts',(-38.41911179818,26.2741655462818,5.24194481790605));
#10809=CARTESIAN_POINT('Ctrl Pts',(-38.41911179818,26.2741655462818,5.24194481790605));
#10810=CARTESIAN_POINT('Ctrl Pts',(-38.41911179818,26.2741655462818,5.24194481790605));
#10811=CARTESIAN_POINT('Ctrl Pts',(-34.4204369499974,22.6390065933886,6.45366446887047));
#10812=CARTESIAN_POINT('Ctrl Pts',(-34.4204369499974,27.0911488776378,7.93771189695355));
#10813=CARTESIAN_POINT('Ctrl Pts',(-38.41911179818,30.7263078305311,6.72599224598913));
#10814=CARTESIAN_POINT('Ctrl Pts',(-42.4177866463626,34.3614667834243,5.51427259502471));
#10815=CARTESIAN_POINT('Ctrl Pts',(-42.4177866463626,29.9093244991751,4.03022516694163));
#10816=CARTESIAN_POINT('Ctrl Pts',(-42.4177866463626,25.4571822149258,2.54617773885855));
#10817=CARTESIAN_POINT('Ctrl Pts',(-38.41911179818,21.8220232620326,3.75789738982297));
#10818=CARTESIAN_POINT('Ctrl Pts',(-34.4204369499974,18.1868643091393,4.9696170407874));
#10819=CARTESIAN_POINT('Ctrl Pts',(-34.4204369499974,22.6390065933886,6.45366446887047));
#10820=CARTESIAN_POINT('Ctrl Pts',(-40.0754171518174,20.0685610471067,7.31047965096441));
#10821=CARTESIAN_POINT('Ctrl Pts',(-40.0754171518174,24.520703331356,8.79452707904749));
#10822=CARTESIAN_POINT('Ctrl Pts',(-44.074092,28.1558622842492,7.58280742808306));
#10823=CARTESIAN_POINT('Ctrl Pts',(-48.0727668481826,31.7910212371425,6.37108777711864));
#10824=CARTESIAN_POINT('Ctrl Pts',(-48.0727668481826,27.3388789528933,4.88704034903557));
#10825=CARTESIAN_POINT('Ctrl Pts',(-48.0727668481826,22.886736668644,3.40299292095249));
#10826=CARTESIAN_POINT('Ctrl Pts',(-44.074092,19.2515777157508,4.61471257191691));
#10827=CARTESIAN_POINT('Ctrl Pts',(-40.0754171518174,15.6164187628575,5.82643222288133));
#10828=CARTESIAN_POINT('Ctrl Pts',(-40.0754171518174,20.0685610471067,7.31047965096441));
#10829=CARTESIAN_POINT('Ctrl Pts',(-45.7303973536374,17.4981155008249,8.16729483305835));
#10830=CARTESIAN_POINT('Ctrl Pts',(-45.7303973536374,21.9502577850742,9.65134226114142));
#10831=CARTESIAN_POINT('Ctrl Pts',(-49.72907220182,25.5854167379674,8.439622610177));
#10832=CARTESIAN_POINT('Ctrl Pts',(-53.7277470500026,29.2205756908607,7.22790295921258));
#10833=CARTESIAN_POINT('Ctrl Pts',(-53.7277470500026,24.7684334066114,5.7438555311295));
#10834=CARTESIAN_POINT('Ctrl Pts',(-53.7277470500026,20.3162911223622,4.25980810304643));
#10835=CARTESIAN_POINT('Ctrl Pts',(-49.72907220182,16.681132169469,5.47152775401085));
#10836=CARTESIAN_POINT('Ctrl Pts',(-45.7303973536374,13.0459732165757,6.68324740497527));
#10837=CARTESIAN_POINT('Ctrl Pts',(-45.7303973536374,17.4981155008249,8.16729483305835));
#10838=CARTESIAN_POINT('Ctrl Pts',(-49.72907220182,21.1332744537182,6.95557518209392));
#10839=CARTESIAN_POINT('Ctrl Pts',(-49.72907220182,21.1332744537182,6.95557518209392));
#10840=CARTESIAN_POINT('Ctrl Pts',(-49.72907220182,21.1332744537182,6.95557518209392));
#10841=CARTESIAN_POINT('Ctrl Pts',(-49.72907220182,21.1332744537182,6.95557518209392));
#10842=CARTESIAN_POINT('Ctrl Pts',(-49.72907220182,21.1332744537182,6.95557518209392));
#10843=CARTESIAN_POINT('Ctrl Pts',(-49.72907220182,21.1332744537182,6.95557518209392));
#10844=CARTESIAN_POINT('Ctrl Pts',(-49.72907220182,21.1332744537182,6.95557518209392));
#10845=CARTESIAN_POINT('Ctrl Pts',(-49.72907220182,21.1332744537182,6.95557518209392));
#10846=CARTESIAN_POINT('Ctrl Pts',(-49.72907220182,21.1332744537182,6.95557518209392));
#10847=CARTESIAN_POINT('',(-44.074092,30.,6.09875999999999));
#10848=CARTESIAN_POINT('Origin',(-44.074092,23.70372,6.09875999999999));
#10849=CARTESIAN_POINT('Origin',(-44.074092,23.70372,6.09875999999999));
#10850=CARTESIAN_POINT('Ctrl Pts',(-44.074092,-30.,6.09876));
#10851=CARTESIAN_POINT('Ctrl Pts',(-44.074092,-30.,4.));
#10852=CARTESIAN_POINT('Ctrl Pts',(-44.074092,-23.70372,4.));
#10853=CARTESIAN_POINT('Ctrl Pts',(8.074092,-30.,6.09876000000001));
#10854=CARTESIAN_POINT('Ctrl Pts',(8.074092,-30.,4.00000000000001));
#10855=CARTESIAN_POINT('Ctrl Pts',(8.074092,-23.70372,4.00000000000001));
#10856=CARTESIAN_POINT('',(-18.,-23.70372,4.));
#10857=CARTESIAN_POINT('Origin',(-18.,0.,4.));
#10858=CARTESIAN_POINT('',(-18.,23.70372,3.99999999999999));
#10859=CARTESIAN_POINT('Ctrl Pts',(-44.074092,23.70372,3.99999999999999));
#10860=CARTESIAN_POINT('Ctrl Pts',(-44.074092,30.,3.99999999999999));
#10861=CARTESIAN_POINT('Ctrl Pts',(-44.074092,30.,6.09875999999999));
#10862=CARTESIAN_POINT('Ctrl Pts',(-21.6553915539529,23.70372,3.99999999999999));
#10863=CARTESIAN_POINT('Ctrl Pts',(-21.6553915539529,30.,3.99999999999999));
#10864=CARTESIAN_POINT('Ctrl Pts',(-21.6553915539529,30.,6.09875999999999));
#10865=CARTESIAN_POINT('',(-18.,30.,6.09875999999999));
#10866=CARTESIAN_POINT('Ctrl Pts',(-41.24660189909,-21.1332744537182,23.6148703641879));
#10867=CARTESIAN_POINT('Ctrl Pts',(-41.24660189909,-21.1332744537182,23.6148703641879));
#10868=CARTESIAN_POINT('Ctrl Pts',(-41.24660189909,-21.1332744537182,23.6148703641879));
#10869=CARTESIAN_POINT('Ctrl Pts',(-41.24660189909,-21.1332744537182,23.6148703641879));
#10870=CARTESIAN_POINT('Ctrl Pts',(-41.24660189909,-21.1332744537182,23.6148703641879));
#10871=CARTESIAN_POINT('Ctrl Pts',(-41.24660189909,-21.1332744537182,23.6148703641879));
#10872=CARTESIAN_POINT('Ctrl Pts',(-41.24660189909,-21.1332744537182,23.6148703641879));
#10873=CARTESIAN_POINT('Ctrl Pts',(-41.24660189909,-21.1332744537182,23.6148703641879));
#10874=CARTESIAN_POINT('Ctrl Pts',(-41.24660189909,-21.1332744537182,23.6148703641879));
#10875=CARTESIAN_POINT('Ctrl Pts',(-37.2479270509074,-17.4981155008249,
22.4031507132235));
#10876=CARTESIAN_POINT('Ctrl Pts',(-32.3505705382333,-21.9502577850742,
22.4031507132235));
#10877=CARTESIAN_POINT('Ctrl Pts',(-36.3492453864159,-25.5854167379674,
23.6148703641879));
#10878=CARTESIAN_POINT('Ctrl Pts',(-40.3479202345984,-29.2205756908607,
24.8265900151523));
#10879=CARTESIAN_POINT('Ctrl Pts',(-45.2452767472726,-24.7684334066114,
24.8265900151523));
#10880=CARTESIAN_POINT('Ctrl Pts',(-50.1426332599468,-20.3162911223622,
24.8265900151523));
#10881=CARTESIAN_POINT('Ctrl Pts',(-46.1439584117642,-16.681132169469,23.6148703641879));
#10882=CARTESIAN_POINT('Ctrl Pts',(-42.1452835635816,-13.0459732165757,
22.4031507132235));
#10883=CARTESIAN_POINT('Ctrl Pts',(-37.2479270509074,-17.4981155008249,
22.4031507132235));
#10884=CARTESIAN_POINT('Ctrl Pts',(-40.0754171518174,-20.0685610471067,
20.6895203490356));
#10885=CARTESIAN_POINT('Ctrl Pts',(-35.1780606391433,-24.520703331356,20.6895203490356));
#10886=CARTESIAN_POINT('Ctrl Pts',(-39.1767354873259,-28.1558622842492,
21.90124));
#10887=CARTESIAN_POINT('Ctrl Pts',(-43.1754103355084,-31.7910212371425,
23.1129596509644));
#10888=CARTESIAN_POINT('Ctrl Pts',(-48.0727668481826,-27.3388789528933,
23.1129596509644));
#10889=CARTESIAN_POINT('Ctrl Pts',(-52.9701233608568,-22.886736668644,23.1129596509644));
#10890=CARTESIAN_POINT('Ctrl Pts',(-48.9714485126742,-19.2515777157508,
21.90124));
#10891=CARTESIAN_POINT('Ctrl Pts',(-44.9727736644916,-15.6164187628575,
20.6895203490356));
#10892=CARTESIAN_POINT('Ctrl Pts',(-40.0754171518174,-20.0685610471067,
20.6895203490356));
#10893=CARTESIAN_POINT('Ctrl Pts',(-42.9029072527274,-22.6390065933886,
18.9758899848477));
#10894=CARTESIAN_POINT('Ctrl Pts',(-38.0055507400533,-27.0911488776378,
18.9758899848477));
#10895=CARTESIAN_POINT('Ctrl Pts',(-42.0042255882358,-30.726307830531,20.1876096358121));
#10896=CARTESIAN_POINT('Ctrl Pts',(-46.0029004364184,-34.3614667834243,
21.3993292867765));
#10897=CARTESIAN_POINT('Ctrl Pts',(-50.9002569490926,-29.9093244991751,
21.3993292867765));
#10898=CARTESIAN_POINT('Ctrl Pts',(-55.7976134617667,-25.4571822149258,
21.3993292867765));
#10899=CARTESIAN_POINT('Ctrl Pts',(-51.7989386135842,-21.8220232620326,
20.1876096358121));
#10900=CARTESIAN_POINT('Ctrl Pts',(-47.8002637654016,-18.1868643091393,
18.9758899848477));
#10901=CARTESIAN_POINT('Ctrl Pts',(-42.9029072527274,-22.6390065933886,
18.9758899848477));
#10902=CARTESIAN_POINT('Ctrl Pts',(-46.90158210091,-26.2741655462818,20.1876096358121));
#10903=CARTESIAN_POINT('Ctrl Pts',(-46.90158210091,-26.2741655462818,20.1876096358121));
#10904=CARTESIAN_POINT('Ctrl Pts',(-46.90158210091,-26.2741655462818,20.1876096358121));
#10905=CARTESIAN_POINT('Ctrl Pts',(-46.90158210091,-26.2741655462818,20.1876096358121));
#10906=CARTESIAN_POINT('Ctrl Pts',(-46.90158210091,-26.2741655462818,20.1876096358121));
#10907=CARTESIAN_POINT('Ctrl Pts',(-46.90158210091,-26.2741655462818,20.1876096358121));
#10908=CARTESIAN_POINT('Ctrl Pts',(-46.90158210091,-26.2741655462818,20.1876096358121));
#10909=CARTESIAN_POINT('Ctrl Pts',(-46.90158210091,-26.2741655462818,20.1876096358121));
#10910=CARTESIAN_POINT('Ctrl Pts',(-46.90158210091,-26.2741655462818,20.1876096358121));
#10911=CARTESIAN_POINT('Origin',(-18.,30.,14.));
#10912=CARTESIAN_POINT('',(-44.074092,30.,14.));
#10913=CARTESIAN_POINT('Ctrl Pts',(-44.074092,30.,6.09875999999998));
#10914=CARTESIAN_POINT('Ctrl Pts',(-51.,30.,6.09875999999998));
#10915=CARTESIAN_POINT('Ctrl Pts',(-51.,23.70372,6.09875999999999));
#10916=CARTESIAN_POINT('Ctrl Pts',(-44.074092,30.,21.90124));
#10917=CARTESIAN_POINT('Ctrl Pts',(-51.,30.,21.90124));
#10918=CARTESIAN_POINT('Ctrl Pts',(-51.,23.70372,21.90124));
#10919=CARTESIAN_POINT('',(-51.,23.70372,21.90124));
#10920=CARTESIAN_POINT('',(-51.,23.70372,14.));
#10921=CARTESIAN_POINT('Origin',(-44.074092,23.70372,21.90124));
#10922=CARTESIAN_POINT('Ctrl Pts',(-41.24660189909,21.1332744537182,23.6148703641879));
#10923=CARTESIAN_POINT('Ctrl Pts',(-41.24660189909,21.1332744537182,23.6148703641879));
#10924=CARTESIAN_POINT('Ctrl Pts',(-41.24660189909,21.1332744537182,23.6148703641879));
#10925=CARTESIAN_POINT('Ctrl Pts',(-41.24660189909,21.1332744537182,23.6148703641879));
#10926=CARTESIAN_POINT('Ctrl Pts',(-41.24660189909,21.1332744537182,23.6148703641879));
#10927=CARTESIAN_POINT('Ctrl Pts',(-41.24660189909,21.1332744537182,23.6148703641879));
#10928=CARTESIAN_POINT('Ctrl Pts',(-41.24660189909,21.1332744537182,23.6148703641879));
#10929=CARTESIAN_POINT('Ctrl Pts',(-41.24660189909,21.1332744537182,23.6148703641879));
#10930=CARTESIAN_POINT('Ctrl Pts',(-41.24660189909,21.1332744537182,23.6148703641879));
#10931=CARTESIAN_POINT('Ctrl Pts',(-37.2479270509074,17.4981155008249,22.4031507132235));
#10932=CARTESIAN_POINT('Ctrl Pts',(-42.1452835635816,13.0459732165757,22.4031507132234));
#10933=CARTESIAN_POINT('Ctrl Pts',(-46.1439584117642,16.681132169469,23.6148703641879));
#10934=CARTESIAN_POINT('Ctrl Pts',(-50.1426332599468,20.3162911223622,24.8265900151523));
#10935=CARTESIAN_POINT('Ctrl Pts',(-45.2452767472726,24.7684334066115,24.8265900151523));
#10936=CARTESIAN_POINT('Ctrl Pts',(-40.3479202345984,29.2205756908607,24.8265900151523));
#10937=CARTESIAN_POINT('Ctrl Pts',(-36.3492453864159,25.5854167379674,23.6148703641879));
#10938=CARTESIAN_POINT('Ctrl Pts',(-32.3505705382333,21.9502577850742,22.4031507132235));
#10939=CARTESIAN_POINT('Ctrl Pts',(-37.2479270509074,17.4981155008249,22.4031507132235));
#10940=CARTESIAN_POINT('Ctrl Pts',(-40.0754171518174,20.0685610471067,20.6895203490356));
#10941=CARTESIAN_POINT('Ctrl Pts',(-44.9727736644916,15.6164187628575,20.6895203490356));
#10942=CARTESIAN_POINT('Ctrl Pts',(-48.9714485126742,19.2515777157508,21.90124));
#10943=CARTESIAN_POINT('Ctrl Pts',(-52.9701233608568,22.886736668644,23.1129596509644));
#10944=CARTESIAN_POINT('Ctrl Pts',(-48.0727668481826,27.3388789528933,23.1129596509644));
#10945=CARTESIAN_POINT('Ctrl Pts',(-43.1754103355084,31.7910212371425,23.1129596509644));
#10946=CARTESIAN_POINT('Ctrl Pts',(-39.1767354873258,28.1558622842492,21.90124));
#10947=CARTESIAN_POINT('Ctrl Pts',(-35.1780606391433,24.520703331356,20.6895203490356));
#10948=CARTESIAN_POINT('Ctrl Pts',(-40.0754171518174,20.0685610471067,20.6895203490356));
#10949=CARTESIAN_POINT('Ctrl Pts',(-42.9029072527274,22.6390065933886,18.9758899848477));
#10950=CARTESIAN_POINT('Ctrl Pts',(-47.8002637654016,18.1868643091393,18.9758899848477));
#10951=CARTESIAN_POINT('Ctrl Pts',(-51.7989386135842,21.8220232620326,20.1876096358121));
#10952=CARTESIAN_POINT('Ctrl Pts',(-55.7976134617668,25.4571822149258,21.3993292867765));
#10953=CARTESIAN_POINT('Ctrl Pts',(-50.9002569490926,29.9093244991751,21.3993292867765));
#10954=CARTESIAN_POINT('Ctrl Pts',(-46.0029004364184,34.3614667834243,21.3993292867765));
#10955=CARTESIAN_POINT('Ctrl Pts',(-42.0042255882358,30.7263078305311,20.1876096358121));
#10956=CARTESIAN_POINT('Ctrl Pts',(-38.0055507400533,27.0911488776378,18.9758899848477));
#10957=CARTESIAN_POINT('Ctrl Pts',(-42.9029072527274,22.6390065933886,18.9758899848477));
#10958=CARTESIAN_POINT('Ctrl Pts',(-46.90158210091,26.2741655462818,20.1876096358121));
#10959=CARTESIAN_POINT('Ctrl Pts',(-46.90158210091,26.2741655462818,20.1876096358121));
#10960=CARTESIAN_POINT('Ctrl Pts',(-46.90158210091,26.2741655462818,20.1876096358121));
#10961=CARTESIAN_POINT('Ctrl Pts',(-46.90158210091,26.2741655462818,20.1876096358121));
#10962=CARTESIAN_POINT('Ctrl Pts',(-46.90158210091,26.2741655462818,20.1876096358121));
#10963=CARTESIAN_POINT('Ctrl Pts',(-46.90158210091,26.2741655462818,20.1876096358121));
#10964=CARTESIAN_POINT('Ctrl Pts',(-46.90158210091,26.2741655462818,20.1876096358121));
#10965=CARTESIAN_POINT('Ctrl Pts',(-46.90158210091,26.2741655462818,20.1876096358121));
#10966=CARTESIAN_POINT('Ctrl Pts',(-46.90158210091,26.2741655462818,20.1876096358121));
#10967=CARTESIAN_POINT('Origin',(-44.074092,23.70372,21.90124));
#10968=CARTESIAN_POINT('Origin',(-16.0001395635986,30.00004491851,-7.25787737165506E-5));
#10969=CARTESIAN_POINT('Origin',(-14.7174023053302,27.0085,1.7915706000412));
#10970=CARTESIAN_POINT('',(27.2900524283699,27.0085,1.79157060004139));
#10971=CARTESIAN_POINT('Origin',(27.2900524283699,27.0085,1.79157060004139));
#10972=CARTESIAN_POINT('Ctrl Pts',(-51.,-23.70372,21.90124));
#10973=CARTESIAN_POINT('Ctrl Pts',(-51.,-23.70372,22.7546499791609));
#10974=CARTESIAN_POINT('Ctrl Pts',(-49.0346394131252,-23.70372,23.3658883416199));
#10975=CARTESIAN_POINT('Ctrl Pts',(-51.,-20.,21.90124));
#10976=CARTESIAN_POINT('Ctrl Pts',(-51.,-20.,22.7546499791609));
#10977=CARTESIAN_POINT('Ctrl Pts',(-49.0346394131252,-20.,23.3658883416199));
#10978=CARTESIAN_POINT('',(-51.,7.26327820348345E-15,21.90124));
#10979=CARTESIAN_POINT('Ctrl Pts',(-51.,20.,21.90124));
#10980=CARTESIAN_POINT('Ctrl Pts',(-51.,20.,22.7546499791609));
#10981=CARTESIAN_POINT('Ctrl Pts',(-49.0346394131252,20.,23.3658883416199));
#10982=CARTESIAN_POINT('Ctrl Pts',(-51.,23.70372,21.90124));
#10983=CARTESIAN_POINT('Ctrl Pts',(-51.,23.70372,22.7546499791609));
#10984=CARTESIAN_POINT('Ctrl Pts',(-49.0346394131252,23.70372,23.3658883416199));
#10985=CARTESIAN_POINT('',(-51.,7.26327820348345E-15,21.90124));
#10986=CARTESIAN_POINT('Origin',(-50.,-20.,23.));
#10987=CARTESIAN_POINT('Ctrl Pts',(-50.9812317305489,11.1311350527395,24.7427519304147));
#10988=CARTESIAN_POINT('Ctrl Pts',(-50.9995232714582,11.2541761604451,24.7324531380119));
#10989=CARTESIAN_POINT('Ctrl Pts',(-51.0085,11.3778530665321,24.7271154420015));
#10990=CARTESIAN_POINT('Ctrl Pts',(-51.0085,11.6221469334679,24.7271154420015));
#10991=CARTESIAN_POINT('Ctrl Pts',(-50.9995232714582,11.7458238395549,24.7324531380119));
#10992=CARTESIAN_POINT('Ctrl Pts',(-50.9812317305489,11.8688649472605,24.7427519304147));
#10993=CARTESIAN_POINT('',(-51.,11.70633043886,21.2679491924311));
#10994=CARTESIAN_POINT('',(-51.,-20.,21.2679491924311));
#10995=CARTESIAN_POINT('',(-51.,11.29366956114,21.2679491924311));
#10996=CARTESIAN_POINT('Ctrl Pts',(-51.,11.70633043886,21.2679491924311));
#10997=CARTESIAN_POINT('Ctrl Pts',(-51.0056948722224,11.6373285958226,21.2712371284417));
#10998=CARTESIAN_POINT('Ctrl Pts',(-51.0085,11.5684245315382,21.2728845579985));
#10999=CARTESIAN_POINT('Ctrl Pts',(-51.0085,11.4315754684617,21.2728845579985));
#11000=CARTESIAN_POINT('Ctrl Pts',(-51.0056948722224,11.3626714041773,21.2712371284417));
#11001=CARTESIAN_POINT('Ctrl Pts',(-51.,11.29366956114,21.2679491924311));
#11002=CARTESIAN_POINT('',(-51.,-11.29366956114,21.2679491924311));
#11003=CARTESIAN_POINT('',(-51.,-20.,21.2679491924311));
#11004=CARTESIAN_POINT('',(-51.,-11.70633043886,21.2679491924311));
#11005=CARTESIAN_POINT('Ctrl Pts',(-51.,-11.29366956114,21.2679491924311));
#11006=CARTESIAN_POINT('Ctrl Pts',(-51.0056948722224,-11.3626714041774,
21.2712371284417));
#11007=CARTESIAN_POINT('Ctrl Pts',(-51.0085,-11.4315754684618,21.2728845579985));
#11008=CARTESIAN_POINT('Ctrl Pts',(-51.0085,-11.5684245315383,21.2728845579985));
#11009=CARTESIAN_POINT('Ctrl Pts',(-51.0056948722224,-11.6373285958227,
21.2712371284417));
#11010=CARTESIAN_POINT('Ctrl Pts',(-51.,-11.70633043886,21.2679491924311));
#11011=CARTESIAN_POINT('',(-51.,-20.,21.2679491924311));
#11012=CARTESIAN_POINT('Ctrl Pts',(-50.9812317305489,-11.8688649472605,
24.7427519304147));
#11013=CARTESIAN_POINT('Ctrl Pts',(-50.9995232714582,-11.7458238395549,
24.7324531380119));
#11014=CARTESIAN_POINT('Ctrl Pts',(-51.0085,-11.6221469334679,24.7271154420015));
#11015=CARTESIAN_POINT('Ctrl Pts',(-51.0085,-11.3778530665321,24.7271154420015));
#11016=CARTESIAN_POINT('Ctrl Pts',(-50.9995232714582,-11.2541761604451,
24.7324531380119));
#11017=CARTESIAN_POINT('Ctrl Pts',(-50.9812317305489,-11.1311350527395,
24.7427519304147));
#11018=CARTESIAN_POINT('Ctrl Pts',(-48.8752975000133,-8.25178499999738,
26.5580001449585));
#11019=CARTESIAN_POINT('Ctrl Pts',(-48.8752975000133,-8.99999999999727,
26.5580001449585));
#11020=CARTESIAN_POINT('Ctrl Pts',(-48.8752975000133,-8.99999999999727,
26.3268848449585));
#11021=CARTESIAN_POINT('Ctrl Pts',(-48.0085,-8.25178499999738,26.5580001449585));
#11022=CARTESIAN_POINT('Ctrl Pts',(-48.0085,-8.99999999999727,26.5580001449585));
#11023=CARTESIAN_POINT('Ctrl Pts',(-48.0085,-8.99999999999727,26.3268848449585));
#11024=CARTESIAN_POINT('',(-48.0085,-8.99999999999727,26.3268848449585));
#11025=CARTESIAN_POINT('Origin',(-48.0085,-8.25178499999738,26.3268848449585));
#11026=CARTESIAN_POINT('',(-48.2936695611735,-8.99999999999727,26.3268848449585));
#11027=CARTESIAN_POINT('Ctrl Pts',(-48.7063304388266,-8.99999999999727,
26.3268848449585));
#11028=CARTESIAN_POINT('Ctrl Pts',(-48.7063304388266,-8.99999999999727,
26.3275043856908));
#11029=CARTESIAN_POINT('Ctrl Pts',(-48.7062308759012,-8.99999177736334,
26.3281235440138));
#11030=CARTESIAN_POINT('Ctrl Pts',(-48.7058546814983,-8.99996077351459,
26.3293270648023));
#11031=CARTESIAN_POINT('Ctrl Pts',(-48.7055768278502,-8.99993789043112,
26.3299110422764));
#11032=CARTESIAN_POINT('Ctrl Pts',(-48.7045635531703,-8.99985471896356,
26.3315763539921));
#11033=CARTESIAN_POINT('Ctrl Pts',(-48.7036318867341,-8.99977857694217,
26.332566912049));
#11034=CARTESIAN_POINT('Ctrl Pts',(-48.7012774323152,-8.99958769309087,
26.3346612271802));
#11035=CARTESIAN_POINT('Ctrl Pts',(-48.6993589824139,-8.99943385643272,
26.3359230794611));
#11036=CARTESIAN_POINT('Ctrl Pts',(-48.6935169811131,-8.99897201581082,
26.3392238303546));
#11037=CARTESIAN_POINT('Ctrl Pts',(-48.6881447974004,-8.99856148198998,
26.341287791689));
#11038=CARTESIAN_POINT('Ctrl Pts',(-48.67027092468,-8.99724983913552,26.347162709806));
#11039=CARTESIAN_POINT('Ctrl Pts',(-48.6537407576285,-8.99617714639563,
26.3503176142954));
#11040=CARTESIAN_POINT('Ctrl Pts',(-48.5965411243883,-8.99298269612732,
26.3591777637993));
#11041=CARTESIAN_POINT('Ctrl Pts',(-48.5439176145469,-8.9915,26.3616227000652));
#11042=CARTESIAN_POINT('Ctrl Pts',(-48.4560823854532,-8.9915,26.3616227000652));
#11043=CARTESIAN_POINT('Ctrl Pts',(-48.4034588756118,-8.99298269612732,
26.3591777637993));
#11044=CARTESIAN_POINT('Ctrl Pts',(-48.3462592423715,-8.99617714639563,
26.3503176142954));
#11045=CARTESIAN_POINT('Ctrl Pts',(-48.32972907532,-8.99724983913553,26.347162709806));
#11046=CARTESIAN_POINT('Ctrl Pts',(-48.3118552025996,-8.99856148198999,
26.341287791689));
#11047=CARTESIAN_POINT('Ctrl Pts',(-48.306483018887,-8.99897201581082,26.3392238303546));
#11048=CARTESIAN_POINT('Ctrl Pts',(-48.3006410175861,-8.99943385643272,
26.3359230794611));
#11049=CARTESIAN_POINT('Ctrl Pts',(-48.2987225676849,-8.99958769309087,
26.3346612271802));
#11050=CARTESIAN_POINT('Ctrl Pts',(-48.296368113266,-8.99977857694217,26.332566912049));
#11051=CARTESIAN_POINT('Ctrl Pts',(-48.2954364468297,-8.99985471896356,
26.3315763539921));
#11052=CARTESIAN_POINT('Ctrl Pts',(-48.2944231721499,-8.99993789043112,
26.3299110422764));
#11053=CARTESIAN_POINT('Ctrl Pts',(-48.2941453185017,-8.99996077351459,
26.3293270648023));
#11054=CARTESIAN_POINT('Ctrl Pts',(-48.2937691240988,-8.99999177736334,
26.3281235440138));
#11055=CARTESIAN_POINT('Ctrl Pts',(-48.2936695611735,-8.99999999999727,
26.3275043856908));
#11056=CARTESIAN_POINT('Ctrl Pts',(-48.2936695611735,-8.99999999999727,
26.3268848449585));
#11057=CARTESIAN_POINT('',(-47.5000000000133,-8.99999999999727,26.3268848449585));
#11058=CARTESIAN_POINT('Origin',(-47.5000000000133,9.,23.7780001449585));
#11059=CARTESIAN_POINT('',(-48.0085,9.,25.1054973176503));
#11060=CARTESIAN_POINT('',(-48.0085,9.,28.3890000724792));
#11061=CARTESIAN_POINT('',(-48.29366956114,9.,25.3052030261099));
#11062=CARTESIAN_POINT('',(-50.8840053533003,9.,27.1192284867992));
#11063=CARTESIAN_POINT('',(-48.2936695611401,8.99999999999999,16.9895001449585));
#11064=CARTESIAN_POINT('Origin',(-48.5,11.5,16.9895001449585));
#11065=CARTESIAN_POINT('',(-51.,11.70633043886,21.0085));
#11066=CARTESIAN_POINT('',(-48.0085,13.9598780457576,21.0085));
#11067=CARTESIAN_POINT('Origin',(-48.5,11.5,21.0085));
#11068=CARTESIAN_POINT('',(-48.0085,13.9598780457576,16.9895001449585));
#11069=CARTESIAN_POINT('',(-48.0085,9.04012195424242,25.1054973176503));
#11070=CARTESIAN_POINT('Origin',(-48.5,11.5,25.4496972922742));
#11071=CARTESIAN_POINT('',(-48.0085,9.04012195424242,21.0085));
#11072=CARTESIAN_POINT('',(-48.0085,9.04012195424242,16.9895001449585));
#11073=CARTESIAN_POINT('',(-51.,11.29366956114,21.0085));
#11074=CARTESIAN_POINT('Origin',(-48.5,11.5,21.0085));
#11075=CARTESIAN_POINT('',(-51.,11.29366956114,16.9895001449585));
#11076=CARTESIAN_POINT('',(-51.,11.70633043886,16.9895001449585));
#11077=CARTESIAN_POINT('Origin',(-47.5000000000133,-8.99999999999727,23.7780001449585));
#11078=CARTESIAN_POINT('',(-48.0085,-8.99999999999727,25.1054973176504));
#11079=CARTESIAN_POINT('',(-48.0085,-8.99999999999726,28.3890000724792));
#11080=CARTESIAN_POINT('',(-48.2936695611735,-8.99999999999727,25.3052030261333));
#11081=CARTESIAN_POINT('',(-48.2936695611735,-8.99999999999727,16.9895001449585));
#11082=CARTESIAN_POINT('',(-50.8840053533003,-8.99999999999727,27.1192284867992));
#11083=CARTESIAN_POINT('Origin',(-54.7244374118135,27.0085,29.8087027840215));
#11084=CARTESIAN_POINT('',(-48.0085,13.50425,25.1054973176503));
#11085=CARTESIAN_POINT('Origin',(-54.7244374118135,27.0085,29.8087027840215));
#11086=CARTESIAN_POINT('',(-48.0085,-9.04012195424244,25.1054973176503));
#11087=CARTESIAN_POINT('',(-48.0085,13.50425,25.1054973176503));
#11088=CARTESIAN_POINT('Origin',(-48.5,-11.5,25.4496972922742));
#11089=CARTESIAN_POINT('Origin',(-38.,17.0085,33.));
#11090=CARTESIAN_POINT('',(-48.0085,17.0084999999999,21.0085));
#11091=CARTESIAN_POINT('',(-48.0085,17.0085,33.));
#11092=CARTESIAN_POINT('',(-51.,17.0084999999999,21.0085));
#11093=CARTESIAN_POINT('',(-23.4999999999999,17.0084999999999,21.0085));
#11094=CARTESIAN_POINT('',(-51.,17.0084999999999,14.5));
#11095=CARTESIAN_POINT('Origin',(-48.0085,5.70407389068316E-15,33.));
#11096=CARTESIAN_POINT('',(-48.0085,-5.41371677062837E-14,21.0085));
#11097=CARTESIAN_POINT('Origin',(-48.0085,5.70407389068316E-15,33.));
#11098=CARTESIAN_POINT('',(-48.0085,-9.04012195424245,21.0085));
#11099=CARTESIAN_POINT('',(-48.0085,-5.41371677062837E-14,21.0085));
#11100=CARTESIAN_POINT('',(-48.0085,-9.04012195424245,16.9895001449585));
#11101=CARTESIAN_POINT('Origin',(-48.5,-11.5,16.9895001449585));
#11102=CARTESIAN_POINT('',(-51.,-11.70633043886,21.0085));
#11103=CARTESIAN_POINT('Origin',(-48.5,-11.5,21.0085));
#11104=CARTESIAN_POINT('',(-51.,-11.70633043886,16.9895001449585));
#11105=CARTESIAN_POINT('',(-51.,-11.29366956114,21.0085));
#11106=CARTESIAN_POINT('',(-51.,-11.29366956114,16.9895001449585));
#11107=CARTESIAN_POINT('Origin',(-48.5,-11.5,21.0085));
#11108=CARTESIAN_POINT('Origin',(-51.,4.05741624797134E-15,14.));
#11109=CARTESIAN_POINT('',(-51.,-17.0085000000001,21.0085));
#11110=CARTESIAN_POINT('',(-51.,-5.28491401087533E-14,21.0085));
#11111=CARTESIAN_POINT('',(-51.,-17.0085000000001,14.5));
#11112=CARTESIAN_POINT('',(-51.,-5.28491401087533E-14,21.0085));
#11113=CARTESIAN_POINT('Origin',(-51.,4.05741624797134E-15,14.));
#11114=CARTESIAN_POINT('',(-51.,-5.28491401087533E-14,21.0085));
#11115=CARTESIAN_POINT('Origin',(-38.,-17.0085,33.));
#11116=CARTESIAN_POINT('',(-23.4999999999999,-17.0085000000001,21.0085));
#11117=CARTESIAN_POINT('Origin',(-23.4999999999999,-1.11313321882506E-13,
21.0085));
#11118=CARTESIAN_POINT('Origin',(-23.4999999999999,-1.11313321882506E-13,
21.0085));
#11119=CARTESIAN_POINT('Origin',(-23.4999999999999,-1.11313321882506E-13,
21.0085));
#11120=CARTESIAN_POINT('Origin',(-17.0999984741211,5.00850000000001,28.5));
#11121=CARTESIAN_POINT('Origin',(-17.0085,-76.5,29.5000000000002));
#11122=CARTESIAN_POINT('',(-17.0085,-76.6180124966378,26.9942774892984));
#11123=CARTESIAN_POINT('',(-17.0085,-76.3819875033622,26.9942774892984));
#11124=CARTESIAN_POINT('',(-17.0085,5.00850000000001,26.9942774892984));
#11125=CARTESIAN_POINT('Origin',(-17.0085,-76.5,29.5000000000002));
#11126=CARTESIAN_POINT('Origin',(-17.0085,-76.5,29.5000000000002));
#11127=CARTESIAN_POINT('',(-16.0085,-77.9580353975737,27.4587491507849));
#11128=CARTESIAN_POINT('Ctrl Pts',(-16.0085,-77.9580353975738,27.4587491507849));
#11129=CARTESIAN_POINT('Ctrl Pts',(-16.1487325976462,-77.7522355475633,
27.3117493510073));
#11130=CARTESIAN_POINT('Ctrl Pts',(-16.3184476915203,-77.5208349853225,
27.1949702995881));
#11131=CARTESIAN_POINT('Ctrl Pts',(-16.6654759051567,-77.0611186247922,
27.0439377204859));
#11132=CARTESIAN_POINT('Ctrl Pts',(-16.8414832574887,-76.8335058570828,
27.004426621681));
#11133=CARTESIAN_POINT('Ctrl Pts',(-17.0085,-76.6180124966378,26.9942774892984));
#11134=CARTESIAN_POINT('',(-16.0085,-75.0419646024263,27.4587491507849));
#11135=CARTESIAN_POINT('Origin',(-16.0085,-76.5,29.5000000000002));
#11136=CARTESIAN_POINT('Ctrl Pts',(-17.0085,-76.3819875033622,26.9942774892984));
#11137=CARTESIAN_POINT('Ctrl Pts',(-16.8414832574887,-76.1664941429172,
27.004426621681));
#11138=CARTESIAN_POINT('Ctrl Pts',(-16.6654759051567,-75.9388813752078,
27.0439377204859));
#11139=CARTESIAN_POINT('Ctrl Pts',(-16.3184476915203,-75.4791650146775,
27.1949702995881));
#11140=CARTESIAN_POINT('Ctrl Pts',(-16.1487325976462,-75.2477644524367,
27.3117493510073));
#11141=CARTESIAN_POINT('Ctrl Pts',(-16.0085,-75.0419646024263,27.4587491507849));
#11142=CARTESIAN_POINT('Origin',(-17.0999984741211,5.00850000000001,28.5));
#11143=CARTESIAN_POINT('',(-16.0085,-72.4800662666435,27.4587491507849));
#11144=CARTESIAN_POINT('',(-16.0085,5.00850000000001,27.4587491507849));
#11145=CARTESIAN_POINT('',(-15.6738147552405,-72.0202678651509,28.9915));
#11146=CARTESIAN_POINT('Ctrl Pts',(-16.0085,-72.4800662666435,27.4587491507849));
#11147=CARTESIAN_POINT('Ctrl Pts',(-15.8881959996782,-72.4160301012934,
27.5848586592485));
#11148=CARTESIAN_POINT('Ctrl Pts',(-15.784595244287,-72.345712516429,27.7389748741649));
#11149=CARTESIAN_POINT('Ctrl Pts',(-15.6724461174554,-72.2464738862242,
28.0019625379548));
#11150=CARTESIAN_POINT('Ctrl Pts',(-15.6418577925135,-72.2130127343759,
28.1002963290336));
#11151=CARTESIAN_POINT('Ctrl Pts',(-15.6013735399158,-72.1529243363661,
28.2998486108505));
#11152=CARTESIAN_POINT('Ctrl Pts',(-15.5914984741211,-72.1263030636872,
28.4010731320235));
#11153=CARTESIAN_POINT('Ctrl Pts',(-15.5914984741211,-72.0826841647,28.5928305248863));
#11154=CARTESIAN_POINT('Ctrl Pts',(-15.6002125867905,-72.0638765739028,
28.6894707887786));
#11155=CARTESIAN_POINT('Ctrl Pts',(-15.6321888337998,-72.0373286928191,
28.855012558451));
#11156=CARTESIAN_POINT('Ctrl Pts',(-15.6505286256352,-72.027937738163,28.9239307244786));
#11157=CARTESIAN_POINT('Ctrl Pts',(-15.6738147552405,-72.0202678651509,
28.9915));
#11158=CARTESIAN_POINT('',(-15.6738147552405,-30.,28.9915));
#11159=CARTESIAN_POINT('',(-15.6738147552405,5.00850000000001,28.9915));
#11160=CARTESIAN_POINT('',(-18.5261821930017,-30.,28.9915));
#11161=CARTESIAN_POINT('Origin',(-17.0999984741211,-30.,28.5));
#11162=CARTESIAN_POINT('',(-18.5261821930017,-80.0085,28.9915));
#11163=CARTESIAN_POINT('',(-18.5261821930017,5.00850000000001,28.9915));
#11164=CARTESIAN_POINT('',(-16.0085,-80.0085,27.4587491507849));
#11165=CARTESIAN_POINT('Origin',(-17.0999984741211,-80.0085,28.5));
#11166=CARTESIAN_POINT('',(-16.0085,5.00850000000001,27.4587491507849));
#11167=CARTESIAN_POINT('Origin',(-16.0085,-76.5,29.5000000000002));
#11168=CARTESIAN_POINT('',(-16.0085,-80.9797321348491,28.9915));
#11169=CARTESIAN_POINT('Origin',(-16.0085,-76.5,29.5000000000002));
#11170=CARTESIAN_POINT('',(1.33759090909125,-80.9797321348491,28.9915));
#11171=CARTESIAN_POINT('',(-16.0085,-80.9797321348491,28.9915));
#11172=CARTESIAN_POINT('',(1.33759090909072,-72.0202678651509,28.9915));
#11173=CARTESIAN_POINT('Origin',(1.33759090909093,-76.5,29.5000000000002));
#11174=CARTESIAN_POINT('',(-16.0085,-72.0202678651509,28.9915));
#11175=CARTESIAN_POINT('Origin',(-16.0085,-76.5,29.5000000000002));
#11176=CARTESIAN_POINT('',(-16.0085,-80.0085,28.9915));
#11177=CARTESIAN_POINT('',(-16.0085,-80.0085,29.0000000000001));
#11178=CARTESIAN_POINT('',(-16.0085,-68.5,28.9915));
#11179=CARTESIAN_POINT('Origin',(0.812500000000018,-76.5000000000002,29.5));
#11180=CARTESIAN_POINT('',(-0.374999999999984,-81.9764429833608,28.9915));
#11181=CARTESIAN_POINT('Ctrl Pts',(1.33759090909125,-80.9797321348491,28.9915));
#11182=CARTESIAN_POINT('Ctrl Pts',(0.567019034029348,-81.4287175832681,
28.9915));
#11183=CARTESIAN_POINT('Ctrl Pts',(-0.374999999999985,-81.9764429833608,
28.9915));
#11184=CARTESIAN_POINT('',(-0.374999999999981,-71.0235570166395,28.9915));
#11185=CARTESIAN_POINT('Origin',(-0.374999999999982,-76.5000000000002,29.5));
#11186=CARTESIAN_POINT('Ctrl Pts',(-0.374999999999984,-71.0235570166395,
28.9915));
#11187=CARTESIAN_POINT('Ctrl Pts',(0.567019034106109,-71.571282416777,28.9915));
#11188=CARTESIAN_POINT('Ctrl Pts',(1.33759090909072,-72.0202678651509,28.9915));
#11189=CARTESIAN_POINT('Origin',(-3.79999923706055,-60.5,28.9915));
#11190=CARTESIAN_POINT('',(-15.2528042718437,-81.6113024830494,28.9915));
#11191=CARTESIAN_POINT('',(-19.5512086877365,-80.,28.9914999892125));
#11192=CARTESIAN_POINT('Origin',(-17.1,-80.,28.9915));
#11193=CARTESIAN_POINT('',(-14.625,-81.9764429833608,28.9915));
#11194=CARTESIAN_POINT('Ctrl Pts',(-14.625,-81.9764429833608,28.9915));
#11195=CARTESIAN_POINT('Ctrl Pts',(-14.9497277062393,-81.7876340459657,
28.9915));
#11196=CARTESIAN_POINT('Ctrl Pts',(-15.2528042718437,-81.6113024830494,
28.9915));
#11197=CARTESIAN_POINT('',(-17.,-81.9764429833608,28.9915));
#11198=CARTESIAN_POINT('',(-10.4499988555908,-80.0085,28.9915));
#11199=CARTESIAN_POINT('',(-19.5512079204965,-30.,28.9915));
#11200=CARTESIAN_POINT('',(-10.4499988555908,-30.,28.9915));
#11201=CARTESIAN_POINT('',(-19.5512079204965,-30.,28.9915));
#11202=CARTESIAN_POINT('Origin',(-17.0999984741211,-80.0085,28.5));
#11203=CARTESIAN_POINT('Origin',(-3.79999923706055,-60.5,28.9915));
#11204=CARTESIAN_POINT('',(-14.625,-71.0235570166395,28.9915));
#11205=CARTESIAN_POINT('',(-17.,-71.0235570166395,28.9915));
#11206=CARTESIAN_POINT('',(-14.6487890277456,-71.0373890043996,28.9914999999999));
#11207=CARTESIAN_POINT('Ctrl Pts',(-14.6487890277456,-71.0373890043996,
28.9914999999999));
#11208=CARTESIAN_POINT('Ctrl Pts',(-14.6369095540006,-71.0304816805734,
28.9914999999999));
#11209=CARTESIAN_POINT('Ctrl Pts',(-14.625,-71.0235570166395,28.9915));
#11210=CARTESIAN_POINT('',(-14.6487890277457,-30.,28.9915));
#11211=CARTESIAN_POINT('',(-14.6487890277457,-30.,28.9915));
#11212=CARTESIAN_POINT('',(-10.4499988555908,-30.,28.9915));
#11213=CARTESIAN_POINT('Origin',(-17.0999984741211,-30.,28.5));
#11214=CARTESIAN_POINT('Origin',(-17.0999984741211,-30.,28.5));
#11215=CARTESIAN_POINT('Origin',(-17.0999984741211,-30.,28.5));
#11216=CARTESIAN_POINT('',(-14.625,-71.0382259601339,28.8526791078277));
#11217=CARTESIAN_POINT('Ctrl Pts',(-14.6487890277456,-71.0373890043996,
28.9914999999997));
#11218=CARTESIAN_POINT('Ctrl Pts',(-14.6428792252242,-71.0366963462891,
28.9620266250927));
#11219=CARTESIAN_POINT('Ctrl Pts',(-14.6375053322973,-71.0365588620211,
28.9324672190274));
#11220=CARTESIAN_POINT('Ctrl Pts',(-14.6299432038752,-71.0372172973591,
28.8861519518068));
#11221=CARTESIAN_POINT('Ctrl Pts',(-14.6273862956049,-71.0376324209955,
28.8694254300503));
#11222=CARTESIAN_POINT('Ctrl Pts',(-14.625,-71.0382259601339,28.8526791078277));
#11223=CARTESIAN_POINT('',(-14.625,-71.1689345125721,28.1473208921723));
#11224=CARTESIAN_POINT('Ctrl Pts',(-14.625,-71.0382259601339,28.8526791078277));
#11225=CARTESIAN_POINT('Ctrl Pts',(-14.6080160805767,-71.0523519541488,
28.7334909457725));
#11226=CARTESIAN_POINT('Ctrl Pts',(-14.5999984741211,-71.0704013755781,
28.615044368314));
#11227=CARTESIAN_POINT('Ctrl Pts',(-14.5999984741211,-71.1132453916832,
28.3833299229434));
#11228=CARTESIAN_POINT('Ctrl Pts',(-14.6082267274537,-71.1390673634202,
28.2650307962658));
#11229=CARTESIAN_POINT('Ctrl Pts',(-14.625,-71.1689345125721,28.1473208921723));
#11230=CARTESIAN_POINT('',(-17.,-74.313764382794,26.0020007395571));
#11231=CARTESIAN_POINT('Ctrl Pts',(-14.625,-71.1689345125721,28.1473208921723));
#11232=CARTESIAN_POINT('Ctrl Pts',(-14.6404317369109,-71.2056301460434,
28.039025491453));
#11233=CARTESIAN_POINT('Ctrl Pts',(-14.6627931681974,-71.2495085502693,
27.9332363612228));
#11234=CARTESIAN_POINT('Ctrl Pts',(-14.7372481093179,-71.3808405755543,
27.6650197268447));
#11235=CARTESIAN_POINT('Ctrl Pts',(-14.7994225857153,-71.4786642854661,
27.5086010321683));
#11236=CARTESIAN_POINT('Ctrl Pts',(-14.9443232318148,-71.693778252559,27.223839517668));
#11237=CARTESIAN_POINT('Ctrl Pts',(-15.0270207917349,-71.8110420485748,
27.0954621529228));
#11238=CARTESIAN_POINT('Ctrl Pts',(-15.3334902542651,-72.2346989803441,
26.6939512374856));
#11239=CARTESIAN_POINT('Ctrl Pts',(-15.6117805608288,-72.6002727597129,
26.4625348048733));
#11240=CARTESIAN_POINT('Ctrl Pts',(-16.2112042026909,-73.3639548416742,
26.1386229527088));
#11241=CARTESIAN_POINT('Ctrl Pts',(-16.5319917263187,-73.7622929357703,
26.0460294986552));
#11242=CARTESIAN_POINT('Ctrl Pts',(-16.8906121900454,-74.1864388695043,
26.0082195501095));
#11243=CARTESIAN_POINT('Ctrl Pts',(-16.9447793023863,-74.2499065384397,
26.0042113028622));
#11244=CARTESIAN_POINT('Ctrl Pts',(-17.,-74.313764382794,26.0020007395571));
#11245=CARTESIAN_POINT('',(-17.,-78.6862356172063,26.0020007395571));
#11246=CARTESIAN_POINT('',(-17.,-30.,26.0020007395571));
#11247=CARTESIAN_POINT('',(-15.9255386508572,-80.,26.2930472276531));
#11248=CARTESIAN_POINT('Ctrl Pts',(-17.,-78.6862356172063,26.0020007395571));
#11249=CARTESIAN_POINT('Ctrl Pts',(-16.9447793023863,-78.7500934615606,
26.0042113028622));
#11250=CARTESIAN_POINT('Ctrl Pts',(-16.8906121900454,-78.813561130496,26.0082195501095));
#11251=CARTESIAN_POINT('Ctrl Pts',(-16.5435263787536,-79.2240648535305,
26.044813381174));
#11252=CARTESIAN_POINT('Ctrl Pts',(-16.2342113102875,-79.6075733728516,
26.1319503725574));
#11253=CARTESIAN_POINT('Ctrl Pts',(-15.9377372339001,-79.984477202243,26.2865871740029));
#11254=CARTESIAN_POINT('Ctrl Pts',(-15.9316333748645,-79.9922416819873,
26.2898030251782));
#11255=CARTESIAN_POINT('Ctrl Pts',(-15.9255381758289,-79.9999998606031,
26.2930466684283));
#11256=CARTESIAN_POINT('',(-17.0999992079567,-80.,26.0000000000001));
#11257=CARTESIAN_POINT('Origin',(-17.1,-80.,28.5));
#11258=CARTESIAN_POINT('Origin',(-17.0999984741211,-80.,28.5));
#11259=CARTESIAN_POINT('Origin',(-17.,-76.5000000000002,29.5));
#11260=CARTESIAN_POINT('Origin',(-14.625,-76.5000000000002,29.5));
#11261=CARTESIAN_POINT('Origin',(-14.625,-76.5000000000002,29.5));
#11262=CARTESIAN_POINT('Origin',(-15.8125,-76.5000000000002,29.5));
#11263=CARTESIAN_POINT('Origin',(-17.,-76.5000000000002,29.5));
#11264=CARTESIAN_POINT('Origin',(-17.,-76.5000000000002,29.5));
#11265=CARTESIAN_POINT('Origin',(-17.1,-80.,28.5));
#11266=CARTESIAN_POINT('',(-17.1,-82.5,28.5));
#11267=CARTESIAN_POINT('Origin',(-17.1,-80.,28.5));
#11268=CARTESIAN_POINT('Ctrl Pts',(-15.9255386508572,-80.,26.2930472276531));
#11269=CARTESIAN_POINT('Ctrl Pts',(-15.8791321620252,-80.0590677899584,
26.3177431016045));
#11270=CARTESIAN_POINT('Ctrl Pts',(-15.833839214755,-80.1191935983812,26.3461464927565));
#11271=CARTESIAN_POINT('Ctrl Pts',(-15.6938461739961,-80.3126463879892,
26.4488446124912));
#11272=CARTESIAN_POINT('Ctrl Pts',(-15.6075394821983,-80.444543198762,26.5373126422569));
#11273=CARTESIAN_POINT('Ctrl Pts',(-15.4757781118169,-80.66184287189,26.7126679918431));
#11274=CARTESIAN_POINT('Ctrl Pts',(-15.4190993370737,-80.7629904878598,
26.8072801992071));
#11275=CARTESIAN_POINT('Ctrl Pts',(-15.3203112225813,-80.9551589806016,
27.0190337530879));
#11276=CARTESIAN_POINT('Ctrl Pts',(-15.2781779645239,-81.0461671011183,
27.136175516703));
#11277=CARTESIAN_POINT('Ctrl Pts',(-15.2110054752446,-81.2103846695662,
27.3863631692638));
#11278=CARTESIAN_POINT('Ctrl Pts',(-15.1859069591097,-81.2837063524572,
27.5195951033369));
#11279=CARTESIAN_POINT('Ctrl Pts',(-15.1530920601413,-81.408110903296,27.79316120108));
#11280=CARTESIAN_POINT('Ctrl Pts',(-15.145379837077,-81.4591865067911,27.9334991671666));
#11281=CARTESIAN_POINT('Ctrl Pts',(-15.145379837077,-81.5382153985836,28.2101002884407));
#11282=CARTESIAN_POINT('Ctrl Pts',(-15.1530920601413,-81.5689901324166,
28.3562385030021));
#11283=CARTESIAN_POINT('Ctrl Pts',(-15.1859069591097,-81.6078891125876,
28.6542347637931));
#11284=CARTESIAN_POINT('Ctrl Pts',(-15.2110054752446,-81.616021535681,28.8060922006656));
#11285=CARTESIAN_POINT('Ctrl Pts',(-15.2472754380421,-81.6121039622053,
28.9676351930673));
#11286=CARTESIAN_POINT('Ctrl Pts',(-15.2500130806663,-81.6117400814327,
28.9795753208933));
#11287=CARTESIAN_POINT('Ctrl Pts',(-15.2528042718437,-81.6113024830494,
28.9915));
#11288=CARTESIAN_POINT('Origin',(-15.8125,-76.5000000000002,29.5));
#11289=UNCERTAINTY_MEASURE_WITH_UNIT(LENGTH_MEASURE(0.01),#11293,
'DISTANCE_ACCURACY_VALUE',
'Maximum model space distance between geometric entities at asserted c
onnectivities');
#11290=UNCERTAINTY_MEASURE_WITH_UNIT(LENGTH_MEASURE(0.01),#11293,
'DISTANCE_ACCURACY_VALUE',
'Maximum model space distance between geometric entities at asserted c
onnectivities');
#11291=(
GEOMETRIC_REPRESENTATION_CONTEXT(3)
GLOBAL_UNCERTAINTY_ASSIGNED_CONTEXT((#11289))
GLOBAL_UNIT_ASSIGNED_CONTEXT((#11293,#11295,#11296))
REPRESENTATION_CONTEXT('','3D')
);
#11292=(
GEOMETRIC_REPRESENTATION_CONTEXT(3)
GLOBAL_UNCERTAINTY_ASSIGNED_CONTEXT((#11290))
GLOBAL_UNIT_ASSIGNED_CONTEXT((#11293,#11295,#11296))
REPRESENTATION_CONTEXT('','3D')
);
#11293=(
LENGTH_UNIT()
NAMED_UNIT(*)
SI_UNIT(.MILLI.,.METRE.)
);
#11294=(
LENGTH_UNIT()
NAMED_UNIT(*)
SI_UNIT($,.METRE.)
);
#11295=(
NAMED_UNIT(*)
PLANE_ANGLE_UNIT()
SI_UNIT($,.RADIAN.)
);
#11296=(
NAMED_UNIT(*)
SI_UNIT($,.STERADIAN.)
SOLID_ANGLE_UNIT()
);
#11297=SHAPE_DEFINITION_REPRESENTATION(#11298,#11299);
#11298=PRODUCT_DEFINITION_SHAPE('',$,#11301);
#11299=SHAPE_REPRESENTATION('',(#4817),#11291);
#11300=PRODUCT_DEFINITION_CONTEXT('part definition',#11305,'design');
#11301=PRODUCT_DEFINITION('Aether-Airship-model V0.4.f3d',
'Aether-Airship-model V0.4.f3d v1',#11302,#11300);
#11302=PRODUCT_DEFINITION_FORMATION('',$,#11307);
#11303=PRODUCT_RELATED_PRODUCT_CATEGORY(
'Aether-Airship-model V0.4.f3d v1','Aether-Airship-model V0.4.f3d v1',(#11307));
#11304=APPLICATION_PROTOCOL_DEFINITION('international standard',
'automotive_design',2009,#11305);
#11305=APPLICATION_CONTEXT(
'Core Data for Automotive Mechanical Design Process');
#11306=PRODUCT_CONTEXT('part definition',#11305,'mechanical');
#11307=PRODUCT('Aether-Airship-model V0.4.f3d',
'Aether-Airship-model V0.4.f3d v1',$,(#11306));
#11308=PRESENTATION_STYLE_ASSIGNMENT((#11310));
#11309=PRESENTATION_STYLE_ASSIGNMENT((#11311));
#11310=SURFACE_STYLE_USAGE(.BOTH.,#11312);
#11311=SURFACE_STYLE_USAGE(.BOTH.,#11313);
#11312=SURFACE_SIDE_STYLE('',(#11314));
#11313=SURFACE_SIDE_STYLE('',(#11315));
#11314=SURFACE_STYLE_FILL_AREA(#11316);
#11315=SURFACE_STYLE_FILL_AREA(#11317);
#11316=FILL_AREA_STYLE('Steel - Satin',(#11318));
#11317=FILL_AREA_STYLE('Opaque(245,131,31)',(#11319));
#11318=FILL_AREA_STYLE_COLOUR('Steel - Satin',#11320);
#11319=FILL_AREA_STYLE_COLOUR('Opaque(245,131,31)',#11321);
#11320=COLOUR_RGB('Steel - Satin',0.627450980392157,0.627450980392157,0.627450980392157);
#11321=COLOUR_RGB('Opaque(245,131,31)',0.96078431372549,0.513725490196078,
0.12156862745098);
ENDSEC;
END-ISO-10303-21;
