ISO-10303-21;
HEADER;
/* Generated by software containing ST-Developer
 * from STEP Tools, Inc. (www.steptools.com) 
 */

FILE_DESCRIPTION(
/* description */ (''),
/* implementation_level */ '2;1');

FILE_NAME(
/* name */ 'Aether-Dock V0.1.f3d.step',
/* time_stamp */ '2026-08-04T15:39:09-05:00',
/* author */ (''),
/* organization */ (''),
/* preprocessor_version */ 'ST-DEVELOPER v20.1',
/* originating_system */ 'Autodesk Translation Framework v15.8.0.0',
/* authorisation */ '');

FILE_SCHEMA (('AUTOMOTIVE_DESIGN { 1 0 10303 214 3 1 1 }'));
ENDSEC;

DATA;
#10=MECHANICAL_DESIGN_GEOMETRIC_PRESENTATION_REPRESENTATION('',(#13,#14,
#15,#16),#3326);
#11=SHAPE_REPRESENTATION_RELATIONSHIP('SRR','None',#3333,#12);
#12=ADVANCED_BREP_SHAPE_REPRESENTATION('',(#17,#18,#19,#20),#3325);
#13=STYLED_ITEM('',(#3343),#17);
#14=STYLED_ITEM('',(#3343),#18);
#15=STYLED_ITEM('',(#3343),#19);
#16=STYLED_ITEM('',(#3343),#20);
#17=MANIFOLD_SOLID_BREP('Body1',#1450);
#18=MANIFOLD_SOLID_BREP('Body2',#1451);
#19=MANIFOLD_SOLID_BREP('Body3',#1452);
#20=MANIFOLD_SOLID_BREP('Body4',#1453);
#21=(
BOUNDED_CURVE()
B_SPLINE_CURVE(3,(#2553,#2554,#2555,#2556,#2557,#2558,#2559,#2560,#2561,
#2562,#2563,#2564,#2565,#2566,#2567,#2568,#2569,#2570,#2571,#2572,#2573,
#2574,#2575,#2576,#2577,#2578,#2579),.UNSPECIFIED.,.F.,.F.)
B_SPLINE_CURVE_WITH_KNOTS((4,1,3,3,3,3,3,3,3,1,4),(0.,0.0296151677460028,
1.,1.99999742278927,2.99999484557854,3.99999284544001,4.9999839488073,5.99996698369597,
6.99993953852196,7.97018057748854,7.99993031921398),.UNSPECIFIED.)
CURVE()
GEOMETRIC_REPRESENTATION_ITEM()
RATIONAL_B_SPLINE_CURVE((1.,1.,1.,1.,1.,1.,1.,1.,1.,1.,1.,1.,1.,1.,1.,1.,
1.,1.,1.,1.,1.,1.,1.,1.,1.,1.,1.))
REPRESENTATION_ITEM('')
);
#22=(
BOUNDED_CURVE()
B_SPLINE_CURVE(3,(#2666,#2667,#2668,#2669,#2670,#2671,#2672,#2673,#2674,
#2675,#2676,#2677,#2678,#2679,#2680,#2681,#2682,#2683,#2684,#2685,#2686,
#2687,#2688,#2689,#2690,#2691,#2692),.UNSPECIFIED.,.F.,.F.)
B_SPLINE_CURVE_WITH_KNOTS((4,1,3,3,3,3,3,3,3,1,4),(-7.99993031921398,-7.97018057748854,
-6.99993953852196,-5.99996698369597,-4.9999839488073,-3.99999284544001,
-2.99999484557854,-1.99999742278927,-1.,-0.0296151677460028,0.),
 .UNSPECIFIED.)
CURVE()
GEOMETRIC_REPRESENTATION_ITEM()
RATIONAL_B_SPLINE_CURVE((1.,1.,1.,1.,1.,1.,1.,1.,1.,1.,1.,1.,1.,1.,1.,1.,
1.,1.,1.,1.,1.,1.,1.,1.,1.,1.,1.))
REPRESENTATION_ITEM('')
);
#23=(
BOUNDED_CURVE()
B_SPLINE_CURVE(3,(#2701,#2702,#2703,#2704,#2705,#2706,#2707,#2708,#2709,
#2710,#2711,#2712,#2713,#2714,#2715,#2716,#2717,#2718,#2719,#2720,#2721,
#2722,#2723,#2724,#2725,#2726,#2727),.UNSPECIFIED.,.F.,.F.)
B_SPLINE_CURVE_WITH_KNOTS((4,1,3,3,3,3,3,3,3,1,4),(-7.99993031921398,-7.97018057748854,
-6.99993953852196,-5.99996698369597,-4.9999839488073,-3.99999284544001,
-2.99999484557854,-1.99999742278927,-1.,-0.0296151677460028,0.),
 .UNSPECIFIED.)
CURVE()
GEOMETRIC_REPRESENTATION_ITEM()
RATIONAL_B_SPLINE_CURVE((1.,1.,1.,1.,1.,1.,1.,1.,1.,1.,1.,1.,1.,1.,1.,1.,
1.,1.,1.,1.,1.,1.,1.,1.,1.,1.,1.))
REPRESENTATION_ITEM('')
);
#24=(
BOUNDED_CURVE()
B_SPLINE_CURVE(3,(#2814,#2815,#2816,#2817,#2818,#2819,#2820,#2821,#2822,
#2823,#2824,#2825,#2826,#2827,#2828,#2829,#2830,#2831,#2832,#2833,#2834,
#2835,#2836,#2837,#2838,#2839,#2840),.UNSPECIFIED.,.F.,.F.)
B_SPLINE_CURVE_WITH_KNOTS((4,1,3,3,3,3,3,3,3,1,4),(0.,0.0296151677460028,
1.,1.99999742278927,2.99999484557854,3.99999284544001,4.9999839488073,5.99996698369597,
6.99993953852196,7.97018057748854,7.99993031921398),.UNSPECIFIED.)
CURVE()
GEOMETRIC_REPRESENTATION_ITEM()
RATIONAL_B_SPLINE_CURVE((1.,1.,1.,1.,1.,1.,1.,1.,1.,1.,1.,1.,1.,1.,1.,1.,
1.,1.,1.,1.,1.,1.,1.,1.,1.,1.,1.))
REPRESENTATION_ITEM('')
);
#25=(
BOUNDED_CURVE()
B_SPLINE_CURVE(3,(#2934,#2935,#2936,#2937,#2938,#2939,#2940,#2941,#2942,
#2943,#2944,#2945,#2946,#2947,#2948,#2949,#2950,#2951,#2952,#2953,#2954,
#2955,#2956,#2957,#2958,#2959,#2960),.UNSPECIFIED.,.F.,.F.)
B_SPLINE_CURVE_WITH_KNOTS((4,1,3,3,3,3,3,3,3,1,4),(0.,0.0296151677460028,
1.,1.99999742278927,2.99999484557854,3.99999284544001,4.9999839488073,5.99996698369597,
6.99993953852196,7.97018057748854,7.99993031921398),.UNSPECIFIED.)
CURVE()
GEOMETRIC_REPRESENTATION_ITEM()
RATIONAL_B_SPLINE_CURVE((1.,1.,1.,1.,1.,1.,1.,1.,1.,1.,1.,1.,1.,1.,1.,1.,
1.,1.,1.,1.,1.,1.,1.,1.,1.,1.,1.))
REPRESENTATION_ITEM('')
);
#26=(
BOUNDED_CURVE()
B_SPLINE_CURVE(3,(#2964,#2965,#2966,#2967,#2968,#2969,#2970,#2971,#2972,
#2973,#2974,#2975,#2976,#2977,#2978,#2979,#2980,#2981,#2982,#2983,#2984,
#2985,#2986,#2987,#2988,#2989,#2990),.UNSPECIFIED.,.F.,.F.)
B_SPLINE_CURVE_WITH_KNOTS((4,1,3,3,3,3,3,3,3,1,4),(-7.99993031921398,-7.97018057748854,
-6.99993953852196,-5.99996698369597,-4.9999839488073,-3.99999284544001,
-2.99999484557854,-1.99999742278927,-1.,-0.0296151677460028,0.),
 .UNSPECIFIED.)
CURVE()
GEOMETRIC_REPRESENTATION_ITEM()
RATIONAL_B_SPLINE_CURVE((1.,1.,1.,1.,1.,1.,1.,1.,1.,1.,1.,1.,1.,1.,1.,1.,
1.,1.,1.,1.,1.,1.,1.,1.,1.,1.,1.))
REPRESENTATION_ITEM('')
);
#27=(
BOUNDED_CURVE()
B_SPLINE_CURVE(3,(#3091,#3092,#3093,#3094,#3095,#3096,#3097,#3098,#3099,
#3100,#3101,#3102,#3103,#3104,#3105,#3106,#3107,#3108,#3109,#3110,#3111,
#3112,#3113,#3114,#3115,#3116,#3117),.UNSPECIFIED.,.F.,.F.)
B_SPLINE_CURVE_WITH_KNOTS((4,1,3,3,3,3,3,3,3,1,4),(0.,0.0296151677460028,
1.,1.99999742278927,2.99999484557854,3.99999284544001,4.9999839488073,5.99996698369597,
6.99993953852196,7.97018057748854,7.99993031921398),.UNSPECIFIED.)
CURVE()
GEOMETRIC_REPRESENTATION_ITEM()
RATIONAL_B_SPLINE_CURVE((1.,1.,1.,1.,1.,1.,1.,1.,1.,1.,1.,1.,1.,1.,1.,1.,
1.,1.,1.,1.,1.,1.,1.,1.,1.,1.,1.))
REPRESENTATION_ITEM('')
);
#28=(
BOUNDED_CURVE()
B_SPLINE_CURVE(3,(#3121,#3122,#3123,#3124,#3125,#3126,#3127,#3128,#3129,
#3130,#3131,#3132,#3133,#3134,#3135,#3136,#3137,#3138,#3139,#3140,#3141,
#3142,#3143,#3144,#3145,#3146,#3147),.UNSPECIFIED.,.F.,.F.)
B_SPLINE_CURVE_WITH_KNOTS((4,1,3,3,3,3,3,3,3,1,4),(-7.99993031921398,-7.97018057748854,
-6.99993953852196,-5.99996698369597,-4.9999839488073,-3.99999284544001,
-2.99999484557854,-1.99999742278927,-1.,-0.0296151677460028,0.),
 .UNSPECIFIED.)
CURVE()
GEOMETRIC_REPRESENTATION_ITEM()
RATIONAL_B_SPLINE_CURVE((1.,1.,1.,1.,1.,1.,1.,1.,1.,1.,1.,1.,1.,1.,1.,1.,
1.,1.,1.,1.,1.,1.,1.,1.,1.,1.,1.))
REPRESENTATION_ITEM('')
);
#29=(
BOUNDED_CURVE()
B_SPLINE_CURVE(3,(#3248,#3249,#3250,#3251,#3252,#3253,#3254,#3255,#3256,
#3257,#3258,#3259,#3260,#3261,#3262,#3263,#3264,#3265,#3266,#3267,#3268,
#3269,#3270,#3271,#3272,#3273,#3274),.UNSPECIFIED.,.F.,.F.)
B_SPLINE_CURVE_WITH_KNOTS((4,1,3,3,3,3,3,3,3,1,4),(0.,0.0296151677460028,
1.,1.99999742278927,2.99999484557854,3.99999284544001,4.9999839488073,5.99996698369597,
6.99993953852196,7.97018057748854,7.99993031921398),.UNSPECIFIED.)
CURVE()
GEOMETRIC_REPRESENTATION_ITEM()
RATIONAL_B_SPLINE_CURVE((1.,1.,1.,1.,1.,1.,1.,1.,1.,1.,1.,1.,1.,1.,1.,1.,
1.,1.,1.,1.,1.,1.,1.,1.,1.,1.,1.))
REPRESENTATION_ITEM('')
);
#30=(
BOUNDED_CURVE()
B_SPLINE_CURVE(3,(#3278,#3279,#3280,#3281,#3282,#3283,#3284,#3285,#3286,
#3287,#3288,#3289,#3290,#3291,#3292,#3293,#3294,#3295,#3296,#3297,#3298,
#3299,#3300,#3301,#3302,#3303,#3304),.UNSPECIFIED.,.F.,.F.)
B_SPLINE_CURVE_WITH_KNOTS((4,1,3,3,3,3,3,3,3,1,4),(-7.99993031921398,-7.97018057748854,
-6.99993953852196,-5.99996698369597,-4.9999839488073,-3.99999284544001,
-2.99999484557854,-1.99999742278927,-1.,-0.0296151677460028,0.),
 .UNSPECIFIED.)
CURVE()
GEOMETRIC_REPRESENTATION_ITEM()
RATIONAL_B_SPLINE_CURVE((1.,1.,1.,1.,1.,1.,1.,1.,1.,1.,1.,1.,1.,1.,1.,1.,
1.,1.,1.,1.,1.,1.,1.,1.,1.,1.,1.))
REPRESENTATION_ITEM('')
);
#31=SPHERICAL_SURFACE('',#1491,2.);
#32=SPHERICAL_SURFACE('',#1500,2.);
#33=SPHERICAL_SURFACE('',#1519,2.);
#34=SPHERICAL_SURFACE('',#1530,2.);
#35=SPHERICAL_SURFACE('',#1535,2.);
#36=SPHERICAL_SURFACE('',#1545,2.);
#37=ELLIPSE('',#1478,10.0085,10.0044736842105);
#38=ELLIPSE('',#1479,10.0085,10.0044736842105);
#39=ELLIPSE('',#1480,10.0085,10.0044736842105);
#40=ELLIPSE('',#1482,2.82842712474619,2.);
#41=ELLIPSE('',#1483,2.82842712474619,2.);
#42=ELLIPSE('',#1533,2.82842712474619,2.);
#43=ELLIPSE('',#1542,2.8284271247462,2.);
#44=ELLIPSE('',#1544,2.82842712474619,2.);
#45=ELLIPSE('',#1552,2.82842712474618,2.);
#46=(
BOUNDED_SURFACE()
B_SPLINE_SURFACE(1,2,((#2262,#2263,#2264,#2265,#2266,#2267,#2268,#2269,
#2270),(#2271,#2272,#2273,#2274,#2275,#2276,#2277,#2278,#2279)),
 .UNSPECIFIED.,.F.,.T.,.F.)
B_SPLINE_SURFACE_WITH_KNOTS((2,2),(3,2,2,2,3),(-8.67537020338112E-17,2.34885347454664),
(-3.14159265358979,-1.5707963267949,0.,1.5707963267949,3.14159265358979),
 .UNSPECIFIED.)
GEOMETRIC_REPRESENTATION_ITEM()
RATIONAL_B_SPLINE_SURFACE(((1.,0.707106781186548,1.,0.707106781186548,1.,
0.707106781186548,1.,0.707106781186548,1.),(1.,0.707106781186548,1.,0.707106781186548,
1.,0.707106781186548,1.,0.707106781186548,1.)))
REPRESENTATION_ITEM('')
SURFACE()
);
#47=CYLINDRICAL_SURFACE('',#1474,2.);
#48=CYLINDRICAL_SURFACE('',#1481,2.);
#49=CYLINDRICAL_SURFACE('',#1485,2.);
#50=CYLINDRICAL_SURFACE('',#1488,2.);
#51=CYLINDRICAL_SURFACE('',#1494,2.);
#52=CYLINDRICAL_SURFACE('',#1497,2.);
#53=CYLINDRICAL_SURFACE('',#1506,2.);
#54=CYLINDRICAL_SURFACE('',#1512,2.);
#55=CYLINDRICAL_SURFACE('',#1514,2.);
#56=CYLINDRICAL_SURFACE('',#1516,2.);
#57=CYLINDRICAL_SURFACE('',#1528,2.);
#58=CYLINDRICAL_SURFACE('',#1532,2.);
#59=CYLINDRICAL_SURFACE('',#1539,2.);
#60=CYLINDRICAL_SURFACE('',#1541,2.);
#61=CYLINDRICAL_SURFACE('',#1543,2.);
#62=CYLINDRICAL_SURFACE('',#1548,2.);
#63=CYLINDRICAL_SURFACE('',#1550,2.);
#64=CYLINDRICAL_SURFACE('',#1551,2.);
#65=CYLINDRICAL_SURFACE('',#1553,2.);
#66=CYLINDRICAL_SURFACE('',#1554,2.);
#67=LINE('',#2250,#202);
#68=LINE('',#2251,#203);
#69=LINE('',#2254,#204);
#70=LINE('',#2258,#205);
#71=LINE('',#2261,#206);
#72=LINE('',#2282,#207);
#73=LINE('',#2286,#208);
#74=LINE('',#2297,#209);
#75=LINE('',#2300,#210);
#76=LINE('',#2302,#211);
#77=LINE('',#2303,#212);
#78=LINE('',#2320,#213);
#79=LINE('',#2324,#214);
#80=LINE('',#2330,#215);
#81=LINE('',#2333,#216);
#82=LINE('',#2338,#217);
#83=LINE('',#2339,#218);
#84=LINE('',#2345,#219);
#85=LINE('',#2348,#220);
#86=LINE('',#2353,#221);
#87=LINE('',#2357,#222);
#88=LINE('',#2374,#223);
#89=LINE('',#2376,#224);
#90=LINE('',#2378,#225);
#91=LINE('',#2381,#226);
#92=LINE('',#2383,#227);
#93=LINE('',#2387,#228);
#94=LINE('',#2389,#229);
#95=LINE('',#2390,#230);
#96=LINE('',#2392,#231);
#97=LINE('',#2393,#232);
#98=LINE('',#2395,#233);
#99=LINE('',#2397,#234);
#100=LINE('',#2399,#235);
#101=LINE('',#2403,#236);
#102=LINE('',#2406,#237);
#103=LINE('',#2408,#238);
#104=LINE('',#2410,#239);
#105=LINE('',#2412,#240);
#106=LINE('',#2414,#241);
#107=LINE('',#2415,#242);
#108=LINE('',#2418,#243);
#109=LINE('',#2419,#244);
#110=LINE('',#2422,#245);
#111=LINE('',#2424,#246);
#112=LINE('',#2425,#247);
#113=LINE('',#2431,#248);
#114=LINE('',#2434,#249);
#115=LINE('',#2441,#250);
#116=LINE('',#2443,#251);
#117=LINE('',#2445,#252);
#118=LINE('',#2447,#253);
#119=LINE('',#2449,#254);
#120=LINE('',#2451,#255);
#121=LINE('',#2452,#256);
#122=LINE('',#2455,#257);
#123=LINE('',#2457,#258);
#124=LINE('',#2461,#259);
#125=LINE('',#2465,#260);
#126=LINE('',#2467,#261);
#127=LINE('',#2471,#262);
#128=LINE('',#2473,#263);
#129=LINE('',#2475,#264);
#130=LINE('',#2476,#265);
#131=LINE('',#2477,#266);
#132=LINE('',#2480,#267);
#133=LINE('',#2481,#268);
#134=LINE('',#2484,#269);
#135=LINE('',#2486,#270);
#136=LINE('',#2490,#271);
#137=LINE('',#2493,#272);
#138=LINE('',#2503,#273);
#139=LINE('',#2504,#274);
#140=LINE('',#2507,#275);
#141=LINE('',#2508,#276);
#142=LINE('',#2510,#277);
#143=LINE('',#2512,#278);
#144=LINE('',#2513,#279);
#145=LINE('',#2516,#280);
#146=LINE('',#2520,#281);
#147=LINE('',#2523,#282);
#148=LINE('',#2529,#283);
#149=LINE('',#2530,#284);
#150=LINE('',#2532,#285);
#151=LINE('',#2533,#286);
#152=LINE('',#2535,#287);
#153=LINE('',#2537,#288);
#154=LINE('',#2539,#289);
#155=LINE('',#2541,#290);
#156=LINE('',#2543,#291);
#157=LINE('',#2545,#292);
#158=LINE('',#2551,#293);
#159=LINE('',#2580,#294);
#160=LINE('',#2583,#295);
#161=LINE('',#2584,#296);
#162=LINE('',#2693,#297);
#163=LINE('',#2695,#298);
#164=LINE('',#2699,#299);
#165=LINE('',#2728,#300);
#166=LINE('',#2731,#301);
#167=LINE('',#2732,#302);
#168=LINE('',#2841,#303);
#169=LINE('',#2843,#304);
#170=LINE('',#2846,#305);
#171=LINE('',#2847,#306);
#172=LINE('',#2962,#307);
#173=LINE('',#2991,#308);
#174=LINE('',#2994,#309);
#175=LINE('',#2996,#310);
#176=LINE('',#2997,#311);
#177=LINE('',#3000,#312);
#178=LINE('',#3002,#313);
#179=LINE('',#3003,#314);
#180=LINE('',#3005,#315);
#181=LINE('',#3006,#316);
#182=LINE('',#3119,#317);
#183=LINE('',#3148,#318);
#184=LINE('',#3151,#319);
#185=LINE('',#3153,#320);
#186=LINE('',#3154,#321);
#187=LINE('',#3157,#322);
#188=LINE('',#3159,#323);
#189=LINE('',#3160,#324);
#190=LINE('',#3162,#325);
#191=LINE('',#3163,#326);
#192=LINE('',#3276,#327);
#193=LINE('',#3305,#328);
#194=LINE('',#3308,#329);
#195=LINE('',#3310,#330);
#196=LINE('',#3311,#331);
#197=LINE('',#3314,#332);
#198=LINE('',#3316,#333);
#199=LINE('',#3317,#334);
#200=LINE('',#3319,#335);
#201=LINE('',#3320,#336);
#202=VECTOR('',#1602,10.);
#203=VECTOR('',#1603,10.);
#204=VECTOR('',#1606,10.);
#205=VECTOR('',#1609,10.);
#206=VECTOR('',#1614,10.);
#207=VECTOR('',#1615,1.);
#208=VECTOR('',#1618,1.);
#209=VECTOR('',#1627,10.);
#210=VECTOR('',#1630,10.);
#211=VECTOR('',#1633,1.00044736842105);
#212=VECTOR('',#1634,1.00044736842105);
#213=VECTOR('',#1637,10.);
#214=VECTOR('',#1640,10.);
#215=VECTOR('',#1647,10.);
#216=VECTOR('',#1650,10.);
#217=VECTOR('',#1657,1.00085);
#218=VECTOR('',#1658,1.);
#219=VECTOR('',#1663,10.);
#220=VECTOR('',#1666,10.);
#221=VECTOR('',#1671,10.);
#222=VECTOR('',#1674,10.);
#223=VECTOR('',#1681,2.42942142857143);
#224=VECTOR('',#1682,2.86085);
#225=VECTOR('',#1683,2.20085);
#226=VECTOR('',#1686,1.00044736842105);
#227=VECTOR('',#1687,1.00044736842105);
#228=VECTOR('',#1690,2.20085);
#229=VECTOR('',#1691,2.86085);
#230=VECTOR('',#1692,2.42942142857143);
#231=VECTOR('',#1693,1.00085);
#232=VECTOR('',#1694,1.);
#233=VECTOR('',#1697,1.);
#234=VECTOR('',#1700,10.);
#235=VECTOR('',#1701,10.);
#236=VECTOR('',#1704,10.);
#237=VECTOR('',#1707,10.);
#238=VECTOR('',#1710,1.);
#239=VECTOR('',#1713,1.);
#240=VECTOR('',#1716,10.);
#241=VECTOR('',#1719,10.);
#242=VECTOR('',#1720,10.);
#243=VECTOR('',#1725,10.);
#244=VECTOR('',#1726,10.);
#245=VECTOR('',#1729,1.10085);
#246=VECTOR('',#1730,2.20085);
#247=VECTOR('',#1731,1.10085);
#248=VECTOR('',#1736,10.);
#249=VECTOR('',#1739,10.);
#250=VECTOR('',#1748,3.25);
#251=VECTOR('',#1749,1.);
#252=VECTOR('',#1750,1.);
#253=VECTOR('',#1751,1.);
#254=VECTOR('',#1752,3.25);
#255=VECTOR('',#1753,1.25);
#256=VECTOR('',#1754,10.);
#257=VECTOR('',#1757,2.5);
#258=VECTOR('',#1758,1.2);
#259=VECTOR('',#1761,1.2);
#260=VECTOR('',#1764,1.2);
#261=VECTOR('',#1765,2.5);
#262=VECTOR('',#1768,3.25);
#263=VECTOR('',#1769,3.25);
#264=VECTOR('',#1770,3.25);
#265=VECTOR('',#1771,2.5);
#266=VECTOR('',#1772,3.25);
#267=VECTOR('',#1775,10.);
#268=VECTOR('',#1776,1.);
#269=VECTOR('',#1779,10.);
#270=VECTOR('',#1782,10.);
#271=VECTOR('',#1789,10.);
#272=VECTOR('',#1792,10.);
#273=VECTOR('',#1805,10.);
#274=VECTOR('',#1806,10.);
#275=VECTOR('',#1809,10.);
#276=VECTOR('',#1810,1.25);
#277=VECTOR('',#1811,1.);
#278=VECTOR('',#1812,1.);
#279=VECTOR('',#1813,1.);
#280=VECTOR('',#1816,10.);
#281=VECTOR('',#1821,10.);
#282=VECTOR('',#1824,10.);
#283=VECTOR('',#1833,10.);
#284=VECTOR('',#1834,10.);
#285=VECTOR('',#1837,10.);
#286=VECTOR('',#1838,1.);
#287=VECTOR('',#1841,10.);
#288=VECTOR('',#1844,10.);
#289=VECTOR('',#1845,10.);
#290=VECTOR('',#1848,10.);
#291=VECTOR('',#1851,10.);
#292=VECTOR('',#1854,10.);
#293=VECTOR('',#1863,90.0000300000001);
#294=VECTOR('',#1864,70.0000200000005);
#295=VECTOR('',#1867,90.0000300000001);
#296=VECTOR('',#1868,1.);
#297=VECTOR('',#1869,1.);
#298=VECTOR('',#1872,70.0000200000005);
#299=VECTOR('',#1877,90.0000300000001);
#300=VECTOR('',#1878,70.0000200000005);
#301=VECTOR('',#1881,90.0000300000001);
#302=VECTOR('',#1882,1.);
#303=VECTOR('',#1883,1.);
#304=VECTOR('',#1886,70.0000200000005);
#305=VECTOR('',#1891,2.86085);
#306=VECTOR('',#1892,2.86085);
#307=VECTOR('',#1901,1.);
#308=VECTOR('',#1902,1.);
#309=VECTOR('',#1905,70.0000200000005);
#310=VECTOR('',#1906,70.0000200000005);
#311=VECTOR('',#1907,1.);
#312=VECTOR('',#1910,5.00003169832917);
#313=VECTOR('',#1911,5.00003169832917);
#314=VECTOR('',#1912,1.);
#315=VECTOR('',#1915,90.0000300000001);
#316=VECTOR('',#1916,90.0000300000001);
#317=VECTOR('',#1921,1.);
#318=VECTOR('',#1922,1.);
#319=VECTOR('',#1925,70.0000200000005);
#320=VECTOR('',#1926,1.);
#321=VECTOR('',#1927,70.0000200000005);
#322=VECTOR('',#1930,5.00003169832917);
#323=VECTOR('',#1931,1.);
#324=VECTOR('',#1932,5.00003169832917);
#325=VECTOR('',#1935,90.0000300000001);
#326=VECTOR('',#1936,90.0000300000001);
#327=VECTOR('',#1941,1.);
#328=VECTOR('',#1942,1.);
#329=VECTOR('',#1945,70.0000200000005);
#330=VECTOR('',#1946,1.);
#331=VECTOR('',#1947,70.0000200000005);
#332=VECTOR('',#1950,5.00003169832917);
#333=VECTOR('',#1951,1.);
#334=VECTOR('',#1952,5.00003169832917);
#335=VECTOR('',#1955,90.0000300000001);
#336=VECTOR('',#1956,90.0000300000001);
#337=PLANE('',#1473);
#338=PLANE('',#1477);
#339=PLANE('',#1484);
#340=PLANE('',#1493);
#341=PLANE('',#1502);
#342=PLANE('',#1505);
#343=PLANE('',#1509);
#344=PLANE('',#1510);
#345=PLANE('',#1511);
#346=PLANE('',#1513);
#347=PLANE('',#1515);
#348=PLANE('',#1522);
#349=PLANE('',#1523);
#350=PLANE('',#1527);
#351=PLANE('',#1534);
#352=PLANE('',#1540);
#353=PLANE('',#1549);
#354=PLANE('',#1555);
#355=PLANE('',#1556);
#356=PLANE('',#1557);
#357=PLANE('',#1558);
#358=PLANE('',#1559);
#359=PLANE('',#1560);
#360=PLANE('',#1561);
#361=PLANE('',#1562);
#362=PLANE('',#1563);
#363=PLANE('',#1564);
#364=PLANE('',#1565);
#365=PLANE('',#1566);
#366=PLANE('',#1567);
#367=PLANE('',#1568);
#368=PLANE('',#1569);
#369=PLANE('',#1570);
#370=PLANE('',#1571);
#371=PLANE('',#1572);
#372=PLANE('',#1573);
#373=PLANE('',#1574);
#374=PLANE('',#1575);
#375=PLANE('',#1576);
#376=PLANE('',#1577);
#377=PLANE('',#1578);
#378=PLANE('',#1579);
#379=PLANE('',#1580);
#380=PLANE('',#1581);
#381=PLANE('',#1582);
#382=PLANE('',#1583);
#383=PLANE('',#1584);
#384=PLANE('',#1585);
#385=FACE_OUTER_BOUND('',#471,.T.);
#386=FACE_OUTER_BOUND('',#472,.T.);
#387=FACE_OUTER_BOUND('',#473,.T.);
#388=FACE_OUTER_BOUND('',#474,.T.);
#389=FACE_OUTER_BOUND('',#475,.T.);
#390=FACE_OUTER_BOUND('',#476,.T.);
#391=FACE_OUTER_BOUND('',#477,.T.);
#392=FACE_OUTER_BOUND('',#478,.T.);
#393=FACE_OUTER_BOUND('',#479,.T.);
#394=FACE_OUTER_BOUND('',#480,.T.);
#395=FACE_OUTER_BOUND('',#481,.T.);
#396=FACE_OUTER_BOUND('',#482,.T.);
#397=FACE_OUTER_BOUND('',#483,.T.);
#398=FACE_OUTER_BOUND('',#484,.T.);
#399=FACE_OUTER_BOUND('',#485,.T.);
#400=FACE_OUTER_BOUND('',#486,.T.);
#401=FACE_OUTER_BOUND('',#487,.T.);
#402=FACE_OUTER_BOUND('',#488,.T.);
#403=FACE_OUTER_BOUND('',#489,.T.);
#404=FACE_OUTER_BOUND('',#490,.T.);
#405=FACE_OUTER_BOUND('',#491,.T.);
#406=FACE_OUTER_BOUND('',#492,.T.);
#407=FACE_OUTER_BOUND('',#493,.T.);
#408=FACE_OUTER_BOUND('',#494,.T.);
#409=FACE_OUTER_BOUND('',#495,.T.);
#410=FACE_OUTER_BOUND('',#496,.T.);
#411=FACE_OUTER_BOUND('',#497,.T.);
#412=FACE_OUTER_BOUND('',#498,.T.);
#413=FACE_OUTER_BOUND('',#499,.T.);
#414=FACE_OUTER_BOUND('',#500,.T.);
#415=FACE_OUTER_BOUND('',#501,.T.);
#416=FACE_OUTER_BOUND('',#502,.T.);
#417=FACE_OUTER_BOUND('',#503,.T.);
#418=FACE_OUTER_BOUND('',#504,.T.);
#419=FACE_OUTER_BOUND('',#505,.T.);
#420=FACE_OUTER_BOUND('',#506,.T.);
#421=FACE_OUTER_BOUND('',#507,.T.);
#422=FACE_OUTER_BOUND('',#508,.T.);
#423=FACE_OUTER_BOUND('',#509,.T.);
#424=FACE_OUTER_BOUND('',#510,.T.);
#425=FACE_OUTER_BOUND('',#511,.T.);
#426=FACE_OUTER_BOUND('',#512,.T.);
#427=FACE_OUTER_BOUND('',#513,.T.);
#428=FACE_OUTER_BOUND('',#514,.T.);
#429=FACE_OUTER_BOUND('',#515,.T.);
#430=FACE_OUTER_BOUND('',#516,.T.);
#431=FACE_OUTER_BOUND('',#517,.T.);
#432=FACE_OUTER_BOUND('',#518,.T.);
#433=FACE_OUTER_BOUND('',#519,.T.);
#434=FACE_OUTER_BOUND('',#520,.T.);
#435=FACE_OUTER_BOUND('',#521,.T.);
#436=FACE_OUTER_BOUND('',#522,.T.);
#437=FACE_OUTER_BOUND('',#523,.T.);
#438=FACE_OUTER_BOUND('',#524,.T.);
#439=FACE_OUTER_BOUND('',#525,.T.);
#440=FACE_OUTER_BOUND('',#526,.T.);
#441=FACE_OUTER_BOUND('',#527,.T.);
#442=FACE_OUTER_BOUND('',#528,.T.);
#443=FACE_OUTER_BOUND('',#529,.T.);
#444=FACE_OUTER_BOUND('',#530,.T.);
#445=FACE_OUTER_BOUND('',#531,.T.);
#446=FACE_OUTER_BOUND('',#532,.T.);
#447=FACE_OUTER_BOUND('',#533,.T.);
#448=FACE_OUTER_BOUND('',#534,.T.);
#449=FACE_OUTER_BOUND('',#535,.T.);
#450=FACE_OUTER_BOUND('',#536,.T.);
#451=FACE_OUTER_BOUND('',#537,.T.);
#452=FACE_OUTER_BOUND('',#538,.T.);
#453=FACE_OUTER_BOUND('',#539,.T.);
#454=FACE_OUTER_BOUND('',#540,.T.);
#455=FACE_OUTER_BOUND('',#541,.T.);
#456=FACE_OUTER_BOUND('',#542,.T.);
#457=FACE_OUTER_BOUND('',#543,.T.);
#458=FACE_OUTER_BOUND('',#544,.T.);
#459=FACE_OUTER_BOUND('',#545,.T.);
#460=FACE_OUTER_BOUND('',#546,.T.);
#461=FACE_OUTER_BOUND('',#547,.T.);
#462=FACE_OUTER_BOUND('',#548,.T.);
#463=FACE_OUTER_BOUND('',#549,.T.);
#464=FACE_OUTER_BOUND('',#550,.T.);
#465=FACE_OUTER_BOUND('',#551,.T.);
#466=FACE_OUTER_BOUND('',#552,.T.);
#467=FACE_OUTER_BOUND('',#553,.T.);
#468=FACE_OUTER_BOUND('',#554,.T.);
#469=FACE_OUTER_BOUND('',#555,.T.);
#470=FACE_OUTER_BOUND('',#556,.T.);
#471=EDGE_LOOP('',(#941,#942,#943,#944));
#472=EDGE_LOOP('',(#945,#946,#947,#948));
#473=EDGE_LOOP('',(#949,#950,#951,#952));
#474=EDGE_LOOP('',(#953,#954,#955,#956,#957));
#475=EDGE_LOOP('',(#958,#959,#960,#961));
#476=EDGE_LOOP('',(#962,#963,#964,#965));
#477=EDGE_LOOP('',(#966,#967,#968));
#478=EDGE_LOOP('',(#969,#970,#971,#972,#973,#974));
#479=EDGE_LOOP('',(#975,#976,#977));
#480=EDGE_LOOP('',(#978,#979,#980,#981,#982,#983,#984,#985,#986,#987,#988,
#989,#990,#991));
#481=EDGE_LOOP('',(#992,#993,#994,#995));
#482=EDGE_LOOP('',(#996,#997,#998,#999));
#483=EDGE_LOOP('',(#1000,#1001,#1002,#1003,#1004));
#484=EDGE_LOOP('',(#1005,#1006,#1007,#1008));
#485=EDGE_LOOP('',(#1009,#1010,#1011));
#486=EDGE_LOOP('',(#1012,#1013,#1014,#1015));
#487=EDGE_LOOP('',(#1016,#1017,#1018,#1019));
#488=EDGE_LOOP('',(#1020,#1021,#1022,#1023,#1024));
#489=EDGE_LOOP('',(#1025,#1026,#1027));
#490=EDGE_LOOP('',(#1028,#1029,#1030,#1031,#1032,#1033,#1034,#1035,#1036,
#1037,#1038,#1039,#1040,#1041,#1042,#1043,#1044));
#491=EDGE_LOOP('',(#1045,#1046,#1047,#1048));
#492=EDGE_LOOP('',(#1049,#1050,#1051,#1052,#1053,#1054,#1055,#1056));
#493=EDGE_LOOP('',(#1057,#1058,#1059,#1060));
#494=EDGE_LOOP('',(#1061,#1062,#1063,#1064));
#495=EDGE_LOOP('',(#1065,#1066,#1067,#1068));
#496=EDGE_LOOP('',(#1069,#1070,#1071,#1072));
#497=EDGE_LOOP('',(#1073,#1074,#1075,#1076));
#498=EDGE_LOOP('',(#1077,#1078,#1079,#1080));
#499=EDGE_LOOP('',(#1081,#1082,#1083,#1084,#1085,#1086,#1087,#1088));
#500=EDGE_LOOP('',(#1089,#1090,#1091,#1092));
#501=EDGE_LOOP('',(#1093,#1094,#1095));
#502=EDGE_LOOP('',(#1096,#1097,#1098,#1099,#1100,#1101,#1102,#1103));
#503=EDGE_LOOP('',(#1104,#1105,#1106,#1107,#1108,#1109,#1110,#1111,#1112,
#1113,#1114,#1115,#1116,#1117,#1118,#1119));
#504=EDGE_LOOP('',(#1120,#1121,#1122,#1123));
#505=EDGE_LOOP('',(#1124,#1125,#1126,#1127));
#506=EDGE_LOOP('',(#1128,#1129,#1130));
#507=EDGE_LOOP('',(#1131,#1132,#1133,#1134,#1135,#1136));
#508=EDGE_LOOP('',(#1137,#1138,#1139,#1140));
#509=EDGE_LOOP('',(#1141,#1142,#1143));
#510=EDGE_LOOP('',(#1144,#1145,#1146,#1147));
#511=EDGE_LOOP('',(#1148,#1149,#1150,#1151,#1152,#1153,#1154,#1155));
#512=EDGE_LOOP('',(#1156,#1157,#1158,#1159));
#513=EDGE_LOOP('',(#1160,#1161,#1162,#1163));
#514=EDGE_LOOP('',(#1164,#1165,#1166));
#515=EDGE_LOOP('',(#1167,#1168,#1169,#1170));
#516=EDGE_LOOP('',(#1171,#1172,#1173,#1174));
#517=EDGE_LOOP('',(#1175,#1176,#1177,#1178,#1179,#1180));
#518=EDGE_LOOP('',(#1181,#1182,#1183,#1184,#1185,#1186,#1187,#1188));
#519=EDGE_LOOP('',(#1189,#1190,#1191,#1192));
#520=EDGE_LOOP('',(#1193,#1194,#1195,#1196));
#521=EDGE_LOOP('',(#1197,#1198,#1199,#1200));
#522=EDGE_LOOP('',(#1201,#1202,#1203,#1204,#1205,#1206,#1207,#1208,#1209,
#1210));
#523=EDGE_LOOP('',(#1211,#1212,#1213,#1214,#1215,#1216,#1217,#1218));
#524=EDGE_LOOP('',(#1219,#1220,#1221,#1222));
#525=EDGE_LOOP('',(#1223,#1224,#1225,#1226));
#526=EDGE_LOOP('',(#1227,#1228,#1229,#1230));
#527=EDGE_LOOP('',(#1231,#1232,#1233,#1234));
#528=EDGE_LOOP('',(#1235,#1236,#1237,#1238));
#529=EDGE_LOOP('',(#1239,#1240,#1241,#1242));
#530=EDGE_LOOP('',(#1243,#1244,#1245,#1246));
#531=EDGE_LOOP('',(#1247,#1248,#1249,#1250));
#532=EDGE_LOOP('',(#1251,#1252,#1253,#1254));
#533=EDGE_LOOP('',(#1255,#1256,#1257,#1258));
#534=EDGE_LOOP('',(#1259,#1260,#1261,#1262));
#535=EDGE_LOOP('',(#1263,#1264,#1265,#1266,#1267));
#536=EDGE_LOOP('',(#1268,#1269,#1270,#1271));
#537=EDGE_LOOP('',(#1272,#1273,#1274,#1275,#1276));
#538=EDGE_LOOP('',(#1277,#1278,#1279,#1280));
#539=EDGE_LOOP('',(#1281,#1282,#1283,#1284));
#540=EDGE_LOOP('',(#1285,#1286,#1287,#1288));
#541=EDGE_LOOP('',(#1289,#1290,#1291,#1292));
#542=EDGE_LOOP('',(#1293,#1294,#1295,#1296));
#543=EDGE_LOOP('',(#1297,#1298,#1299,#1300));
#544=EDGE_LOOP('',(#1301,#1302,#1303,#1304));
#545=EDGE_LOOP('',(#1305,#1306,#1307,#1308));
#546=EDGE_LOOP('',(#1309,#1310,#1311,#1312));
#547=EDGE_LOOP('',(#1313,#1314,#1315,#1316));
#548=EDGE_LOOP('',(#1317,#1318,#1319,#1320));
#549=EDGE_LOOP('',(#1321,#1322,#1323,#1324));
#550=EDGE_LOOP('',(#1325,#1326,#1327,#1328));
#551=EDGE_LOOP('',(#1329,#1330,#1331,#1332));
#552=EDGE_LOOP('',(#1333,#1334,#1335,#1336));
#553=EDGE_LOOP('',(#1337,#1338,#1339,#1340));
#554=EDGE_LOOP('',(#1341,#1342,#1343,#1344));
#555=EDGE_LOOP('',(#1345,#1346,#1347,#1348));
#556=EDGE_LOOP('',(#1349,#1350,#1351,#1352));
#557=B_SPLINE_CURVE_WITH_KNOTS('',3,(#1991,#1992,#1993,#1994,#1995),
 .UNSPECIFIED.,.F.,.F.,(4,1,4),(-0.993901048361643,-0.42595759215499,0.),
 .UNSPECIFIED.);
#558=B_SPLINE_CURVE_WITH_KNOTS('',3,(#1998,#1999,#2000,#2001,#2002),
 .UNSPECIFIED.,.F.,.F.,(4,1,4),(0.,0.42595759215499,0.993901048361643),
 .UNSPECIFIED.);
#559=B_SPLINE_CURVE_WITH_KNOTS('',3,(#2042,#2043,#2044,#2045,#2046,#2047),
 .UNSPECIFIED.,.F.,.F.,(4,1,1,4),(-0.656547467590296,-0.468962476850212,
-0.281377486110127,0.),.UNSPECIFIED.);
#560=B_SPLINE_CURVE_WITH_KNOTS('',3,(#2048,#2049,#2050,#2051,#2052,#2053),
 .UNSPECIFIED.,.F.,.F.,(4,1,1,4),(0.,0.281377486110127,0.468962476850212,
0.656547467590296),.UNSPECIFIED.);
#561=B_SPLINE_CURVE_WITH_KNOTS('',3,(#2092,#2093,#2094,#2095,#2096,#2097,
#2098),.UNSPECIFIED.,.F.,.F.,(4,1,1,1,4),(-2.644358426998,-2.26659293742686,
-1.51106195828457,-0.755530979142286,-2.78662455139672E-16),
 .UNSPECIFIED.);
#562=B_SPLINE_CURVE_WITH_KNOTS('',3,(#2099,#2100,#2101,#2102,#2103,#2104,
#2105),.UNSPECIFIED.,.F.,.F.,(4,1,1,1,4),(2.78662455139672E-16,0.755530979142286,
1.51106195828457,2.26659293742686,2.644358426998),.UNSPECIFIED.);
#563=B_SPLINE_CURVE_WITH_KNOTS('',3,(#2145,#2146,#2147,#2148,#2149,#2150),
 .UNSPECIFIED.,.F.,.F.,(4,1,1,4),(-0.656547467590298,-0.468962476850213,
-0.281377486110128,0.),.UNSPECIFIED.);
#564=B_SPLINE_CURVE_WITH_KNOTS('',3,(#2152,#2153,#2154,#2155,#2156),
 .UNSPECIFIED.,.F.,.F.,(4,1,4),(0.,0.281377486110128,0.328261370667389),
 .UNSPECIFIED.);
#565=B_SPLINE_CURVE_WITH_KNOTS('',3,(#2157,#2158,#2159,#2160,#2161),
 .UNSPECIFIED.,.F.,.F.,(4,1,4),(0.328270771107403,0.468962476850213,0.656547467590298),
 .UNSPECIFIED.);
#566=B_SPLINE_CURVE_WITH_KNOTS('',3,(#2190,#2191,#2192,#2193,#2194),
 .UNSPECIFIED.,.F.,.F.,(4,1,4),(-0.993901048361645,-0.425957592154991,0.),
 .UNSPECIFIED.);
#567=B_SPLINE_CURVE_WITH_KNOTS('',3,(#2195,#2196,#2197,#2198,#2199),
 .UNSPECIFIED.,.F.,.F.,(4,1,4),(0.,0.425957592154991,0.993901048361645),
 .UNSPECIFIED.);
#568=B_SPLINE_CURVE_WITH_KNOTS('',3,(#2236,#2237,#2238,#2239,#2240,#2241),
 .UNSPECIFIED.,.F.,.F.,(4,1,1,4),(-0.65690963956973,-0.469221171121236,
-0.281532702672741,0.),.UNSPECIFIED.);
#569=B_SPLINE_CURVE_WITH_KNOTS('',3,(#2242,#2243,#2244,#2245,#2246,#2247),
 .UNSPECIFIED.,.F.,.F.,(4,1,1,4),(0.,0.281532702672741,0.469221171121236,
0.65690963956973),.UNSPECIFIED.);
#570=B_SPLINE_CURVE_WITH_KNOTS('',1,(#2289,#2290),.UNSPECIFIED.,.F.,.F.,
(2,2),(-8.67537020338112E-17,2.34007935316744),.UNSPECIFIED.);
#571=B_SPLINE_CURVE_WITH_KNOTS('',3,(#2307,#2308,#2309,#2310,#2311,#2312,
#2313,#2314,#2315,#2316,#2317,#2318),.UNSPECIFIED.,.F.,.F.,(4,2,2,2,2,4),
(0.305997222576151,0.306485533812083,0.356840935540814,0.407196337269544,
0.457446826589977,0.50769731591041),.UNSPECIFIED.);
#572=B_SPLINE_CURVE_WITH_KNOTS('',3,(#2358,#2359,#2360,#2361,#2362,#2363,
#2364,#2365,#2366,#2367,#2368,#2369),.UNSPECIFIED.,.F.,.F.,(4,2,2,2,2,4),
(0.50769731591041,0.557947805230844,0.608198294551277,0.658553696280007,
0.708909098008738,0.70939740924467),.UNSPECIFIED.);
#573=CIRCLE('',#1467,0.5);
#574=CIRCLE('',#1468,0.499999999999998);
#575=CIRCLE('',#1469,0.499999999999999);
#576=CIRCLE('',#1470,0.500000000000002);
#577=CIRCLE('',#1471,0.500000000000001);
#578=CIRCLE('',#1472,0.499999999999998);
#579=CIRCLE('',#1475,2.);
#580=CIRCLE('',#1476,2.);
#581=CIRCLE('',#1486,2.);
#582=CIRCLE('',#1487,2.);
#583=CIRCLE('',#1489,2.);
#584=CIRCLE('',#1490,2.);
#585=CIRCLE('',#1492,2.);
#586=CIRCLE('',#1495,2.);
#587=CIRCLE('',#1496,2.);
#588=CIRCLE('',#1498,2.);
#589=CIRCLE('',#1499,2.);
#590=CIRCLE('',#1501,2.);
#591=CIRCLE('',#1503,2.);
#592=CIRCLE('',#1504,2.);
#593=CIRCLE('',#1507,2.);
#594=CIRCLE('',#1508,2.);
#595=CIRCLE('',#1517,2.);
#596=CIRCLE('',#1518,2.);
#597=CIRCLE('',#1520,2.);
#598=CIRCLE('',#1521,2.);
#599=CIRCLE('',#1524,2.);
#600=CIRCLE('',#1525,2.);
#601=CIRCLE('',#1526,2.);
#602=CIRCLE('',#1529,2.);
#603=CIRCLE('',#1531,2.);
#604=CIRCLE('',#1536,2.);
#605=CIRCLE('',#1537,2.);
#606=CIRCLE('',#1538,2.);
#607=CIRCLE('',#1546,2.);
#608=CIRCLE('',#1547,2.);
#609=VERTEX_POINT('',#1987);
#610=VERTEX_POINT('',#1988);
#611=VERTEX_POINT('',#1990);
#612=VERTEX_POINT('',#1996);
#613=VERTEX_POINT('',#2039);
#614=VERTEX_POINT('',#2040);
#615=VERTEX_POINT('',#2089);
#616=VERTEX_POINT('',#2090);
#617=VERTEX_POINT('',#2142);
#618=VERTEX_POINT('',#2143);
#619=VERTEX_POINT('',#2151);
#620=VERTEX_POINT('',#2187);
#621=VERTEX_POINT('',#2188);
#622=VERTEX_POINT('',#2249);
#623=VERTEX_POINT('',#2253);
#624=VERTEX_POINT('',#2255);
#625=VERTEX_POINT('',#2257);
#626=VERTEX_POINT('',#2280);
#627=VERTEX_POINT('',#2281);
#628=VERTEX_POINT('',#2283);
#629=VERTEX_POINT('',#2285);
#630=VERTEX_POINT('',#2287);
#631=VERTEX_POINT('',#2293);
#632=VERTEX_POINT('',#2294);
#633=VERTEX_POINT('',#2296);
#634=VERTEX_POINT('',#2298);
#635=VERTEX_POINT('',#2305);
#636=VERTEX_POINT('',#2306);
#637=VERTEX_POINT('',#2319);
#638=VERTEX_POINT('',#2321);
#639=VERTEX_POINT('',#2323);
#640=VERTEX_POINT('',#2327);
#641=VERTEX_POINT('',#2328);
#642=VERTEX_POINT('',#2331);
#643=VERTEX_POINT('',#2337);
#644=VERTEX_POINT('',#2341);
#645=VERTEX_POINT('',#2342);
#646=VERTEX_POINT('',#2344);
#647=VERTEX_POINT('',#2346);
#648=VERTEX_POINT('',#2350);
#649=VERTEX_POINT('',#2351);
#650=VERTEX_POINT('',#2354);
#651=VERTEX_POINT('',#2356);
#652=VERTEX_POINT('',#2373);
#653=VERTEX_POINT('',#2375);
#654=VERTEX_POINT('',#2377);
#655=VERTEX_POINT('',#2379);
#656=VERTEX_POINT('',#2382);
#657=VERTEX_POINT('',#2384);
#658=VERTEX_POINT('',#2386);
#659=VERTEX_POINT('',#2388);
#660=VERTEX_POINT('',#2391);
#661=VERTEX_POINT('',#2398);
#662=VERTEX_POINT('',#2400);
#663=VERTEX_POINT('',#2402);
#664=VERTEX_POINT('',#2404);
#665=VERTEX_POINT('',#2421);
#666=VERTEX_POINT('',#2423);
#667=VERTEX_POINT('',#2427);
#668=VERTEX_POINT('',#2428);
#669=VERTEX_POINT('',#2430);
#670=VERTEX_POINT('',#2432);
#671=VERTEX_POINT('',#2436);
#672=VERTEX_POINT('',#2440);
#673=VERTEX_POINT('',#2442);
#674=VERTEX_POINT('',#2444);
#675=VERTEX_POINT('',#2446);
#676=VERTEX_POINT('',#2448);
#677=VERTEX_POINT('',#2450);
#678=VERTEX_POINT('',#2454);
#679=VERTEX_POINT('',#2456);
#680=VERTEX_POINT('',#2458);
#681=VERTEX_POINT('',#2460);
#682=VERTEX_POINT('',#2462);
#683=VERTEX_POINT('',#2464);
#684=VERTEX_POINT('',#2466);
#685=VERTEX_POINT('',#2468);
#686=VERTEX_POINT('',#2470);
#687=VERTEX_POINT('',#2472);
#688=VERTEX_POINT('',#2474);
#689=VERTEX_POINT('',#2479);
#690=VERTEX_POINT('',#2483);
#691=VERTEX_POINT('',#2491);
#692=VERTEX_POINT('',#2496);
#693=VERTEX_POINT('',#2497);
#694=VERTEX_POINT('',#2499);
#695=VERTEX_POINT('',#2506);
#696=VERTEX_POINT('',#2509);
#697=VERTEX_POINT('',#2511);
#698=VERTEX_POINT('',#2515);
#699=VERTEX_POINT('',#2519);
#700=VERTEX_POINT('',#2521);
#701=VERTEX_POINT('',#2525);
#702=VERTEX_POINT('',#2538);
#703=VERTEX_POINT('',#2550);
#704=VERTEX_POINT('',#2552);
#705=VERTEX_POINT('',#2582);
#706=VERTEX_POINT('',#2665);
#707=VERTEX_POINT('',#2698);
#708=VERTEX_POINT('',#2700);
#709=VERTEX_POINT('',#2730);
#710=VERTEX_POINT('',#2813);
#711=VERTEX_POINT('',#2932);
#712=VERTEX_POINT('',#2933);
#713=VERTEX_POINT('',#2961);
#714=VERTEX_POINT('',#2963);
#715=VERTEX_POINT('',#2993);
#716=VERTEX_POINT('',#2995);
#717=VERTEX_POINT('',#2999);
#718=VERTEX_POINT('',#3001);
#719=VERTEX_POINT('',#3089);
#720=VERTEX_POINT('',#3090);
#721=VERTEX_POINT('',#3118);
#722=VERTEX_POINT('',#3120);
#723=VERTEX_POINT('',#3150);
#724=VERTEX_POINT('',#3152);
#725=VERTEX_POINT('',#3156);
#726=VERTEX_POINT('',#3158);
#727=VERTEX_POINT('',#3246);
#728=VERTEX_POINT('',#3247);
#729=VERTEX_POINT('',#3275);
#730=VERTEX_POINT('',#3277);
#731=VERTEX_POINT('',#3307);
#732=VERTEX_POINT('',#3309);
#733=VERTEX_POINT('',#3313);
#734=VERTEX_POINT('',#3315);
#735=EDGE_CURVE('',#609,#610,#573,.T.);
#736=EDGE_CURVE('',#610,#611,#557,.T.);
#737=EDGE_CURVE('',#611,#612,#574,.T.);
#738=EDGE_CURVE('',#612,#609,#558,.T.);
#739=EDGE_CURVE('',#613,#614,#575,.T.);
#740=EDGE_CURVE('',#614,#610,#559,.T.);
#741=EDGE_CURVE('',#609,#613,#560,.T.);
#742=EDGE_CURVE('',#615,#616,#576,.T.);
#743=EDGE_CURVE('',#616,#614,#561,.T.);
#744=EDGE_CURVE('',#613,#615,#562,.T.);
#745=EDGE_CURVE('',#617,#618,#577,.T.);
#746=EDGE_CURVE('',#618,#616,#563,.T.);
#747=EDGE_CURVE('',#615,#619,#564,.T.);
#748=EDGE_CURVE('',#619,#617,#565,.T.);
#749=EDGE_CURVE('',#620,#621,#578,.T.);
#750=EDGE_CURVE('',#621,#618,#566,.T.);
#751=EDGE_CURVE('',#617,#620,#567,.T.);
#752=EDGE_CURVE('',#611,#621,#568,.T.);
#753=EDGE_CURVE('',#620,#612,#569,.T.);
#754=EDGE_CURVE('',#622,#621,#67,.T.);
#755=EDGE_CURVE('',#618,#622,#68,.T.);
#756=EDGE_CURVE('',#611,#623,#69,.T.);
#757=EDGE_CURVE('',#624,#623,#579,.T.);
#758=EDGE_CURVE('',#624,#625,#70,.T.);
#759=EDGE_CURVE('',#622,#625,#580,.T.);
#760=EDGE_CURVE('',#623,#610,#71,.T.);
#761=EDGE_CURVE('',#626,#627,#72,.T.);
#762=EDGE_CURVE('',#627,#628,#37,.T.);
#763=EDGE_CURVE('',#628,#629,#73,.T.);
#764=EDGE_CURVE('',#630,#629,#38,.T.);
#765=EDGE_CURVE('',#630,#619,#570,.T.);
#766=EDGE_CURVE('',#626,#630,#39,.T.);
#767=EDGE_CURVE('',#631,#632,#40,.F.);
#768=EDGE_CURVE('',#632,#633,#74,.T.);
#769=EDGE_CURVE('',#633,#634,#41,.F.);
#770=EDGE_CURVE('',#634,#631,#75,.T.);
#771=EDGE_CURVE('',#632,#628,#76,.T.);
#772=EDGE_CURVE('',#633,#627,#77,.T.);
#773=EDGE_CURVE('',#635,#636,#571,.T.);
#774=EDGE_CURVE('',#636,#637,#78,.T.);
#775=EDGE_CURVE('',#637,#638,#581,.T.);
#776=EDGE_CURVE('',#638,#639,#79,.T.);
#777=EDGE_CURVE('',#639,#635,#582,.T.);
#778=EDGE_CURVE('',#640,#641,#583,.T.);
#779=EDGE_CURVE('',#640,#638,#80,.T.);
#780=EDGE_CURVE('',#638,#642,#584,.T.);
#781=EDGE_CURVE('',#642,#641,#81,.T.);
#782=EDGE_CURVE('',#637,#642,#585,.T.);
#783=EDGE_CURVE('',#643,#640,#82,.T.);
#784=EDGE_CURVE('',#639,#643,#83,.T.);
#785=EDGE_CURVE('',#644,#645,#586,.T.);
#786=EDGE_CURVE('',#644,#646,#84,.T.);
#787=EDGE_CURVE('',#646,#647,#587,.T.);
#788=EDGE_CURVE('',#647,#645,#85,.T.);
#789=EDGE_CURVE('',#648,#649,#588,.F.);
#790=EDGE_CURVE('',#648,#647,#86,.T.);
#791=EDGE_CURVE('',#647,#650,#589,.T.);
#792=EDGE_CURVE('',#650,#651,#87,.T.);
#793=EDGE_CURVE('',#649,#651,#572,.F.);
#794=EDGE_CURVE('',#646,#650,#590,.T.);
#795=EDGE_CURVE('',#641,#652,#88,.T.);
#796=EDGE_CURVE('',#652,#653,#89,.T.);
#797=EDGE_CURVE('',#653,#654,#90,.T.);
#798=EDGE_CURVE('',#655,#654,#591,.F.);
#799=EDGE_CURVE('',#655,#626,#91,.T.);
#800=EDGE_CURVE('',#656,#629,#92,.T.);
#801=EDGE_CURVE('',#657,#656,#592,.F.);
#802=EDGE_CURVE('',#657,#658,#93,.T.);
#803=EDGE_CURVE('',#659,#658,#94,.T.);
#804=EDGE_CURVE('',#659,#644,#95,.T.);
#805=EDGE_CURVE('',#660,#645,#96,.T.);
#806=EDGE_CURVE('',#643,#660,#97,.T.);
#807=EDGE_CURVE('',#660,#648,#98,.T.);
#808=EDGE_CURVE('',#637,#650,#99,.T.);
#809=EDGE_CURVE('',#646,#661,#100,.T.);
#810=EDGE_CURVE('',#662,#661,#593,.F.);
#811=EDGE_CURVE('',#662,#663,#101,.T.);
#812=EDGE_CURVE('',#664,#663,#594,.F.);
#813=EDGE_CURVE('',#664,#642,#102,.T.);
#814=EDGE_CURVE('',#652,#664,#103,.T.);
#815=EDGE_CURVE('',#661,#659,#104,.T.);
#816=EDGE_CURVE('',#651,#636,#105,.T.);
#817=EDGE_CURVE('',#633,#655,#106,.T.);
#818=EDGE_CURVE('',#654,#634,#107,.T.);
#819=EDGE_CURVE('',#631,#657,#108,.T.);
#820=EDGE_CURVE('',#656,#632,#109,.T.);
#821=EDGE_CURVE('',#665,#653,#110,.T.);
#822=EDGE_CURVE('',#666,#665,#111,.T.);
#823=EDGE_CURVE('',#658,#666,#112,.T.);
#824=EDGE_CURVE('',#667,#668,#595,.T.);
#825=EDGE_CURVE('',#668,#669,#113,.T.);
#826=EDGE_CURVE('',#669,#670,#596,.T.);
#827=EDGE_CURVE('',#670,#667,#114,.T.);
#828=EDGE_CURVE('',#669,#671,#597,.T.);
#829=EDGE_CURVE('',#671,#670,#598,.T.);
#830=EDGE_CURVE('',#672,#668,#115,.T.);
#831=EDGE_CURVE('',#672,#673,#116,.T.);
#832=EDGE_CURVE('',#673,#674,#117,.T.);
#833=EDGE_CURVE('',#674,#675,#118,.T.);
#834=EDGE_CURVE('',#676,#675,#119,.T.);
#835=EDGE_CURVE('',#677,#676,#120,.T.);
#836=EDGE_CURVE('',#669,#677,#121,.T.);
#837=EDGE_CURVE('',#678,#667,#122,.T.);
#838=EDGE_CURVE('',#678,#679,#123,.T.);
#839=EDGE_CURVE('',#680,#679,#599,.T.);
#840=EDGE_CURVE('',#681,#680,#124,.T.);
#841=EDGE_CURVE('',#682,#681,#600,.T.);
#842=EDGE_CURVE('',#683,#682,#125,.T.);
#843=EDGE_CURVE('',#684,#683,#126,.T.);
#844=EDGE_CURVE('',#685,#684,#601,.T.);
#845=EDGE_CURVE('',#686,#685,#127,.T.);
#846=EDGE_CURVE('',#687,#686,#128,.T.);
#847=EDGE_CURVE('',#688,#687,#129,.T.);
#848=EDGE_CURVE('',#676,#688,#130,.T.);
#849=EDGE_CURVE('',#675,#672,#131,.T.);
#850=EDGE_CURVE('',#689,#670,#132,.T.);
#851=EDGE_CURVE('',#689,#678,#133,.T.);
#852=EDGE_CURVE('',#679,#690,#134,.T.);
#853=EDGE_CURVE('',#690,#625,#602,.T.);
#854=EDGE_CURVE('',#625,#680,#135,.T.);
#855=EDGE_CURVE('',#690,#622,#603,.T.);
#856=EDGE_CURVE('',#690,#689,#136,.T.);
#857=EDGE_CURVE('',#691,#689,#42,.T.);
#858=EDGE_CURVE('',#691,#616,#137,.T.);
#859=EDGE_CURVE('',#692,#693,#604,.T.);
#860=EDGE_CURVE('',#693,#694,#605,.T.);
#861=EDGE_CURVE('',#694,#692,#606,.T.);
#862=EDGE_CURVE('',#684,#693,#138,.T.);
#863=EDGE_CURVE('',#692,#685,#139,.T.);
#864=EDGE_CURVE('',#695,#692,#140,.T.);
#865=EDGE_CURVE('',#688,#695,#141,.T.);
#866=EDGE_CURVE('',#687,#696,#142,.T.);
#867=EDGE_CURVE('',#696,#697,#143,.T.);
#868=EDGE_CURVE('',#697,#686,#144,.T.);
#869=EDGE_CURVE('',#694,#698,#145,.T.);
#870=EDGE_CURVE('',#698,#695,#43,.T.);
#871=EDGE_CURVE('',#693,#699,#146,.T.);
#872=EDGE_CURVE('',#699,#700,#44,.T.);
#873=EDGE_CURVE('',#700,#694,#147,.T.);
#874=EDGE_CURVE('',#701,#624,#607,.T.);
#875=EDGE_CURVE('',#623,#701,#608,.T.);
#876=EDGE_CURVE('',#681,#624,#148,.T.);
#877=EDGE_CURVE('',#701,#682,#149,.T.);
#878=EDGE_CURVE('',#699,#701,#150,.T.);
#879=EDGE_CURVE('',#683,#699,#151,.T.);
#880=EDGE_CURVE('',#614,#700,#152,.T.);
#881=EDGE_CURVE('',#635,#695,#153,.F.);
#882=EDGE_CURVE('',#698,#702,#154,.T.);
#883=EDGE_CURVE('',#702,#677,#45,.T.);
#884=EDGE_CURVE('',#649,#677,#155,.T.);
#885=EDGE_CURVE('',#702,#671,#156,.T.);
#886=EDGE_CURVE('',#671,#691,#157,.T.);
#887=EDGE_CURVE('',#672,#703,#158,.T.);
#888=EDGE_CURVE('',#703,#704,#21,.T.);
#889=EDGE_CURVE('',#704,#673,#159,.T.);
#890=EDGE_CURVE('',#705,#675,#160,.T.);
#891=EDGE_CURVE('',#703,#705,#161,.T.);
#892=EDGE_CURVE('',#706,#705,#22,.T.);
#893=EDGE_CURVE('',#704,#706,#162,.T.);
#894=EDGE_CURVE('',#674,#706,#163,.T.);
#895=EDGE_CURVE('',#707,#687,#164,.T.);
#896=EDGE_CURVE('',#708,#707,#23,.T.);
#897=EDGE_CURVE('',#696,#708,#165,.T.);
#898=EDGE_CURVE('',#686,#709,#166,.T.);
#899=EDGE_CURVE('',#709,#707,#167,.T.);
#900=EDGE_CURVE('',#709,#710,#24,.T.);
#901=EDGE_CURVE('',#710,#708,#168,.T.);
#902=EDGE_CURVE('',#710,#697,#169,.T.);
#903=EDGE_CURVE('',#662,#666,#170,.T.);
#904=EDGE_CURVE('',#663,#665,#171,.T.);
#905=EDGE_CURVE('',#711,#712,#25,.T.);
#906=EDGE_CURVE('',#711,#713,#172,.T.);
#907=EDGE_CURVE('',#714,#713,#26,.T.);
#908=EDGE_CURVE('',#712,#714,#173,.T.);
#909=EDGE_CURVE('',#712,#715,#174,.T.);
#910=EDGE_CURVE('',#716,#714,#175,.T.);
#911=EDGE_CURVE('',#715,#716,#176,.T.);
#912=EDGE_CURVE('',#715,#717,#177,.T.);
#913=EDGE_CURVE('',#718,#716,#178,.T.);
#914=EDGE_CURVE('',#717,#718,#179,.T.);
#915=EDGE_CURVE('',#717,#711,#180,.T.);
#916=EDGE_CURVE('',#713,#718,#181,.T.);
#917=EDGE_CURVE('',#719,#720,#27,.T.);
#918=EDGE_CURVE('',#720,#721,#182,.T.);
#919=EDGE_CURVE('',#721,#722,#28,.T.);
#920=EDGE_CURVE('',#719,#722,#183,.T.);
#921=EDGE_CURVE('',#720,#723,#184,.T.);
#922=EDGE_CURVE('',#723,#724,#185,.T.);
#923=EDGE_CURVE('',#724,#721,#186,.T.);
#924=EDGE_CURVE('',#723,#725,#187,.T.);
#925=EDGE_CURVE('',#725,#726,#188,.T.);
#926=EDGE_CURVE('',#726,#724,#189,.T.);
#927=EDGE_CURVE('',#725,#719,#190,.T.);
#928=EDGE_CURVE('',#722,#726,#191,.T.);
#929=EDGE_CURVE('',#727,#728,#29,.T.);
#930=EDGE_CURVE('',#728,#729,#192,.T.);
#931=EDGE_CURVE('',#729,#730,#30,.T.);
#932=EDGE_CURVE('',#727,#730,#193,.T.);
#933=EDGE_CURVE('',#728,#731,#194,.T.);
#934=EDGE_CURVE('',#731,#732,#195,.T.);
#935=EDGE_CURVE('',#732,#729,#196,.T.);
#936=EDGE_CURVE('',#731,#733,#197,.T.);
#937=EDGE_CURVE('',#733,#734,#198,.T.);
#938=EDGE_CURVE('',#734,#732,#199,.T.);
#939=EDGE_CURVE('',#733,#727,#200,.T.);
#940=EDGE_CURVE('',#730,#734,#201,.T.);
#941=ORIENTED_EDGE('',*,*,#735,.T.);
#942=ORIENTED_EDGE('',*,*,#736,.T.);
#943=ORIENTED_EDGE('',*,*,#737,.T.);
#944=ORIENTED_EDGE('',*,*,#738,.T.);
#945=ORIENTED_EDGE('',*,*,#739,.T.);
#946=ORIENTED_EDGE('',*,*,#740,.T.);
#947=ORIENTED_EDGE('',*,*,#735,.F.);
#948=ORIENTED_EDGE('',*,*,#741,.T.);
#949=ORIENTED_EDGE('',*,*,#742,.T.);
#950=ORIENTED_EDGE('',*,*,#743,.T.);
#951=ORIENTED_EDGE('',*,*,#739,.F.);
#952=ORIENTED_EDGE('',*,*,#744,.T.);
#953=ORIENTED_EDGE('',*,*,#745,.T.);
#954=ORIENTED_EDGE('',*,*,#746,.T.);
#955=ORIENTED_EDGE('',*,*,#742,.F.);
#956=ORIENTED_EDGE('',*,*,#747,.T.);
#957=ORIENTED_EDGE('',*,*,#748,.T.);
#958=ORIENTED_EDGE('',*,*,#749,.T.);
#959=ORIENTED_EDGE('',*,*,#750,.T.);
#960=ORIENTED_EDGE('',*,*,#745,.F.);
#961=ORIENTED_EDGE('',*,*,#751,.T.);
#962=ORIENTED_EDGE('',*,*,#737,.F.);
#963=ORIENTED_EDGE('',*,*,#752,.T.);
#964=ORIENTED_EDGE('',*,*,#749,.F.);
#965=ORIENTED_EDGE('',*,*,#753,.T.);
#966=ORIENTED_EDGE('',*,*,#750,.F.);
#967=ORIENTED_EDGE('',*,*,#754,.F.);
#968=ORIENTED_EDGE('',*,*,#755,.F.);
#969=ORIENTED_EDGE('',*,*,#752,.F.);
#970=ORIENTED_EDGE('',*,*,#756,.T.);
#971=ORIENTED_EDGE('',*,*,#757,.F.);
#972=ORIENTED_EDGE('',*,*,#758,.T.);
#973=ORIENTED_EDGE('',*,*,#759,.F.);
#974=ORIENTED_EDGE('',*,*,#754,.T.);
#975=ORIENTED_EDGE('',*,*,#736,.F.);
#976=ORIENTED_EDGE('',*,*,#760,.F.);
#977=ORIENTED_EDGE('',*,*,#756,.F.);
#978=ORIENTED_EDGE('',*,*,#761,.T.);
#979=ORIENTED_EDGE('',*,*,#762,.T.);
#980=ORIENTED_EDGE('',*,*,#763,.T.);
#981=ORIENTED_EDGE('',*,*,#764,.F.);
#982=ORIENTED_EDGE('',*,*,#765,.T.);
#983=ORIENTED_EDGE('',*,*,#747,.F.);
#984=ORIENTED_EDGE('',*,*,#744,.F.);
#985=ORIENTED_EDGE('',*,*,#741,.F.);
#986=ORIENTED_EDGE('',*,*,#738,.F.);
#987=ORIENTED_EDGE('',*,*,#753,.F.);
#988=ORIENTED_EDGE('',*,*,#751,.F.);
#989=ORIENTED_EDGE('',*,*,#748,.F.);
#990=ORIENTED_EDGE('',*,*,#765,.F.);
#991=ORIENTED_EDGE('',*,*,#766,.F.);
#992=ORIENTED_EDGE('',*,*,#767,.T.);
#993=ORIENTED_EDGE('',*,*,#768,.T.);
#994=ORIENTED_EDGE('',*,*,#769,.T.);
#995=ORIENTED_EDGE('',*,*,#770,.T.);
#996=ORIENTED_EDGE('',*,*,#768,.F.);
#997=ORIENTED_EDGE('',*,*,#771,.T.);
#998=ORIENTED_EDGE('',*,*,#762,.F.);
#999=ORIENTED_EDGE('',*,*,#772,.F.);
#1000=ORIENTED_EDGE('',*,*,#773,.T.);
#1001=ORIENTED_EDGE('',*,*,#774,.T.);
#1002=ORIENTED_EDGE('',*,*,#775,.T.);
#1003=ORIENTED_EDGE('',*,*,#776,.T.);
#1004=ORIENTED_EDGE('',*,*,#777,.T.);
#1005=ORIENTED_EDGE('',*,*,#778,.F.);
#1006=ORIENTED_EDGE('',*,*,#779,.T.);
#1007=ORIENTED_EDGE('',*,*,#780,.T.);
#1008=ORIENTED_EDGE('',*,*,#781,.T.);
#1009=ORIENTED_EDGE('',*,*,#780,.F.);
#1010=ORIENTED_EDGE('',*,*,#775,.F.);
#1011=ORIENTED_EDGE('',*,*,#782,.T.);
#1012=ORIENTED_EDGE('',*,*,#776,.F.);
#1013=ORIENTED_EDGE('',*,*,#779,.F.);
#1014=ORIENTED_EDGE('',*,*,#783,.F.);
#1015=ORIENTED_EDGE('',*,*,#784,.F.);
#1016=ORIENTED_EDGE('',*,*,#785,.F.);
#1017=ORIENTED_EDGE('',*,*,#786,.T.);
#1018=ORIENTED_EDGE('',*,*,#787,.T.);
#1019=ORIENTED_EDGE('',*,*,#788,.T.);
#1020=ORIENTED_EDGE('',*,*,#789,.F.);
#1021=ORIENTED_EDGE('',*,*,#790,.T.);
#1022=ORIENTED_EDGE('',*,*,#791,.T.);
#1023=ORIENTED_EDGE('',*,*,#792,.T.);
#1024=ORIENTED_EDGE('',*,*,#793,.F.);
#1025=ORIENTED_EDGE('',*,*,#791,.F.);
#1026=ORIENTED_EDGE('',*,*,#787,.F.);
#1027=ORIENTED_EDGE('',*,*,#794,.T.);
#1028=ORIENTED_EDGE('',*,*,#778,.T.);
#1029=ORIENTED_EDGE('',*,*,#795,.T.);
#1030=ORIENTED_EDGE('',*,*,#796,.T.);
#1031=ORIENTED_EDGE('',*,*,#797,.T.);
#1032=ORIENTED_EDGE('',*,*,#798,.F.);
#1033=ORIENTED_EDGE('',*,*,#799,.T.);
#1034=ORIENTED_EDGE('',*,*,#766,.T.);
#1035=ORIENTED_EDGE('',*,*,#764,.T.);
#1036=ORIENTED_EDGE('',*,*,#800,.F.);
#1037=ORIENTED_EDGE('',*,*,#801,.F.);
#1038=ORIENTED_EDGE('',*,*,#802,.T.);
#1039=ORIENTED_EDGE('',*,*,#803,.F.);
#1040=ORIENTED_EDGE('',*,*,#804,.T.);
#1041=ORIENTED_EDGE('',*,*,#785,.T.);
#1042=ORIENTED_EDGE('',*,*,#805,.F.);
#1043=ORIENTED_EDGE('',*,*,#806,.F.);
#1044=ORIENTED_EDGE('',*,*,#783,.T.);
#1045=ORIENTED_EDGE('',*,*,#788,.F.);
#1046=ORIENTED_EDGE('',*,*,#790,.F.);
#1047=ORIENTED_EDGE('',*,*,#807,.F.);
#1048=ORIENTED_EDGE('',*,*,#805,.T.);
#1049=ORIENTED_EDGE('',*,*,#782,.F.);
#1050=ORIENTED_EDGE('',*,*,#808,.T.);
#1051=ORIENTED_EDGE('',*,*,#794,.F.);
#1052=ORIENTED_EDGE('',*,*,#809,.T.);
#1053=ORIENTED_EDGE('',*,*,#810,.F.);
#1054=ORIENTED_EDGE('',*,*,#811,.T.);
#1055=ORIENTED_EDGE('',*,*,#812,.F.);
#1056=ORIENTED_EDGE('',*,*,#813,.T.);
#1057=ORIENTED_EDGE('',*,*,#781,.F.);
#1058=ORIENTED_EDGE('',*,*,#813,.F.);
#1059=ORIENTED_EDGE('',*,*,#814,.F.);
#1060=ORIENTED_EDGE('',*,*,#795,.F.);
#1061=ORIENTED_EDGE('',*,*,#786,.F.);
#1062=ORIENTED_EDGE('',*,*,#804,.F.);
#1063=ORIENTED_EDGE('',*,*,#815,.F.);
#1064=ORIENTED_EDGE('',*,*,#809,.F.);
#1065=ORIENTED_EDGE('',*,*,#774,.F.);
#1066=ORIENTED_EDGE('',*,*,#816,.F.);
#1067=ORIENTED_EDGE('',*,*,#792,.F.);
#1068=ORIENTED_EDGE('',*,*,#808,.F.);
#1069=ORIENTED_EDGE('',*,*,#817,.T.);
#1070=ORIENTED_EDGE('',*,*,#798,.T.);
#1071=ORIENTED_EDGE('',*,*,#818,.T.);
#1072=ORIENTED_EDGE('',*,*,#769,.F.);
#1073=ORIENTED_EDGE('',*,*,#817,.F.);
#1074=ORIENTED_EDGE('',*,*,#772,.T.);
#1075=ORIENTED_EDGE('',*,*,#761,.F.);
#1076=ORIENTED_EDGE('',*,*,#799,.F.);
#1077=ORIENTED_EDGE('',*,*,#819,.T.);
#1078=ORIENTED_EDGE('',*,*,#801,.T.);
#1079=ORIENTED_EDGE('',*,*,#820,.T.);
#1080=ORIENTED_EDGE('',*,*,#767,.F.);
#1081=ORIENTED_EDGE('',*,*,#818,.F.);
#1082=ORIENTED_EDGE('',*,*,#797,.F.);
#1083=ORIENTED_EDGE('',*,*,#821,.F.);
#1084=ORIENTED_EDGE('',*,*,#822,.F.);
#1085=ORIENTED_EDGE('',*,*,#823,.F.);
#1086=ORIENTED_EDGE('',*,*,#802,.F.);
#1087=ORIENTED_EDGE('',*,*,#819,.F.);
#1088=ORIENTED_EDGE('',*,*,#770,.F.);
#1089=ORIENTED_EDGE('',*,*,#824,.T.);
#1090=ORIENTED_EDGE('',*,*,#825,.T.);
#1091=ORIENTED_EDGE('',*,*,#826,.T.);
#1092=ORIENTED_EDGE('',*,*,#827,.T.);
#1093=ORIENTED_EDGE('',*,*,#826,.F.);
#1094=ORIENTED_EDGE('',*,*,#828,.T.);
#1095=ORIENTED_EDGE('',*,*,#829,.T.);
#1096=ORIENTED_EDGE('',*,*,#825,.F.);
#1097=ORIENTED_EDGE('',*,*,#830,.F.);
#1098=ORIENTED_EDGE('',*,*,#831,.T.);
#1099=ORIENTED_EDGE('',*,*,#832,.T.);
#1100=ORIENTED_EDGE('',*,*,#833,.T.);
#1101=ORIENTED_EDGE('',*,*,#834,.F.);
#1102=ORIENTED_EDGE('',*,*,#835,.F.);
#1103=ORIENTED_EDGE('',*,*,#836,.F.);
#1104=ORIENTED_EDGE('',*,*,#824,.F.);
#1105=ORIENTED_EDGE('',*,*,#837,.F.);
#1106=ORIENTED_EDGE('',*,*,#838,.T.);
#1107=ORIENTED_EDGE('',*,*,#839,.F.);
#1108=ORIENTED_EDGE('',*,*,#840,.F.);
#1109=ORIENTED_EDGE('',*,*,#841,.F.);
#1110=ORIENTED_EDGE('',*,*,#842,.F.);
#1111=ORIENTED_EDGE('',*,*,#843,.F.);
#1112=ORIENTED_EDGE('',*,*,#844,.F.);
#1113=ORIENTED_EDGE('',*,*,#845,.F.);
#1114=ORIENTED_EDGE('',*,*,#846,.F.);
#1115=ORIENTED_EDGE('',*,*,#847,.F.);
#1116=ORIENTED_EDGE('',*,*,#848,.F.);
#1117=ORIENTED_EDGE('',*,*,#834,.T.);
#1118=ORIENTED_EDGE('',*,*,#849,.T.);
#1119=ORIENTED_EDGE('',*,*,#830,.T.);
#1120=ORIENTED_EDGE('',*,*,#827,.F.);
#1121=ORIENTED_EDGE('',*,*,#850,.F.);
#1122=ORIENTED_EDGE('',*,*,#851,.T.);
#1123=ORIENTED_EDGE('',*,*,#837,.T.);
#1124=ORIENTED_EDGE('',*,*,#839,.T.);
#1125=ORIENTED_EDGE('',*,*,#852,.T.);
#1126=ORIENTED_EDGE('',*,*,#853,.T.);
#1127=ORIENTED_EDGE('',*,*,#854,.T.);
#1128=ORIENTED_EDGE('',*,*,#853,.F.);
#1129=ORIENTED_EDGE('',*,*,#855,.T.);
#1130=ORIENTED_EDGE('',*,*,#759,.T.);
#1131=ORIENTED_EDGE('',*,*,#746,.F.);
#1132=ORIENTED_EDGE('',*,*,#755,.T.);
#1133=ORIENTED_EDGE('',*,*,#855,.F.);
#1134=ORIENTED_EDGE('',*,*,#856,.T.);
#1135=ORIENTED_EDGE('',*,*,#857,.F.);
#1136=ORIENTED_EDGE('',*,*,#858,.T.);
#1137=ORIENTED_EDGE('',*,*,#852,.F.);
#1138=ORIENTED_EDGE('',*,*,#838,.F.);
#1139=ORIENTED_EDGE('',*,*,#851,.F.);
#1140=ORIENTED_EDGE('',*,*,#856,.F.);
#1141=ORIENTED_EDGE('',*,*,#859,.T.);
#1142=ORIENTED_EDGE('',*,*,#860,.T.);
#1143=ORIENTED_EDGE('',*,*,#861,.T.);
#1144=ORIENTED_EDGE('',*,*,#844,.T.);
#1145=ORIENTED_EDGE('',*,*,#862,.T.);
#1146=ORIENTED_EDGE('',*,*,#859,.F.);
#1147=ORIENTED_EDGE('',*,*,#863,.T.);
#1148=ORIENTED_EDGE('',*,*,#863,.F.);
#1149=ORIENTED_EDGE('',*,*,#864,.F.);
#1150=ORIENTED_EDGE('',*,*,#865,.F.);
#1151=ORIENTED_EDGE('',*,*,#847,.T.);
#1152=ORIENTED_EDGE('',*,*,#866,.T.);
#1153=ORIENTED_EDGE('',*,*,#867,.T.);
#1154=ORIENTED_EDGE('',*,*,#868,.T.);
#1155=ORIENTED_EDGE('',*,*,#845,.T.);
#1156=ORIENTED_EDGE('',*,*,#861,.F.);
#1157=ORIENTED_EDGE('',*,*,#869,.T.);
#1158=ORIENTED_EDGE('',*,*,#870,.T.);
#1159=ORIENTED_EDGE('',*,*,#864,.T.);
#1160=ORIENTED_EDGE('',*,*,#860,.F.);
#1161=ORIENTED_EDGE('',*,*,#871,.T.);
#1162=ORIENTED_EDGE('',*,*,#872,.T.);
#1163=ORIENTED_EDGE('',*,*,#873,.T.);
#1164=ORIENTED_EDGE('',*,*,#874,.T.);
#1165=ORIENTED_EDGE('',*,*,#757,.T.);
#1166=ORIENTED_EDGE('',*,*,#875,.T.);
#1167=ORIENTED_EDGE('',*,*,#841,.T.);
#1168=ORIENTED_EDGE('',*,*,#876,.T.);
#1169=ORIENTED_EDGE('',*,*,#874,.F.);
#1170=ORIENTED_EDGE('',*,*,#877,.T.);
#1171=ORIENTED_EDGE('',*,*,#877,.F.);
#1172=ORIENTED_EDGE('',*,*,#878,.F.);
#1173=ORIENTED_EDGE('',*,*,#879,.F.);
#1174=ORIENTED_EDGE('',*,*,#842,.T.);
#1175=ORIENTED_EDGE('',*,*,#740,.F.);
#1176=ORIENTED_EDGE('',*,*,#880,.T.);
#1177=ORIENTED_EDGE('',*,*,#872,.F.);
#1178=ORIENTED_EDGE('',*,*,#878,.T.);
#1179=ORIENTED_EDGE('',*,*,#875,.F.);
#1180=ORIENTED_EDGE('',*,*,#760,.T.);
#1181=ORIENTED_EDGE('',*,*,#881,.T.);
#1182=ORIENTED_EDGE('',*,*,#870,.F.);
#1183=ORIENTED_EDGE('',*,*,#882,.T.);
#1184=ORIENTED_EDGE('',*,*,#883,.T.);
#1185=ORIENTED_EDGE('',*,*,#884,.F.);
#1186=ORIENTED_EDGE('',*,*,#793,.T.);
#1187=ORIENTED_EDGE('',*,*,#816,.T.);
#1188=ORIENTED_EDGE('',*,*,#773,.F.);
#1189=ORIENTED_EDGE('',*,*,#828,.F.);
#1190=ORIENTED_EDGE('',*,*,#836,.T.);
#1191=ORIENTED_EDGE('',*,*,#883,.F.);
#1192=ORIENTED_EDGE('',*,*,#885,.T.);
#1193=ORIENTED_EDGE('',*,*,#829,.F.);
#1194=ORIENTED_EDGE('',*,*,#886,.T.);
#1195=ORIENTED_EDGE('',*,*,#857,.T.);
#1196=ORIENTED_EDGE('',*,*,#850,.T.);
#1197=ORIENTED_EDGE('',*,*,#862,.F.);
#1198=ORIENTED_EDGE('',*,*,#843,.T.);
#1199=ORIENTED_EDGE('',*,*,#879,.T.);
#1200=ORIENTED_EDGE('',*,*,#871,.F.);
#1201=ORIENTED_EDGE('',*,*,#881,.F.);
#1202=ORIENTED_EDGE('',*,*,#777,.F.);
#1203=ORIENTED_EDGE('',*,*,#784,.T.);
#1204=ORIENTED_EDGE('',*,*,#806,.T.);
#1205=ORIENTED_EDGE('',*,*,#807,.T.);
#1206=ORIENTED_EDGE('',*,*,#789,.T.);
#1207=ORIENTED_EDGE('',*,*,#884,.T.);
#1208=ORIENTED_EDGE('',*,*,#835,.T.);
#1209=ORIENTED_EDGE('',*,*,#848,.T.);
#1210=ORIENTED_EDGE('',*,*,#865,.T.);
#1211=ORIENTED_EDGE('',*,*,#743,.F.);
#1212=ORIENTED_EDGE('',*,*,#858,.F.);
#1213=ORIENTED_EDGE('',*,*,#886,.F.);
#1214=ORIENTED_EDGE('',*,*,#885,.F.);
#1215=ORIENTED_EDGE('',*,*,#882,.F.);
#1216=ORIENTED_EDGE('',*,*,#869,.F.);
#1217=ORIENTED_EDGE('',*,*,#873,.F.);
#1218=ORIENTED_EDGE('',*,*,#880,.F.);
#1219=ORIENTED_EDGE('',*,*,#831,.F.);
#1220=ORIENTED_EDGE('',*,*,#887,.T.);
#1221=ORIENTED_EDGE('',*,*,#888,.T.);
#1222=ORIENTED_EDGE('',*,*,#889,.T.);
#1223=ORIENTED_EDGE('',*,*,#849,.F.);
#1224=ORIENTED_EDGE('',*,*,#890,.F.);
#1225=ORIENTED_EDGE('',*,*,#891,.F.);
#1226=ORIENTED_EDGE('',*,*,#887,.F.);
#1227=ORIENTED_EDGE('',*,*,#888,.F.);
#1228=ORIENTED_EDGE('',*,*,#891,.T.);
#1229=ORIENTED_EDGE('',*,*,#892,.F.);
#1230=ORIENTED_EDGE('',*,*,#893,.F.);
#1231=ORIENTED_EDGE('',*,*,#832,.F.);
#1232=ORIENTED_EDGE('',*,*,#889,.F.);
#1233=ORIENTED_EDGE('',*,*,#893,.T.);
#1234=ORIENTED_EDGE('',*,*,#894,.F.);
#1235=ORIENTED_EDGE('',*,*,#833,.F.);
#1236=ORIENTED_EDGE('',*,*,#894,.T.);
#1237=ORIENTED_EDGE('',*,*,#892,.T.);
#1238=ORIENTED_EDGE('',*,*,#890,.T.);
#1239=ORIENTED_EDGE('',*,*,#866,.F.);
#1240=ORIENTED_EDGE('',*,*,#895,.F.);
#1241=ORIENTED_EDGE('',*,*,#896,.F.);
#1242=ORIENTED_EDGE('',*,*,#897,.F.);
#1243=ORIENTED_EDGE('',*,*,#846,.T.);
#1244=ORIENTED_EDGE('',*,*,#898,.T.);
#1245=ORIENTED_EDGE('',*,*,#899,.T.);
#1246=ORIENTED_EDGE('',*,*,#895,.T.);
#1247=ORIENTED_EDGE('',*,*,#900,.T.);
#1248=ORIENTED_EDGE('',*,*,#901,.T.);
#1249=ORIENTED_EDGE('',*,*,#896,.T.);
#1250=ORIENTED_EDGE('',*,*,#899,.F.);
#1251=ORIENTED_EDGE('',*,*,#867,.F.);
#1252=ORIENTED_EDGE('',*,*,#897,.T.);
#1253=ORIENTED_EDGE('',*,*,#901,.F.);
#1254=ORIENTED_EDGE('',*,*,#902,.T.);
#1255=ORIENTED_EDGE('',*,*,#868,.F.);
#1256=ORIENTED_EDGE('',*,*,#902,.F.);
#1257=ORIENTED_EDGE('',*,*,#900,.F.);
#1258=ORIENTED_EDGE('',*,*,#898,.F.);
#1259=ORIENTED_EDGE('',*,*,#903,.T.);
#1260=ORIENTED_EDGE('',*,*,#822,.T.);
#1261=ORIENTED_EDGE('',*,*,#904,.F.);
#1262=ORIENTED_EDGE('',*,*,#811,.F.);
#1263=ORIENTED_EDGE('',*,*,#815,.T.);
#1264=ORIENTED_EDGE('',*,*,#803,.T.);
#1265=ORIENTED_EDGE('',*,*,#823,.T.);
#1266=ORIENTED_EDGE('',*,*,#903,.F.);
#1267=ORIENTED_EDGE('',*,*,#810,.T.);
#1268=ORIENTED_EDGE('',*,*,#820,.F.);
#1269=ORIENTED_EDGE('',*,*,#800,.T.);
#1270=ORIENTED_EDGE('',*,*,#763,.F.);
#1271=ORIENTED_EDGE('',*,*,#771,.F.);
#1272=ORIENTED_EDGE('',*,*,#814,.T.);
#1273=ORIENTED_EDGE('',*,*,#812,.T.);
#1274=ORIENTED_EDGE('',*,*,#904,.T.);
#1275=ORIENTED_EDGE('',*,*,#821,.T.);
#1276=ORIENTED_EDGE('',*,*,#796,.F.);
#1277=ORIENTED_EDGE('',*,*,#854,.F.);
#1278=ORIENTED_EDGE('',*,*,#758,.F.);
#1279=ORIENTED_EDGE('',*,*,#876,.F.);
#1280=ORIENTED_EDGE('',*,*,#840,.T.);
#1281=ORIENTED_EDGE('',*,*,#905,.F.);
#1282=ORIENTED_EDGE('',*,*,#906,.T.);
#1283=ORIENTED_EDGE('',*,*,#907,.F.);
#1284=ORIENTED_EDGE('',*,*,#908,.F.);
#1285=ORIENTED_EDGE('',*,*,#909,.F.);
#1286=ORIENTED_EDGE('',*,*,#908,.T.);
#1287=ORIENTED_EDGE('',*,*,#910,.F.);
#1288=ORIENTED_EDGE('',*,*,#911,.F.);
#1289=ORIENTED_EDGE('',*,*,#912,.F.);
#1290=ORIENTED_EDGE('',*,*,#911,.T.);
#1291=ORIENTED_EDGE('',*,*,#913,.F.);
#1292=ORIENTED_EDGE('',*,*,#914,.F.);
#1293=ORIENTED_EDGE('',*,*,#915,.F.);
#1294=ORIENTED_EDGE('',*,*,#914,.T.);
#1295=ORIENTED_EDGE('',*,*,#916,.F.);
#1296=ORIENTED_EDGE('',*,*,#906,.F.);
#1297=ORIENTED_EDGE('',*,*,#915,.T.);
#1298=ORIENTED_EDGE('',*,*,#905,.T.);
#1299=ORIENTED_EDGE('',*,*,#909,.T.);
#1300=ORIENTED_EDGE('',*,*,#912,.T.);
#1301=ORIENTED_EDGE('',*,*,#916,.T.);
#1302=ORIENTED_EDGE('',*,*,#913,.T.);
#1303=ORIENTED_EDGE('',*,*,#910,.T.);
#1304=ORIENTED_EDGE('',*,*,#907,.T.);
#1305=ORIENTED_EDGE('',*,*,#917,.T.);
#1306=ORIENTED_EDGE('',*,*,#918,.T.);
#1307=ORIENTED_EDGE('',*,*,#919,.T.);
#1308=ORIENTED_EDGE('',*,*,#920,.F.);
#1309=ORIENTED_EDGE('',*,*,#921,.T.);
#1310=ORIENTED_EDGE('',*,*,#922,.T.);
#1311=ORIENTED_EDGE('',*,*,#923,.T.);
#1312=ORIENTED_EDGE('',*,*,#918,.F.);
#1313=ORIENTED_EDGE('',*,*,#924,.T.);
#1314=ORIENTED_EDGE('',*,*,#925,.T.);
#1315=ORIENTED_EDGE('',*,*,#926,.T.);
#1316=ORIENTED_EDGE('',*,*,#922,.F.);
#1317=ORIENTED_EDGE('',*,*,#927,.T.);
#1318=ORIENTED_EDGE('',*,*,#920,.T.);
#1319=ORIENTED_EDGE('',*,*,#928,.T.);
#1320=ORIENTED_EDGE('',*,*,#925,.F.);
#1321=ORIENTED_EDGE('',*,*,#927,.F.);
#1322=ORIENTED_EDGE('',*,*,#924,.F.);
#1323=ORIENTED_EDGE('',*,*,#921,.F.);
#1324=ORIENTED_EDGE('',*,*,#917,.F.);
#1325=ORIENTED_EDGE('',*,*,#928,.F.);
#1326=ORIENTED_EDGE('',*,*,#919,.F.);
#1327=ORIENTED_EDGE('',*,*,#923,.F.);
#1328=ORIENTED_EDGE('',*,*,#926,.F.);
#1329=ORIENTED_EDGE('',*,*,#929,.T.);
#1330=ORIENTED_EDGE('',*,*,#930,.T.);
#1331=ORIENTED_EDGE('',*,*,#931,.T.);
#1332=ORIENTED_EDGE('',*,*,#932,.F.);
#1333=ORIENTED_EDGE('',*,*,#933,.T.);
#1334=ORIENTED_EDGE('',*,*,#934,.T.);
#1335=ORIENTED_EDGE('',*,*,#935,.T.);
#1336=ORIENTED_EDGE('',*,*,#930,.F.);
#1337=ORIENTED_EDGE('',*,*,#936,.T.);
#1338=ORIENTED_EDGE('',*,*,#937,.T.);
#1339=ORIENTED_EDGE('',*,*,#938,.T.);
#1340=ORIENTED_EDGE('',*,*,#934,.F.);
#1341=ORIENTED_EDGE('',*,*,#939,.T.);
#1342=ORIENTED_EDGE('',*,*,#932,.T.);
#1343=ORIENTED_EDGE('',*,*,#940,.T.);
#1344=ORIENTED_EDGE('',*,*,#937,.F.);
#1345=ORIENTED_EDGE('',*,*,#939,.F.);
#1346=ORIENTED_EDGE('',*,*,#936,.F.);
#1347=ORIENTED_EDGE('',*,*,#933,.F.);
#1348=ORIENTED_EDGE('',*,*,#929,.F.);
#1349=ORIENTED_EDGE('',*,*,#940,.F.);
#1350=ORIENTED_EDGE('',*,*,#931,.F.);
#1351=ORIENTED_EDGE('',*,*,#935,.F.);
#1352=ORIENTED_EDGE('',*,*,#938,.F.);
#1353=B_SPLINE_SURFACE_WITH_KNOTS('',3,3,((#1962,#1963,#1964,#1965,#1966),
(#1967,#1968,#1969,#1970,#1971),(#1972,#1973,#1974,#1975,#1976),(#1977,
#1978,#1979,#1980,#1981),(#1982,#1983,#1984,#1985,#1986)),.UNSPECIFIED.,
 .F.,.F.,.F.,(4,1,4),(4,1,4),(0.,0.5,1.),(0.,0.42595759215499,0.993901048361643),
 .UNSPECIFIED.);
#1354=B_SPLINE_SURFACE_WITH_KNOTS('',3,3,((#2003,#2004,#2005,#2006,#2007,
#2008),(#2009,#2010,#2011,#2012,#2013,#2014),(#2015,#2016,#2017,#2018,#2019,
#2020),(#2021,#2022,#2023,#2024,#2025,#2026),(#2027,#2028,#2029,#2030,#2031,
#2032),(#2033,#2034,#2035,#2036,#2037,#2038)),.UNSPECIFIED.,.F.,.F.,.F.,
(4,1,1,4),(4,1,1,4),(0.,0.285714285714286,0.571428571428571,1.),(0.,0.281377486110127,
0.468962476850212,0.656547467590296),.UNSPECIFIED.);
#1355=B_SPLINE_SURFACE_WITH_KNOTS('',3,3,((#2054,#2055,#2056,#2057,#2058,
#2059,#2060),(#2061,#2062,#2063,#2064,#2065,#2066,#2067),(#2068,#2069,#2070,
#2071,#2072,#2073,#2074),(#2075,#2076,#2077,#2078,#2079,#2080,#2081),(#2082,
#2083,#2084,#2085,#2086,#2087,#2088)),.UNSPECIFIED.,.F.,.F.,.F.,(4,1,4),
(4,1,1,1,4),(0.,0.5,1.),(2.78662455139672E-16,0.755530979142286,1.51106195828457,
2.26659293742686,2.644358426998),.UNSPECIFIED.);
#1356=B_SPLINE_SURFACE_WITH_KNOTS('',3,3,((#2106,#2107,#2108,#2109,#2110,
#2111),(#2112,#2113,#2114,#2115,#2116,#2117),(#2118,#2119,#2120,#2121,#2122,
#2123),(#2124,#2125,#2126,#2127,#2128,#2129),(#2130,#2131,#2132,#2133,#2134,
#2135),(#2136,#2137,#2138,#2139,#2140,#2141)),.UNSPECIFIED.,.F.,.F.,.F.,
(4,1,1,4),(4,1,1,4),(0.,0.285714285714286,0.571428571428571,1.),(0.,0.281377486110128,
0.468962476850213,0.656547467590298),.UNSPECIFIED.);
#1357=B_SPLINE_SURFACE_WITH_KNOTS('',3,3,((#2162,#2163,#2164,#2165,#2166),
(#2167,#2168,#2169,#2170,#2171),(#2172,#2173,#2174,#2175,#2176),(#2177,
#2178,#2179,#2180,#2181),(#2182,#2183,#2184,#2185,#2186)),.UNSPECIFIED.,
 .F.,.F.,.F.,(4,1,4),(4,1,4),(0.,0.5,1.),(0.,0.425957592154991,0.993901048361645),
 .UNSPECIFIED.);
#1358=B_SPLINE_SURFACE_WITH_KNOTS('',3,3,((#2200,#2201,#2202,#2203,#2204,
#2205),(#2206,#2207,#2208,#2209,#2210,#2211),(#2212,#2213,#2214,#2215,#2216,
#2217),(#2218,#2219,#2220,#2221,#2222,#2223),(#2224,#2225,#2226,#2227,#2228,
#2229),(#2230,#2231,#2232,#2233,#2234,#2235)),.UNSPECIFIED.,.F.,.F.,.F.,
(4,1,1,4),(4,1,1,4),(0.,0.285714285714286,0.571428571428571,1.),(0.,0.281532702672741,
0.469221171121236,0.65690963956973),.UNSPECIFIED.);
#1359=B_SPLINE_SURFACE_WITH_KNOTS('',3,3,((#2585,#2586,#2587,#2588),(#2589,
#2590,#2591,#2592),(#2593,#2594,#2595,#2596),(#2597,#2598,#2599,#2600),
(#2601,#2602,#2603,#2604),(#2605,#2606,#2607,#2608),(#2609,#2610,#2611,
#2612),(#2613,#2614,#2615,#2616),(#2617,#2618,#2619,#2620),(#2621,#2622,
#2623,#2624),(#2625,#2626,#2627,#2628),(#2629,#2630,#2631,#2632),(#2633,
#2634,#2635,#2636),(#2637,#2638,#2639,#2640),(#2641,#2642,#2643,#2644),
(#2645,#2646,#2647,#2648),(#2649,#2650,#2651,#2652),(#2653,#2654,#2655,
#2656),(#2657,#2658,#2659,#2660),(#2661,#2662,#2663,#2664)),
 .UNSPECIFIED.,.F.,.F.,.F.,(4,1,2,2,2,2,2,2,2,1,4),(4,4),(-7.99993031921398,
-7.97018057748854,-6.99993953852196,-5.99996698369597,-4.9999839488073,
-3.99999284544001,-2.99999484557854,-1.99999742278927,-1.,-0.0296151677460028,
0.),(0.,10.),.UNSPECIFIED.);
#1360=B_SPLINE_SURFACE_WITH_KNOTS('',3,3,((#2733,#2734,#2735,#2736),(#2737,
#2738,#2739,#2740),(#2741,#2742,#2743,#2744),(#2745,#2746,#2747,#2748),
(#2749,#2750,#2751,#2752),(#2753,#2754,#2755,#2756),(#2757,#2758,#2759,
#2760),(#2761,#2762,#2763,#2764),(#2765,#2766,#2767,#2768),(#2769,#2770,
#2771,#2772),(#2773,#2774,#2775,#2776),(#2777,#2778,#2779,#2780),(#2781,
#2782,#2783,#2784),(#2785,#2786,#2787,#2788),(#2789,#2790,#2791,#2792),
(#2793,#2794,#2795,#2796),(#2797,#2798,#2799,#2800),(#2801,#2802,#2803,
#2804),(#2805,#2806,#2807,#2808),(#2809,#2810,#2811,#2812)),
 .UNSPECIFIED.,.F.,.F.,.F.,(4,1,2,2,2,2,2,2,2,1,4),(4,4),(-7.99993031921398,
-7.97018057748854,-6.99993953852196,-5.99996698369597,-4.9999839488073,
-3.99999284544001,-2.99999484557854,-1.99999742278927,-1.,-0.0296151677460028,
0.),(0.,10.),.UNSPECIFIED.);
#1361=B_SPLINE_SURFACE_WITH_KNOTS('',3,3,((#2852,#2853,#2854,#2855),(#2856,
#2857,#2858,#2859),(#2860,#2861,#2862,#2863),(#2864,#2865,#2866,#2867),
(#2868,#2869,#2870,#2871),(#2872,#2873,#2874,#2875),(#2876,#2877,#2878,
#2879),(#2880,#2881,#2882,#2883),(#2884,#2885,#2886,#2887),(#2888,#2889,
#2890,#2891),(#2892,#2893,#2894,#2895),(#2896,#2897,#2898,#2899),(#2900,
#2901,#2902,#2903),(#2904,#2905,#2906,#2907),(#2908,#2909,#2910,#2911),
(#2912,#2913,#2914,#2915),(#2916,#2917,#2918,#2919),(#2920,#2921,#2922,
#2923),(#2924,#2925,#2926,#2927),(#2928,#2929,#2930,#2931)),
 .UNSPECIFIED.,.F.,.F.,.F.,(4,1,2,2,2,2,2,2,2,1,4),(4,4),(-7.99993031921398,
-7.97018057748854,-6.99993953852196,-5.99996698369597,-4.9999839488073,
-3.99999284544001,-2.99999484557854,-1.99999742278927,-1.,-0.0296151677460028,
0.),(0.,10.),.UNSPECIFIED.);
#1362=B_SPLINE_SURFACE_WITH_KNOTS('',3,3,((#3009,#3010,#3011,#3012),(#3013,
#3014,#3015,#3016),(#3017,#3018,#3019,#3020),(#3021,#3022,#3023,#3024),
(#3025,#3026,#3027,#3028),(#3029,#3030,#3031,#3032),(#3033,#3034,#3035,
#3036),(#3037,#3038,#3039,#3040),(#3041,#3042,#3043,#3044),(#3045,#3046,
#3047,#3048),(#3049,#3050,#3051,#3052),(#3053,#3054,#3055,#3056),(#3057,
#3058,#3059,#3060),(#3061,#3062,#3063,#3064),(#3065,#3066,#3067,#3068),
(#3069,#3070,#3071,#3072),(#3073,#3074,#3075,#3076),(#3077,#3078,#3079,
#3080),(#3081,#3082,#3083,#3084),(#3085,#3086,#3087,#3088)),
 .UNSPECIFIED.,.F.,.F.,.F.,(4,1,2,2,2,2,2,2,2,1,4),(4,4),(-7.99993031921398,
-7.97018057748854,-6.99993953852196,-5.99996698369597,-4.9999839488073,
-3.99999284544001,-2.99999484557854,-1.99999742278927,-1.,-0.0296151677460028,
0.),(0.,10.),.UNSPECIFIED.);
#1363=B_SPLINE_SURFACE_WITH_KNOTS('',3,3,((#3166,#3167,#3168,#3169),(#3170,
#3171,#3172,#3173),(#3174,#3175,#3176,#3177),(#3178,#3179,#3180,#3181),
(#3182,#3183,#3184,#3185),(#3186,#3187,#3188,#3189),(#3190,#3191,#3192,
#3193),(#3194,#3195,#3196,#3197),(#3198,#3199,#3200,#3201),(#3202,#3203,
#3204,#3205),(#3206,#3207,#3208,#3209),(#3210,#3211,#3212,#3213),(#3214,
#3215,#3216,#3217),(#3218,#3219,#3220,#3221),(#3222,#3223,#3224,#3225),
(#3226,#3227,#3228,#3229),(#3230,#3231,#3232,#3233),(#3234,#3235,#3236,
#3237),(#3238,#3239,#3240,#3241),(#3242,#3243,#3244,#3245)),
 .UNSPECIFIED.,.F.,.F.,.F.,(4,1,2,2,2,2,2,2,2,1,4),(4,4),(-7.99993031921398,
-7.97018057748854,-6.99993953852196,-5.99996698369597,-4.9999839488073,
-3.99999284544001,-2.99999484557854,-1.99999742278927,-1.,-0.0296151677460028,
0.),(0.,10.),.UNSPECIFIED.);
#1364=ADVANCED_FACE('',(#385),#1353,.F.);
#1365=ADVANCED_FACE('',(#386),#1354,.F.);
#1366=ADVANCED_FACE('',(#387),#1355,.F.);
#1367=ADVANCED_FACE('',(#388),#1356,.F.);
#1368=ADVANCED_FACE('',(#389),#1357,.F.);
#1369=ADVANCED_FACE('',(#390),#1358,.F.);
#1370=ADVANCED_FACE('',(#391),#337,.F.);
#1371=ADVANCED_FACE('',(#392),#47,.T.);
#1372=ADVANCED_FACE('',(#393),#338,.F.);
#1373=ADVANCED_FACE('',(#394),#46,.T.);
#1374=ADVANCED_FACE('',(#395),#48,.T.);
#1375=ADVANCED_FACE('',(#396),#339,.T.);
#1376=ADVANCED_FACE('',(#397),#49,.F.);
#1377=ADVANCED_FACE('',(#398),#50,.F.);
#1378=ADVANCED_FACE('',(#399),#31,.F.);
#1379=ADVANCED_FACE('',(#400),#340,.T.);
#1380=ADVANCED_FACE('',(#401),#51,.F.);
#1381=ADVANCED_FACE('',(#402),#52,.F.);
#1382=ADVANCED_FACE('',(#403),#32,.F.);
#1383=ADVANCED_FACE('',(#404),#341,.T.);
#1384=ADVANCED_FACE('',(#405),#342,.T.);
#1385=ADVANCED_FACE('',(#406),#53,.F.);
#1386=ADVANCED_FACE('',(#407),#343,.T.);
#1387=ADVANCED_FACE('',(#408),#344,.T.);
#1388=ADVANCED_FACE('',(#409),#345,.T.);
#1389=ADVANCED_FACE('',(#410),#54,.T.);
#1390=ADVANCED_FACE('',(#411),#346,.T.);
#1391=ADVANCED_FACE('',(#412),#55,.T.);
#1392=ADVANCED_FACE('',(#413),#347,.T.);
#1393=ADVANCED_FACE('',(#414),#56,.T.);
#1394=ADVANCED_FACE('',(#415),#33,.T.);
#1395=ADVANCED_FACE('',(#416),#348,.F.);
#1396=ADVANCED_FACE('',(#417),#349,.F.);
#1397=ADVANCED_FACE('',(#418),#350,.F.);
#1398=ADVANCED_FACE('',(#419),#57,.T.);
#1399=ADVANCED_FACE('',(#420),#34,.T.);
#1400=ADVANCED_FACE('',(#421),#58,.T.);
#1401=ADVANCED_FACE('',(#422),#351,.F.);
#1402=ADVANCED_FACE('',(#423),#35,.T.);
#1403=ADVANCED_FACE('',(#424),#59,.T.);
#1404=ADVANCED_FACE('',(#425),#352,.F.);
#1405=ADVANCED_FACE('',(#426),#60,.T.);
#1406=ADVANCED_FACE('',(#427),#61,.T.);
#1407=ADVANCED_FACE('',(#428),#36,.T.);
#1408=ADVANCED_FACE('',(#429),#62,.T.);
#1409=ADVANCED_FACE('',(#430),#353,.F.);
#1410=ADVANCED_FACE('',(#431),#63,.T.);
#1411=ADVANCED_FACE('',(#432),#64,.T.);
#1412=ADVANCED_FACE('',(#433),#65,.T.);
#1413=ADVANCED_FACE('',(#434),#66,.T.);
#1414=ADVANCED_FACE('',(#435),#354,.F.);
#1415=ADVANCED_FACE('',(#436),#355,.T.);
#1416=ADVANCED_FACE('',(#437),#356,.F.);
#1417=ADVANCED_FACE('',(#438),#357,.T.);
#1418=ADVANCED_FACE('',(#439),#358,.T.);
#1419=ADVANCED_FACE('',(#440),#1359,.T.);
#1420=ADVANCED_FACE('',(#441),#359,.T.);
#1421=ADVANCED_FACE('',(#442),#360,.F.);
#1422=ADVANCED_FACE('',(#443),#361,.T.);
#1423=ADVANCED_FACE('',(#444),#362,.F.);
#1424=ADVANCED_FACE('',(#445),#1360,.F.);
#1425=ADVANCED_FACE('',(#446),#363,.F.);
#1426=ADVANCED_FACE('',(#447),#364,.F.);
#1427=ADVANCED_FACE('',(#448),#365,.T.);
#1428=ADVANCED_FACE('',(#449),#366,.T.);
#1429=ADVANCED_FACE('',(#450),#367,.T.);
#1430=ADVANCED_FACE('',(#451),#368,.T.);
#1431=ADVANCED_FACE('',(#452),#369,.F.);
#1432=ADVANCED_FACE('',(#453),#1361,.T.);
#1433=ADVANCED_FACE('',(#454),#370,.T.);
#1434=ADVANCED_FACE('',(#455),#371,.T.);
#1435=ADVANCED_FACE('',(#456),#372,.T.);
#1436=ADVANCED_FACE('',(#457),#373,.T.);
#1437=ADVANCED_FACE('',(#458),#374,.F.);
#1438=ADVANCED_FACE('',(#459),#1362,.F.);
#1439=ADVANCED_FACE('',(#460),#375,.F.);
#1440=ADVANCED_FACE('',(#461),#376,.F.);
#1441=ADVANCED_FACE('',(#462),#377,.F.);
#1442=ADVANCED_FACE('',(#463),#378,.F.);
#1443=ADVANCED_FACE('',(#464),#379,.T.);
#1444=ADVANCED_FACE('',(#465),#1363,.F.);
#1445=ADVANCED_FACE('',(#466),#380,.F.);
#1446=ADVANCED_FACE('',(#467),#381,.F.);
#1447=ADVANCED_FACE('',(#468),#382,.F.);
#1448=ADVANCED_FACE('',(#469),#383,.F.);
#1449=ADVANCED_FACE('',(#470),#384,.T.);
#1450=CLOSED_SHELL('',(#1364,#1365,#1366,#1367,#1368,#1369,#1370,#1371,
#1372,#1373,#1374,#1375,#1376,#1377,#1378,#1379,#1380,#1381,#1382,#1383,
#1384,#1385,#1386,#1387,#1388,#1389,#1390,#1391,#1392,#1393,#1394,#1395,
#1396,#1397,#1398,#1399,#1400,#1401,#1402,#1403,#1404,#1405,#1406,#1407,
#1408,#1409,#1410,#1411,#1412,#1413,#1414,#1415,#1416,#1417,#1418,#1419,
#1420,#1421,#1422,#1423,#1424,#1425,#1426,#1427,#1428,#1429,#1430,#1431));
#1451=CLOSED_SHELL('',(#1432,#1433,#1434,#1435,#1436,#1437));
#1452=CLOSED_SHELL('',(#1438,#1439,#1440,#1441,#1442,#1443));
#1453=CLOSED_SHELL('',(#1444,#1445,#1446,#1447,#1448,#1449));
#1454=DERIVED_UNIT_ELEMENT(#1456,1.);
#1455=DERIVED_UNIT_ELEMENT(#3328,-3.);
#1456=(
MASS_UNIT()
NAMED_UNIT(*)
SI_UNIT(.KILO.,.GRAM.)
);
#1457=DERIVED_UNIT((#1454,#1455));
#1458=MEASURE_REPRESENTATION_ITEM('density measure',
POSITIVE_RATIO_MEASURE(7850.),#1457);
#1459=PROPERTY_DEFINITION_REPRESENTATION(#1464,#1461);
#1460=PROPERTY_DEFINITION_REPRESENTATION(#1465,#1462);
#1461=REPRESENTATION('material name',(#1463),#3325);
#1462=REPRESENTATION('density',(#1458),#3325);
#1463=DESCRIPTIVE_REPRESENTATION_ITEM('Steel','Steel');
#1464=PROPERTY_DEFINITION('material property','material name',#3335);
#1465=PROPERTY_DEFINITION('material property','density of part',#3335);
#1466=AXIS2_PLACEMENT_3D('',#1961,#1586,#1587);
#1467=AXIS2_PLACEMENT_3D('',#1989,#1588,#1589);
#1468=AXIS2_PLACEMENT_3D('',#1997,#1590,#1591);
#1469=AXIS2_PLACEMENT_3D('',#2041,#1592,#1593);
#1470=AXIS2_PLACEMENT_3D('',#2091,#1594,#1595);
#1471=AXIS2_PLACEMENT_3D('',#2144,#1596,#1597);
#1472=AXIS2_PLACEMENT_3D('',#2189,#1598,#1599);
#1473=AXIS2_PLACEMENT_3D('',#2248,#1600,#1601);
#1474=AXIS2_PLACEMENT_3D('',#2252,#1604,#1605);
#1475=AXIS2_PLACEMENT_3D('',#2256,#1607,#1608);
#1476=AXIS2_PLACEMENT_3D('',#2259,#1610,#1611);
#1477=AXIS2_PLACEMENT_3D('',#2260,#1612,#1613);
#1478=AXIS2_PLACEMENT_3D('',#2284,#1616,#1617);
#1479=AXIS2_PLACEMENT_3D('',#2288,#1619,#1620);
#1480=AXIS2_PLACEMENT_3D('',#2291,#1621,#1622);
#1481=AXIS2_PLACEMENT_3D('',#2292,#1623,#1624);
#1482=AXIS2_PLACEMENT_3D('',#2295,#1625,#1626);
#1483=AXIS2_PLACEMENT_3D('',#2299,#1628,#1629);
#1484=AXIS2_PLACEMENT_3D('',#2301,#1631,#1632);
#1485=AXIS2_PLACEMENT_3D('',#2304,#1635,#1636);
#1486=AXIS2_PLACEMENT_3D('',#2322,#1638,#1639);
#1487=AXIS2_PLACEMENT_3D('',#2325,#1641,#1642);
#1488=AXIS2_PLACEMENT_3D('',#2326,#1643,#1644);
#1489=AXIS2_PLACEMENT_3D('',#2329,#1645,#1646);
#1490=AXIS2_PLACEMENT_3D('',#2332,#1648,#1649);
#1491=AXIS2_PLACEMENT_3D('',#2334,#1651,#1652);
#1492=AXIS2_PLACEMENT_3D('',#2335,#1653,#1654);
#1493=AXIS2_PLACEMENT_3D('',#2336,#1655,#1656);
#1494=AXIS2_PLACEMENT_3D('',#2340,#1659,#1660);
#1495=AXIS2_PLACEMENT_3D('',#2343,#1661,#1662);
#1496=AXIS2_PLACEMENT_3D('',#2347,#1664,#1665);
#1497=AXIS2_PLACEMENT_3D('',#2349,#1667,#1668);
#1498=AXIS2_PLACEMENT_3D('',#2352,#1669,#1670);
#1499=AXIS2_PLACEMENT_3D('',#2355,#1672,#1673);
#1500=AXIS2_PLACEMENT_3D('',#2370,#1675,#1676);
#1501=AXIS2_PLACEMENT_3D('',#2371,#1677,#1678);
#1502=AXIS2_PLACEMENT_3D('',#2372,#1679,#1680);
#1503=AXIS2_PLACEMENT_3D('',#2380,#1684,#1685);
#1504=AXIS2_PLACEMENT_3D('',#2385,#1688,#1689);
#1505=AXIS2_PLACEMENT_3D('',#2394,#1695,#1696);
#1506=AXIS2_PLACEMENT_3D('',#2396,#1698,#1699);
#1507=AXIS2_PLACEMENT_3D('',#2401,#1702,#1703);
#1508=AXIS2_PLACEMENT_3D('',#2405,#1705,#1706);
#1509=AXIS2_PLACEMENT_3D('',#2407,#1708,#1709);
#1510=AXIS2_PLACEMENT_3D('',#2409,#1711,#1712);
#1511=AXIS2_PLACEMENT_3D('',#2411,#1714,#1715);
#1512=AXIS2_PLACEMENT_3D('',#2413,#1717,#1718);
#1513=AXIS2_PLACEMENT_3D('',#2416,#1721,#1722);
#1514=AXIS2_PLACEMENT_3D('',#2417,#1723,#1724);
#1515=AXIS2_PLACEMENT_3D('',#2420,#1727,#1728);
#1516=AXIS2_PLACEMENT_3D('',#2426,#1732,#1733);
#1517=AXIS2_PLACEMENT_3D('',#2429,#1734,#1735);
#1518=AXIS2_PLACEMENT_3D('',#2433,#1737,#1738);
#1519=AXIS2_PLACEMENT_3D('',#2435,#1740,#1741);
#1520=AXIS2_PLACEMENT_3D('',#2437,#1742,#1743);
#1521=AXIS2_PLACEMENT_3D('',#2438,#1744,#1745);
#1522=AXIS2_PLACEMENT_3D('',#2439,#1746,#1747);
#1523=AXIS2_PLACEMENT_3D('',#2453,#1755,#1756);
#1524=AXIS2_PLACEMENT_3D('',#2459,#1759,#1760);
#1525=AXIS2_PLACEMENT_3D('',#2463,#1762,#1763);
#1526=AXIS2_PLACEMENT_3D('',#2469,#1766,#1767);
#1527=AXIS2_PLACEMENT_3D('',#2478,#1773,#1774);
#1528=AXIS2_PLACEMENT_3D('',#2482,#1777,#1778);
#1529=AXIS2_PLACEMENT_3D('',#2485,#1780,#1781);
#1530=AXIS2_PLACEMENT_3D('',#2487,#1783,#1784);
#1531=AXIS2_PLACEMENT_3D('',#2488,#1785,#1786);
#1532=AXIS2_PLACEMENT_3D('',#2489,#1787,#1788);
#1533=AXIS2_PLACEMENT_3D('',#2492,#1790,#1791);
#1534=AXIS2_PLACEMENT_3D('',#2494,#1793,#1794);
#1535=AXIS2_PLACEMENT_3D('',#2495,#1795,#1796);
#1536=AXIS2_PLACEMENT_3D('',#2498,#1797,#1798);
#1537=AXIS2_PLACEMENT_3D('',#2500,#1799,#1800);
#1538=AXIS2_PLACEMENT_3D('',#2501,#1801,#1802);
#1539=AXIS2_PLACEMENT_3D('',#2502,#1803,#1804);
#1540=AXIS2_PLACEMENT_3D('',#2505,#1807,#1808);
#1541=AXIS2_PLACEMENT_3D('',#2514,#1814,#1815);
#1542=AXIS2_PLACEMENT_3D('',#2517,#1817,#1818);
#1543=AXIS2_PLACEMENT_3D('',#2518,#1819,#1820);
#1544=AXIS2_PLACEMENT_3D('',#2522,#1822,#1823);
#1545=AXIS2_PLACEMENT_3D('',#2524,#1825,#1826);
#1546=AXIS2_PLACEMENT_3D('',#2526,#1827,#1828);
#1547=AXIS2_PLACEMENT_3D('',#2527,#1829,#1830);
#1548=AXIS2_PLACEMENT_3D('',#2528,#1831,#1832);
#1549=AXIS2_PLACEMENT_3D('',#2531,#1835,#1836);
#1550=AXIS2_PLACEMENT_3D('',#2534,#1839,#1840);
#1551=AXIS2_PLACEMENT_3D('',#2536,#1842,#1843);
#1552=AXIS2_PLACEMENT_3D('',#2540,#1846,#1847);
#1553=AXIS2_PLACEMENT_3D('',#2542,#1849,#1850);
#1554=AXIS2_PLACEMENT_3D('',#2544,#1852,#1853);
#1555=AXIS2_PLACEMENT_3D('',#2546,#1855,#1856);
#1556=AXIS2_PLACEMENT_3D('',#2547,#1857,#1858);
#1557=AXIS2_PLACEMENT_3D('',#2548,#1859,#1860);
#1558=AXIS2_PLACEMENT_3D('',#2549,#1861,#1862);
#1559=AXIS2_PLACEMENT_3D('',#2581,#1865,#1866);
#1560=AXIS2_PLACEMENT_3D('',#2694,#1870,#1871);
#1561=AXIS2_PLACEMENT_3D('',#2696,#1873,#1874);
#1562=AXIS2_PLACEMENT_3D('',#2697,#1875,#1876);
#1563=AXIS2_PLACEMENT_3D('',#2729,#1879,#1880);
#1564=AXIS2_PLACEMENT_3D('',#2842,#1884,#1885);
#1565=AXIS2_PLACEMENT_3D('',#2844,#1887,#1888);
#1566=AXIS2_PLACEMENT_3D('',#2845,#1889,#1890);
#1567=AXIS2_PLACEMENT_3D('',#2848,#1893,#1894);
#1568=AXIS2_PLACEMENT_3D('',#2849,#1895,#1896);
#1569=AXIS2_PLACEMENT_3D('',#2850,#1897,#1898);
#1570=AXIS2_PLACEMENT_3D('',#2851,#1899,#1900);
#1571=AXIS2_PLACEMENT_3D('',#2992,#1903,#1904);
#1572=AXIS2_PLACEMENT_3D('',#2998,#1908,#1909);
#1573=AXIS2_PLACEMENT_3D('',#3004,#1913,#1914);
#1574=AXIS2_PLACEMENT_3D('',#3007,#1917,#1918);
#1575=AXIS2_PLACEMENT_3D('',#3008,#1919,#1920);
#1576=AXIS2_PLACEMENT_3D('',#3149,#1923,#1924);
#1577=AXIS2_PLACEMENT_3D('',#3155,#1928,#1929);
#1578=AXIS2_PLACEMENT_3D('',#3161,#1933,#1934);
#1579=AXIS2_PLACEMENT_3D('',#3164,#1937,#1938);
#1580=AXIS2_PLACEMENT_3D('',#3165,#1939,#1940);
#1581=AXIS2_PLACEMENT_3D('',#3306,#1943,#1944);
#1582=AXIS2_PLACEMENT_3D('',#3312,#1948,#1949);
#1583=AXIS2_PLACEMENT_3D('',#3318,#1953,#1954);
#1584=AXIS2_PLACEMENT_3D('',#3321,#1957,#1958);
#1585=AXIS2_PLACEMENT_3D('',#3322,#1959,#1960);
#1586=DIRECTION('axis',(0.,0.,1.));
#1587=DIRECTION('refdir',(1.,0.,0.));
#1588=DIRECTION('center_axis',(-0.307413125138369,0.951576150653568,3.41297129600593E-16));
#1589=DIRECTION('ref_axis',(-0.951576150653568,-0.307413125138369,0.));
#1590=DIRECTION('center_axis',(0.951626493813795,-0.307257247712179,0.));
#1591=DIRECTION('ref_axis',(0.,0.,1.));
#1592=DIRECTION('center_axis',(0.307413125138361,0.95157615065357,8.11039688751761E-15));
#1593=DIRECTION('ref_axis',(-0.95157615065357,0.307413125138361,0.));
#1594=DIRECTION('center_axis',(0.307413125138368,-0.951576150653568,-8.45169401711817E-15));
#1595=DIRECTION('ref_axis',(0.951576150653568,0.307413125138368,0.));
#1596=DIRECTION('center_axis',(-0.30741312513836,-0.951576150653571,0.));
#1597=DIRECTION('ref_axis',(0.951576150653571,-0.30741312513836,0.));
#1598=DIRECTION('center_axis',(-0.951626493813794,-0.307257247712182,-2.11303528855077E-15));
#1599=DIRECTION('ref_axis',(0.307257247712181,-0.951626493813794,0.));
#1600=DIRECTION('center_axis',(0.,-2.45595504908634E-16,-1.));
#1601=DIRECTION('ref_axis',(-1.,0.,0.));
#1602=DIRECTION('',(1.,0.,0.));
#1603=DIRECTION('',(0.,1.,-2.45595504908634E-16));
#1604=DIRECTION('center_axis',(1.,0.,0.));
#1605=DIRECTION('ref_axis',(0.,0.707106781186546,0.707106781186549));
#1606=DIRECTION('',(1.,0.,0.));
#1607=DIRECTION('center_axis',(1.,0.,0.));
#1608=DIRECTION('ref_axis',(0.,0.707106781186546,0.707106781186549));
#1609=DIRECTION('',(-1.,0.,0.));
#1610=DIRECTION('center_axis',(-1.,0.,0.));
#1611=DIRECTION('ref_axis',(0.,0.707106781186546,0.707106781186549));
#1612=DIRECTION('center_axis',(0.,-2.45595504908634E-16,-1.));
#1613=DIRECTION('ref_axis',(-1.,0.,0.));
#1614=DIRECTION('',(0.,-1.,2.45595504908634E-16));
#1615=DIRECTION('',(0.,9.33730811367844E-17,1.));
#1616=DIRECTION('center_axis',(0.,-2.83342814577345E-16,-1.));
#1617=DIRECTION('ref_axis',(1.,0.,0.));
#1618=DIRECTION('',(0.,-9.33730811367844E-17,-1.));
#1619=DIRECTION('center_axis',(0.,2.10341636010199E-17,1.));
#1620=DIRECTION('ref_axis',(1.,0.,0.));
#1621=DIRECTION('center_axis',(0.,2.10341636010199E-17,1.));
#1622=DIRECTION('ref_axis',(1.,0.,0.));
#1623=DIRECTION('center_axis',(1.,0.,0.));
#1624=DIRECTION('ref_axis',(0.,-0.707106781186548,-0.707106781186548));
#1625=DIRECTION('center_axis',(-0.707106781186548,0.,-0.707106781186547));
#1626=DIRECTION('ref_axis',(0.707106781186547,0.,-0.707106781186548));
#1627=DIRECTION('',(1.,0.,0.));
#1628=DIRECTION('center_axis',(0.707106781186548,0.,-0.707106781186547));
#1629=DIRECTION('ref_axis',(-0.707106781186547,0.,-0.707106781186548));
#1630=DIRECTION('',(-1.,0.,0.));
#1631=DIRECTION('center_axis',(0.,-2.83342814577345E-16,-1.));
#1632=DIRECTION('ref_axis',(-1.,0.,0.));
#1633=DIRECTION('',(0.,1.,-2.83342814577345E-16));
#1634=DIRECTION('',(0.,1.,-2.83342814577345E-16));
#1635=DIRECTION('center_axis',(0.,1.,-2.92429398301791E-16));
#1636=DIRECTION('ref_axis',(0.707106781186548,0.,0.707106781186548));
#1637=DIRECTION('',(0.,1.,-2.92429398301791E-16));
#1638=DIRECTION('center_axis',(0.,1.,0.));
#1639=DIRECTION('ref_axis',(0.,0.,1.));
#1640=DIRECTION('',(0.,-1.,2.92429398301791E-16));
#1641=DIRECTION('center_axis',(0.,-1.,3.81248688814187E-16));
#1642=DIRECTION('ref_axis',(0.707106781186548,0.,0.707106781186548));
#1643=DIRECTION('center_axis',(0.,-2.75320616684565E-16,-1.));
#1644=DIRECTION('ref_axis',(0.707106781186548,0.707106781186548,0.));
#1645=DIRECTION('center_axis',(0.,2.45712256883284E-16,1.));
#1646=DIRECTION('ref_axis',(0.707106781186548,0.707106781186548,0.));
#1647=DIRECTION('',(0.,2.75320616684565E-16,1.));
#1648=DIRECTION('center_axis',(0.,0.,1.));
#1649=DIRECTION('ref_axis',(1.,0.,0.));
#1650=DIRECTION('',(0.,-2.75320616684565E-16,-1.));
#1651=DIRECTION('center_axis',(-0.816496580927725,0.408248290463865,0.408248290463863));
#1652=DIRECTION('ref_axis',(0.577350269189626,0.577350269189626,0.577350269189625));
#1653=DIRECTION('center_axis',(-1.,0.,0.));
#1654=DIRECTION('ref_axis',(0.,0.707106781186548,0.707106781186548));
#1655=DIRECTION('center_axis',(-1.,0.,0.));
#1656=DIRECTION('ref_axis',(0.,0.,1.));
#1657=DIRECTION('',(0.,1.,-2.92429398301791E-16));
#1658=DIRECTION('',(0.,-3.81248688814187E-16,-1.));
#1659=DIRECTION('center_axis',(0.,2.75320616684565E-16,1.));
#1660=DIRECTION('ref_axis',(-0.707106781186548,0.707106781186548,0.));
#1661=DIRECTION('center_axis',(0.,2.45712256883284E-16,1.));
#1662=DIRECTION('ref_axis',(-0.707106781186548,0.707106781186548,0.));
#1663=DIRECTION('',(0.,2.75320616684565E-16,1.));
#1664=DIRECTION('center_axis',(0.,0.,1.));
#1665=DIRECTION('ref_axis',(0.,1.,0.));
#1666=DIRECTION('',(0.,-2.75320616684565E-16,-1.));
#1667=DIRECTION('center_axis',(0.,1.,-2.92429398301791E-16));
#1668=DIRECTION('ref_axis',(-0.707106781186548,0.,0.707106781186548));
#1669=DIRECTION('center_axis',(0.,-1.,3.81248688814187E-16));
#1670=DIRECTION('ref_axis',(-0.707106781186548,0.,0.707106781186548));
#1671=DIRECTION('',(0.,1.,-2.92429398301791E-16));
#1672=DIRECTION('center_axis',(0.,1.,0.));
#1673=DIRECTION('ref_axis',(-1.,0.,0.));
#1674=DIRECTION('',(0.,-1.,2.92429398301791E-16));
#1675=DIRECTION('center_axis',(-0.816496580927726,-0.408248290463863,-0.408248290463863));
#1676=DIRECTION('ref_axis',(-0.577350269189626,0.577350269189626,0.577350269189625));
#1677=DIRECTION('center_axis',(1.,0.,0.));
#1678=DIRECTION('ref_axis',(0.,0.707106781186548,0.707106781186548));
#1679=DIRECTION('center_axis',(0.,2.45712256883284E-16,1.));
#1680=DIRECTION('ref_axis',(1.,0.,0.));
#1681=DIRECTION('',(-1.,0.,0.));
#1682=DIRECTION('',(0.,1.,-2.45712256883284E-16));
#1683=DIRECTION('',(-1.,0.,0.));
#1684=DIRECTION('center_axis',(0.,-2.45712256883284E-16,-1.));
#1685=DIRECTION('ref_axis',(-0.707106781186547,-0.707106781186548,0.));
#1686=DIRECTION('',(0.,1.,-2.83342814577345E-16));
#1687=DIRECTION('',(0.,1.,-2.83342814577345E-16));
#1688=DIRECTION('center_axis',(0.,-2.45712256883284E-16,-1.));
#1689=DIRECTION('ref_axis',(0.707106781186547,-0.707106781186548,0.));
#1690=DIRECTION('',(-1.,0.,0.));
#1691=DIRECTION('',(0.,1.,-2.45712256883284E-16));
#1692=DIRECTION('',(-1.,0.,0.));
#1693=DIRECTION('',(0.,1.,-2.92429398301791E-16));
#1694=DIRECTION('',(-1.,0.,0.));
#1695=DIRECTION('center_axis',(1.,0.,0.));
#1696=DIRECTION('ref_axis',(0.,0.,-1.));
#1697=DIRECTION('',(0.,3.81248688814187E-16,1.));
#1698=DIRECTION('center_axis',(1.,0.,0.));
#1699=DIRECTION('ref_axis',(0.,0.707106781186548,0.707106781186548));
#1700=DIRECTION('',(-1.,0.,0.));
#1701=DIRECTION('',(1.,0.,0.));
#1702=DIRECTION('center_axis',(1.,0.,0.));
#1703=DIRECTION('ref_axis',(0.,0.707106781186548,0.707106781186548));
#1704=DIRECTION('',(1.,0.,0.));
#1705=DIRECTION('center_axis',(-1.,0.,0.));
#1706=DIRECTION('ref_axis',(0.,0.707106781186548,0.707106781186548));
#1707=DIRECTION('',(1.,0.,0.));
#1708=DIRECTION('center_axis',(0.,-1.,2.75320616684565E-16));
#1709=DIRECTION('ref_axis',(0.,-2.75320616684565E-16,-1.));
#1710=DIRECTION('',(0.,2.75320616684565E-16,1.));
#1711=DIRECTION('center_axis',(0.,-1.,2.75320616684565E-16));
#1712=DIRECTION('ref_axis',(0.,-2.75320616684565E-16,-1.));
#1713=DIRECTION('',(0.,-2.75320616684565E-16,-1.));
#1714=DIRECTION('center_axis',(0.,-2.92429398301791E-16,-1.));
#1715=DIRECTION('ref_axis',(-1.,0.,0.));
#1716=DIRECTION('',(1.,0.,0.));
#1717=DIRECTION('center_axis',(0.,-3.81067535713336E-16,-1.));
#1718=DIRECTION('ref_axis',(-0.707106781186547,-0.707106781186548,0.));
#1719=DIRECTION('',(0.,-3.81067535713336E-16,-1.));
#1720=DIRECTION('',(0.,3.81067535713336E-16,1.));
#1721=DIRECTION('center_axis',(-1.,0.,0.));
#1722=DIRECTION('ref_axis',(0.,0.,1.));
#1723=DIRECTION('center_axis',(0.,3.81067535713336E-16,1.));
#1724=DIRECTION('ref_axis',(0.707106781186547,-0.707106781186548,0.));
#1725=DIRECTION('',(0.,-3.81067535713336E-16,-1.));
#1726=DIRECTION('',(0.,3.81067535713336E-16,1.));
#1727=DIRECTION('center_axis',(0.,-1.,3.81067535713336E-16));
#1728=DIRECTION('ref_axis',(0.,-3.81067535713336E-16,-1.));
#1729=DIRECTION('',(0.,-3.81067535713336E-16,-1.));
#1730=DIRECTION('',(1.,0.,0.));
#1731=DIRECTION('',(0.,3.81067535713336E-16,1.));
#1732=DIRECTION('center_axis',(0.,3.81248688814187E-16,1.));
#1733=DIRECTION('ref_axis',(-0.707106781186548,0.707106781186547,0.));
#1734=DIRECTION('center_axis',(0.,2.45595504908634E-16,1.));
#1735=DIRECTION('ref_axis',(-0.707106781186548,0.707106781186547,0.));
#1736=DIRECTION('',(0.,3.81248688814187E-16,1.));
#1737=DIRECTION('center_axis',(0.,0.,-1.));
#1738=DIRECTION('ref_axis',(-1.,0.,0.));
#1739=DIRECTION('',(0.,-3.81248688814187E-16,-1.));
#1740=DIRECTION('center_axis',(-0.408248290463862,-0.816496580927728,0.408248290463862));
#1741=DIRECTION('ref_axis',(-0.577350269189626,0.577350269189625,0.577350269189626));
#1742=DIRECTION('center_axis',(0.,1.,-2.45595504908634E-16));
#1743=DIRECTION('ref_axis',(-0.707106781186548,0.,0.707106781186548));
#1744=DIRECTION('center_axis',(-1.,0.,0.));
#1745=DIRECTION('ref_axis',(0.,0.707106781186547,0.707106781186548));
#1746=DIRECTION('center_axis',(1.,0.,0.));
#1747=DIRECTION('ref_axis',(0.,0.,-1.));
#1748=DIRECTION('',(0.,1.,-2.45595504908634E-16));
#1749=DIRECTION('',(0.,2.83276944882399E-16,1.));
#1750=DIRECTION('',(0.,-1.,2.83276944882399E-16));
#1751=DIRECTION('',(0.,-2.83276944882399E-16,-1.));
#1752=DIRECTION('',(0.,1.,-2.45595504908634E-16));
#1753=DIRECTION('',(0.,-3.81248688814187E-16,-1.));
#1754=DIRECTION('',(0.,-1.,2.45595504908634E-16));
#1755=DIRECTION('center_axis',(0.,2.45595504908634E-16,1.));
#1756=DIRECTION('ref_axis',(1.,0.,0.));
#1757=DIRECTION('',(-1.,0.,0.));
#1758=DIRECTION('',(0.,1.,-2.85828292380623E-16));
#1759=DIRECTION('center_axis',(0.,2.45595504908634E-16,1.));
#1760=DIRECTION('ref_axis',(-0.707106781186548,0.707106781186547,0.));
#1761=DIRECTION('',(-1.,0.,0.));
#1762=DIRECTION('center_axis',(0.,2.45595504908634E-16,1.));
#1763=DIRECTION('ref_axis',(0.707106781186549,0.707106781186546,0.));
#1764=DIRECTION('',(0.,1.,-2.85828292380623E-16));
#1765=DIRECTION('',(-1.,0.,0.));
#1766=DIRECTION('center_axis',(0.,2.45595504908634E-16,1.));
#1767=DIRECTION('ref_axis',(0.707106781186548,0.707106781186547,0.));
#1768=DIRECTION('',(0.,1.,-2.45595504908634E-16));
#1769=DIRECTION('',(0.,1.,-2.45595504908634E-16));
#1770=DIRECTION('',(0.,1.,-2.45595504908634E-16));
#1771=DIRECTION('',(1.,0.,0.));
#1772=DIRECTION('',(0.,1.,-2.45595504908634E-16));
#1773=DIRECTION('center_axis',(0.,-1.,3.81248688814187E-16));
#1774=DIRECTION('ref_axis',(0.,-3.81248688814187E-16,-1.));
#1775=DIRECTION('',(-1.,0.,0.));
#1776=DIRECTION('',(0.,-3.81248688814187E-16,-1.));
#1777=DIRECTION('center_axis',(0.,2.80827651284104E-16,1.));
#1778=DIRECTION('ref_axis',(-0.707106781186548,0.707106781186547,0.));
#1779=DIRECTION('',(0.,2.80827651284104E-16,1.));
#1780=DIRECTION('center_axis',(0.,0.,-1.));
#1781=DIRECTION('ref_axis',(-1.,0.,0.));
#1782=DIRECTION('',(0.,-2.80827651284104E-16,-1.));
#1783=DIRECTION('center_axis',(-0.408248290463863,0.408248290463863,-0.816496580927726));
#1784=DIRECTION('ref_axis',(-0.577350269189626,0.577350269189626,0.577350269189626));
#1785=DIRECTION('center_axis',(0.,1.,-2.45595504908634E-16));
#1786=DIRECTION('ref_axis',(-0.707106781186547,0.,0.707106781186548));
#1787=DIRECTION('center_axis',(0.,1.,-2.45595504908634E-16));
#1788=DIRECTION('ref_axis',(-0.707106781186548,0.,0.707106781186548));
#1789=DIRECTION('',(0.,-1.,2.45595504908634E-16));
#1790=DIRECTION('center_axis',(-0.707106781186547,-0.707106781186548,0.));
#1791=DIRECTION('ref_axis',(-0.707106781186548,0.707106781186547,0.));
#1792=DIRECTION('',(0.,1.,-2.45595504908634E-16));
#1793=DIRECTION('center_axis',(1.,0.,0.));
#1794=DIRECTION('ref_axis',(0.,0.,-1.));
#1795=DIRECTION('center_axis',(0.408248290463863,-0.816496580927726,0.408248290463863));
#1796=DIRECTION('ref_axis',(0.577350269189626,0.577350269189625,0.577350269189626));
#1797=DIRECTION('center_axis',(0.,0.,1.));
#1798=DIRECTION('ref_axis',(1.,0.,0.));
#1799=DIRECTION('center_axis',(1.,0.,0.));
#1800=DIRECTION('ref_axis',(0.,0.707106781186547,0.707106781186548));
#1801=DIRECTION('center_axis',(0.,1.,-2.45595504908634E-16));
#1802=DIRECTION('ref_axis',(0.707106781186547,0.,0.707106781186548));
#1803=DIRECTION('center_axis',(0.,-3.81248688814187E-16,-1.));
#1804=DIRECTION('ref_axis',(0.707106781186548,0.707106781186547,0.));
#1805=DIRECTION('',(0.,3.81248688814187E-16,1.));
#1806=DIRECTION('',(0.,-3.81248688814187E-16,-1.));
#1807=DIRECTION('center_axis',(-1.,0.,0.));
#1808=DIRECTION('ref_axis',(0.,0.,1.));
#1809=DIRECTION('',(0.,1.,-2.45595504908634E-16));
#1810=DIRECTION('',(0.,3.81248688814187E-16,1.));
#1811=DIRECTION('',(0.,2.83276944882399E-16,1.));
#1812=DIRECTION('',(0.,1.,-2.83276944882399E-16));
#1813=DIRECTION('',(0.,-2.83276944882399E-16,-1.));
#1814=DIRECTION('center_axis',(0.,1.,-2.45595504908634E-16));
#1815=DIRECTION('ref_axis',(0.707106781186548,0.,0.707106781186548));
#1816=DIRECTION('',(0.,-1.,2.45595504908634E-16));
#1817=DIRECTION('center_axis',(0.707106781186549,0.707106781186546,0.));
#1818=DIRECTION('ref_axis',(0.707106781186546,-0.707106781186549,3.47324493899658E-16));
#1819=DIRECTION('center_axis',(1.,0.,0.));
#1820=DIRECTION('ref_axis',(0.,0.707106781186547,0.707106781186548));
#1821=DIRECTION('',(-1.,0.,0.));
#1822=DIRECTION('center_axis',(0.707106781186547,-0.707106781186548,0.));
#1823=DIRECTION('ref_axis',(-0.707106781186548,-0.707106781186547,0.));
#1824=DIRECTION('',(1.,0.,0.));
#1825=DIRECTION('center_axis',(0.408248290463863,-0.816496580927726,0.408248290463863));
#1826=DIRECTION('ref_axis',(0.577350269189626,0.577350269189626,0.577350269189626));
#1827=DIRECTION('center_axis',(0.,0.,1.));
#1828=DIRECTION('ref_axis',(1.,0.,0.));
#1829=DIRECTION('center_axis',(0.,1.,-2.45595504908634E-16));
#1830=DIRECTION('ref_axis',(0.707106781186547,0.,0.707106781186548));
#1831=DIRECTION('center_axis',(0.,-2.80827651284104E-16,-1.));
#1832=DIRECTION('ref_axis',(0.707106781186549,0.707106781186546,0.));
#1833=DIRECTION('',(0.,2.80827651284104E-16,1.));
#1834=DIRECTION('',(0.,-2.80827651284104E-16,-1.));
#1835=DIRECTION('center_axis',(-1.,0.,0.));
#1836=DIRECTION('ref_axis',(0.,0.,1.));
#1837=DIRECTION('',(0.,1.,-2.45595504908634E-16));
#1838=DIRECTION('',(0.,3.81248688814187E-16,1.));
#1839=DIRECTION('center_axis',(0.,1.,-2.45595504908634E-16));
#1840=DIRECTION('ref_axis',(0.707106781186548,0.,0.707106781186548));
#1841=DIRECTION('',(0.,-1.,2.45595504908634E-16));
#1842=DIRECTION('center_axis',(-1.,0.,0.));
#1843=DIRECTION('ref_axis',(0.,-0.707106781186549,0.707106781186546));
#1844=DIRECTION('',(-1.,0.,0.));
#1845=DIRECTION('',(-1.,0.,0.));
#1846=DIRECTION('center_axis',(0.707106781186549,-0.707106781186546,0.));
#1847=DIRECTION('ref_axis',(0.707106781186546,0.707106781186549,0.));
#1848=DIRECTION('',(-1.,0.,0.));
#1849=DIRECTION('center_axis',(0.,1.,-2.45595504908634E-16));
#1850=DIRECTION('ref_axis',(-0.707106781186548,0.,0.707106781186548));
#1851=DIRECTION('',(0.,1.,-2.45595504908634E-16));
#1852=DIRECTION('center_axis',(1.,0.,0.));
#1853=DIRECTION('ref_axis',(0.,0.707106781186547,0.707106781186548));
#1854=DIRECTION('',(1.,0.,0.));
#1855=DIRECTION('center_axis',(0.,-1.,3.81248688814187E-16));
#1856=DIRECTION('ref_axis',(0.,-3.81248688814187E-16,-1.));
#1857=DIRECTION('center_axis',(0.,-1.,3.81248688814187E-16));
#1858=DIRECTION('ref_axis',(0.,-3.81248688814187E-16,-1.));
#1859=DIRECTION('center_axis',(0.,-2.45595504908634E-16,-1.));
#1860=DIRECTION('ref_axis',(-1.,0.,0.));
#1861=DIRECTION('center_axis',(0.,1.,-2.83276944882399E-16));
#1862=DIRECTION('ref_axis',(0.,2.83276944882399E-16,1.));
#1863=DIRECTION('',(-0.999999999999999,1.3114708429553E-23,4.62964200457526E-8));
#1864=DIRECTION('',(0.999999999999993,-3.37235375663131E-23,-1.19047942924947E-7));
#1865=DIRECTION('center_axis',(-4.62964200457526E-8,-2.83276944882399E-16,
-0.999999999999999));
#1866=DIRECTION('ref_axis',(-0.999999999999999,0.,4.62964200457526E-8));
#1867=DIRECTION('',(0.999999999999999,-1.3114708429553E-23,-4.62964200457526E-8));
#1868=DIRECTION('',(0.,-1.,2.83276944882399E-16));
#1869=DIRECTION('',(0.,-1.,2.83276944882399E-16));
#1870=DIRECTION('center_axis',(1.19047942924947E-7,2.83276944882397E-16,
0.999999999999993));
#1871=DIRECTION('ref_axis',(0.999999999999993,0.,-1.19047942924947E-7));
#1872=DIRECTION('',(-0.999999999999993,3.37235375663131E-23,1.19047942924947E-7));
#1873=DIRECTION('center_axis',(0.,1.,-2.83276944882399E-16));
#1874=DIRECTION('ref_axis',(0.,2.83276944882399E-16,1.));
#1875=DIRECTION('center_axis',(0.,-1.,2.83276944882399E-16));
#1876=DIRECTION('ref_axis',(0.,-2.83276944882399E-16,-1.));
#1877=DIRECTION('',(-0.999999999999999,-1.3114708429553E-23,-4.62964200457526E-8));
#1878=DIRECTION('',(0.999999999999993,3.37235375663131E-23,1.19047942924947E-7));
#1879=DIRECTION('center_axis',(-4.62964200457526E-8,2.83276944882399E-16,
0.999999999999999));
#1880=DIRECTION('ref_axis',(0.999999999999999,0.,4.62964200457526E-8));
#1881=DIRECTION('',(0.999999999999999,1.3114708429553E-23,4.62964200457526E-8));
#1882=DIRECTION('',(0.,-1.,2.83276944882399E-16));
#1883=DIRECTION('',(0.,-1.,2.83276944882399E-16));
#1884=DIRECTION('center_axis',(1.19047942924947E-7,-2.83276944882397E-16,
-0.999999999999993));
#1885=DIRECTION('ref_axis',(-0.999999999999993,0.,-1.19047942924947E-7));
#1886=DIRECTION('',(-0.999999999999993,-3.37235375663131E-23,-1.19047942924947E-7));
#1887=DIRECTION('center_axis',(0.,-1.,2.83276944882399E-16));
#1888=DIRECTION('ref_axis',(0.,-2.83276944882399E-16,-1.));
#1889=DIRECTION('center_axis',(0.,-2.45712256883284E-16,-1.));
#1890=DIRECTION('ref_axis',(-1.,0.,0.));
#1891=DIRECTION('',(0.,1.,-2.45712256883284E-16));
#1892=DIRECTION('',(0.,1.,-2.45712256883284E-16));
#1893=DIRECTION('center_axis',(1.,0.,0.));
#1894=DIRECTION('ref_axis',(0.,0.,-1.));
#1895=DIRECTION('center_axis',(1.,0.,0.));
#1896=DIRECTION('ref_axis',(0.,0.,-1.));
#1897=DIRECTION('center_axis',(-1.,0.,0.));
#1898=DIRECTION('ref_axis',(0.,0.,1.));
#1899=DIRECTION('center_axis',(0.,-1.,2.80827651284104E-16));
#1900=DIRECTION('ref_axis',(0.,-2.80827651284104E-16,-1.));
#1901=DIRECTION('',(0.,-1.,2.83276944882399E-16));
#1902=DIRECTION('',(0.,-1.,2.83276944882399E-16));
#1903=DIRECTION('center_axis',(1.19047942924947E-7,2.83276944882397E-16,
0.999999999999993));
#1904=DIRECTION('ref_axis',(0.999999999999993,0.,-1.19047942924947E-7));
#1905=DIRECTION('',(0.999999999999993,-3.37235375663131E-23,-1.19047942924947E-7));
#1906=DIRECTION('',(-0.999999999999993,3.37235375663131E-23,1.19047942924947E-7));
#1907=DIRECTION('',(0.,-1.,2.83276944882399E-16));
#1908=DIRECTION('center_axis',(1.,0.,0.));
#1909=DIRECTION('ref_axis',(0.,0.,-1.));
#1910=DIRECTION('',(0.,-2.83276944882399E-16,-1.));
#1911=DIRECTION('',(0.,2.83276944882399E-16,1.));
#1912=DIRECTION('',(0.,-1.,2.83276944882399E-16));
#1913=DIRECTION('center_axis',(-4.62964200457526E-8,-2.83276944882399E-16,
-0.999999999999999));
#1914=DIRECTION('ref_axis',(-0.999999999999999,0.,4.62964200457526E-8));
#1915=DIRECTION('',(-0.999999999999999,1.3114708429553E-23,4.62964200457526E-8));
#1916=DIRECTION('',(0.999999999999999,-1.3114708429553E-23,-4.62964200457526E-8));
#1917=DIRECTION('center_axis',(0.,1.,-2.83276944882399E-16));
#1918=DIRECTION('ref_axis',(0.,2.83276944882399E-16,1.));
#1919=DIRECTION('center_axis',(0.,1.,-2.83276944882399E-16));
#1920=DIRECTION('ref_axis',(0.,2.83276944882399E-16,1.));
#1921=DIRECTION('',(0.,-1.,2.83276944882399E-16));
#1922=DIRECTION('',(0.,-1.,2.83276944882399E-16));
#1923=DIRECTION('center_axis',(1.19047942924947E-7,-2.83276944882397E-16,
-0.999999999999993));
#1924=DIRECTION('ref_axis',(-0.999999999999993,0.,-1.19047942924947E-7));
#1925=DIRECTION('',(-0.999999999999993,-3.37235375663131E-23,-1.19047942924947E-7));
#1926=DIRECTION('',(0.,-1.,2.83276944882399E-16));
#1927=DIRECTION('',(0.999999999999993,3.37235375663131E-23,1.19047942924947E-7));
#1928=DIRECTION('center_axis',(1.,0.,0.));
#1929=DIRECTION('ref_axis',(0.,0.,-1.));
#1930=DIRECTION('',(0.,-2.83276944882399E-16,-1.));
#1931=DIRECTION('',(0.,-1.,2.83276944882399E-16));
#1932=DIRECTION('',(0.,2.83276944882399E-16,1.));
#1933=DIRECTION('center_axis',(-4.62964200457526E-8,2.83276944882399E-16,
0.999999999999999));
#1934=DIRECTION('ref_axis',(0.999999999999999,0.,4.62964200457526E-8));
#1935=DIRECTION('',(0.999999999999999,1.3114708429553E-23,4.62964200457526E-8));
#1936=DIRECTION('',(-0.999999999999999,-1.3114708429553E-23,-4.62964200457526E-8));
#1937=DIRECTION('center_axis',(0.,-1.,2.83276944882399E-16));
#1938=DIRECTION('ref_axis',(0.,-2.83276944882399E-16,-1.));
#1939=DIRECTION('center_axis',(0.,-1.,2.83276944882399E-16));
#1940=DIRECTION('ref_axis',(0.,-2.83276944882399E-16,-1.));
#1941=DIRECTION('',(1.,-6.12323399573676E-17,6.12323399573677E-17));
#1942=DIRECTION('',(1.,-6.12323399573676E-17,6.12323399573677E-17));
#1943=DIRECTION('center_axis',(6.12323472469514E-17,1.19047942702902E-7,
-0.999999999999993));
#1944=DIRECTION('ref_axis',(-1.,0.,-6.12323472469518E-17));
#1945=DIRECTION('',(-6.12323326677831E-17,-0.999999999999993,-1.19047942702902E-7));
#1946=DIRECTION('',(1.,-6.12323399573676E-17,6.12323399573677E-17));
#1947=DIRECTION('',(6.12323326677831E-17,0.999999999999993,1.19047942702902E-7));
#1948=DIRECTION('center_axis',(6.12323399573677E-17,1.,-2.22044604925031E-16));
#1949=DIRECTION('ref_axis',(0.,2.22044604925031E-16,1.));
#1950=DIRECTION('',(6.12323399573678E-17,-2.22044604925031E-16,-1.));
#1951=DIRECTION('',(1.,-6.12323399573676E-17,6.12323399573677E-17));
#1952=DIRECTION('',(-6.12323399573678E-17,2.22044604925031E-16,1.));
#1953=DIRECTION('center_axis',(-6.12323427922057E-17,-4.6296419823708E-8,
0.999999999999999));
#1954=DIRECTION('ref_axis',(1.,0.,6.12323427922058E-17));
#1955=DIRECTION('',(6.12323371225295E-17,0.999999999999999,4.6296419823708E-8));
#1956=DIRECTION('',(-6.12323371225295E-17,-0.999999999999999,-4.6296419823708E-8));
#1957=DIRECTION('center_axis',(1.,-6.12323399573677E-17,6.12323399573678E-17));
#1958=DIRECTION('ref_axis',(6.12323399573678E-17,0.,-1.));
#1959=DIRECTION('center_axis',(1.,-6.12323399573677E-17,6.12323399573678E-17));
#1960=DIRECTION('ref_axis',(6.12323399573678E-17,0.,-1.));
#1961=CARTESIAN_POINT('',(0.,0.,0.));
#1962=CARTESIAN_POINT('Ctrl Pts',(-1.92369512687654,40.5241867530931,24.5));
#1963=CARTESIAN_POINT('Ctrl Pts',(-0.636791999780839,40.1086767652207,24.5));
#1964=CARTESIAN_POINT('Ctrl Pts',(2.16822754161408,38.5233998753082,24.5));
#1965=CARTESIAN_POINT('Ctrl Pts',(3.96994337218987,35.7941125709511,24.5));
#1966=CARTESIAN_POINT('Ctrl Pts',(4.52421192467321,34.0784124512407,24.5));
#1967=CARTESIAN_POINT('Ctrl Pts',(-1.92369512687654,40.5241867530931,24.6308996938996));
#1968=CARTESIAN_POINT('Ctrl Pts',(-0.636927191888358,40.1087204154922,24.6308996938996));
#1969=CARTESIAN_POINT('Ctrl Pts',(2.1680824853428,38.5233928976035,24.6308996938996));
#1970=CARTESIAN_POINT('Ctrl Pts',(3.97000165640176,35.7939321561885,24.6308996938996));
#1971=CARTESIAN_POINT('Ctrl Pts',(4.52421192467321,34.0784124512407,24.6308996938996));
#1972=CARTESIAN_POINT('Ctrl Pts',(-1.89037478614926,40.6273853570482,24.891555558167));
#1973=CARTESIAN_POINT('Ctrl Pts',(-0.58947622247663,40.2073565801855,24.891555558167));
#1974=CARTESIAN_POINT('Ctrl Pts',(2.24593718120385,38.6049275686465,24.891555558167));
#1975=CARTESIAN_POINT('Ctrl Pts',(4.06710278437118,35.8461268184966,24.891555558167));
#1976=CARTESIAN_POINT('Ctrl Pts',(4.62740506919239,34.1117496960085,24.891555558167));
#1977=CARTESIAN_POINT('Ctrl Pts',(-1.8102863826944,40.875432383253,25.));
#1978=CARTESIAN_POINT('Ctrl Pts',(-0.475968672321909,40.4446133697768,25.));
#1979=CARTESIAN_POINT('Ctrl Pts',(2.43248302191191,38.8008752714781,25.));
#1980=CARTESIAN_POINT('Ctrl Pts',(4.30072897872029,35.9708539248609,25.));
#1981=CARTESIAN_POINT('Ctrl Pts',(4.87543897315731,34.1918787298286,25.));
#1982=CARTESIAN_POINT('Ctrl Pts',(-1.77006650302045,41.,25.));
#1983=CARTESIAN_POINT('Ctrl Pts',(-0.418891403234389,40.5637381419745,25.));
#1984=CARTESIAN_POINT('Ctrl Pts',(2.52624508595853,38.8992827897256,25.));
#1985=CARTESIAN_POINT('Ctrl Pts',(4.41802242408543,36.0335905066299,25.));
#1986=CARTESIAN_POINT('Ctrl Pts',(4.99999999999999,34.2321190138099,25.));
#1987=CARTESIAN_POINT('',(4.52421192467321,34.0784124512407,24.5));
#1988=CARTESIAN_POINT('',(5.,34.2321190138099,25.));
#1989=CARTESIAN_POINT('Origin',(5.,34.2321190138099,24.5));
#1990=CARTESIAN_POINT('',(-1.77006650302045,41.,25.));
#1991=CARTESIAN_POINT('Ctrl Pts',(4.99999999999999,34.2321190138099,25.));
#1992=CARTESIAN_POINT('Ctrl Pts',(4.41802242408543,36.0335905066299,25.));
#1993=CARTESIAN_POINT('Ctrl Pts',(2.52624508595853,38.8992827897256,25.));
#1994=CARTESIAN_POINT('Ctrl Pts',(-0.418891403234389,40.5637381419745,25.));
#1995=CARTESIAN_POINT('Ctrl Pts',(-1.77006650302045,41.,25.));
#1996=CARTESIAN_POINT('',(-1.92369512687654,40.5241867530931,24.5));
#1997=CARTESIAN_POINT('Origin',(-1.77006650302045,41.,24.5));
#1998=CARTESIAN_POINT('Ctrl Pts',(-1.92369512687654,40.5241867530931,24.5));
#1999=CARTESIAN_POINT('Ctrl Pts',(-0.636791999780839,40.1086767652207,24.5));
#2000=CARTESIAN_POINT('Ctrl Pts',(2.16822754161408,38.5233998753082,24.5));
#2001=CARTESIAN_POINT('Ctrl Pts',(3.96994337218987,35.7941125709511,24.5));
#2002=CARTESIAN_POINT('Ctrl Pts',(4.52421192467321,34.0784124512407,24.5));
#2003=CARTESIAN_POINT('Ctrl Pts',(4.52421192467321,34.0784124512407,24.5));
#2004=CARTESIAN_POINT('Ctrl Pts',(4.7988144229031,33.2283993358026,24.5));
#2005=CARTESIAN_POINT('Ctrl Pts',(5.06518155970946,31.7518132683801,24.3850874855743));
#2006=CARTESIAN_POINT('Ctrl Pts',(4.9715944518482,29.6605950889301,24.4323522593198));
#2007=CARTESIAN_POINT('Ctrl Pts',(4.70728025682647,28.4963155906303,24.5));
#2008=CARTESIAN_POINT('Ctrl Pts',(4.52421192467321,27.9296401803382,24.5));
#2009=CARTESIAN_POINT('Ctrl Pts',(4.52421192467321,34.0784124512407,24.5747998250855));
#2010=CARTESIAN_POINT('Ctrl Pts',(4.80014157422292,33.2241887202771,24.5835252798329));
#2011=CARTESIAN_POINT('Ctrl Pts',(5.06458562932966,31.7483066016937,24.4786496990682));
#2012=CARTESIAN_POINT('Ctrl Pts',(4.97195178694716,29.6660352592206,24.522173284813));
#2013=CARTESIAN_POINT('Ctrl Pts',(4.70816502437302,28.4991226676473,24.5806167949171));
#2014=CARTESIAN_POINT('Ctrl Pts',(4.52421192467321,27.9296401803382,24.5747998250855));
#2015=CARTESIAN_POINT('Ctrl Pts',(4.55677559686942,34.0889323662564,24.7241225641979));
#2016=CARTESIAN_POINT('Ctrl Pts',(4.84407731384997,33.2258887636833,24.7501925823344));
#2017=CARTESIAN_POINT('Ctrl Pts',(5.11783878214454,31.7456618234537,24.6651688943621));
#2018=CARTESIAN_POINT('Ctrl Pts',(5.02211243451461,29.6694908574563,24.7012958663246));
#2019=CARTESIAN_POINT('Ctrl Pts',(4.74831007485646,28.494482667038,24.7415025762889));
#2020=CARTESIAN_POINT('Ctrl Pts',(4.55677559686942,27.9191202653225,24.7241225641979));
#2021=CARTESIAN_POINT('Ctrl Pts',(4.71594754773727,34.1403539438328,24.9344128286778));
#2022=CARTESIAN_POINT('Ctrl Pts',(5.04679538694811,33.2626270608423,24.9731405236093));
#2023=CARTESIAN_POINT('Ctrl Pts',(5.37174681801369,31.7574575407779,24.8926764769227));
#2024=CARTESIAN_POINT('Ctrl Pts',(5.25733032886433,29.6480910033746,24.9276021223111));
#2025=CARTESIAN_POINT('Ctrl Pts',(4.93651277387783,28.4528499430732,24.9602312919655));
#2026=CARTESIAN_POINT('Ctrl Pts',(4.71594754773727,27.8676986877462,24.9344128286778));
#2027=CARTESIAN_POINT('Ctrl Pts',(4.89323340556341,34.1976273418259,25.));
#2028=CARTESIAN_POINT('Ctrl Pts',(5.26218479939562,33.3106259404005,25.0208060898312));
#2029=CARTESIAN_POINT('Ctrl Pts',(5.62725233111772,31.7771796439202,24.9013157922131));
#2030=CARTESIAN_POINT('Ctrl Pts',(5.4984579123636,29.6140919303985,24.9515511346823));
#2031=CARTESIAN_POINT('Ctrl Pts',(5.13920100145154,28.40175955737,25.0138707265541));
#2032=CARTESIAN_POINT('Ctrl Pts',(4.89323340556341,27.810425289753,25.));
#2033=CARTESIAN_POINT('Ctrl Pts',(5.,34.2321190138099,25.));
#2034=CARTESIAN_POINT('Ctrl Pts',(5.3844405882164,33.3396119967657,25.));
#2035=CARTESIAN_POINT('Ctrl Pts',(5.75735411003665,31.789201340418,24.8467833140991));
#2036=CARTESIAN_POINT('Ctrl Pts',(5.62633219395179,29.5934261438864,24.9098030124264));
#2037=CARTESIAN_POINT('Ctrl Pts',(5.2562937254776,28.3709382957985,25.));
#2038=CARTESIAN_POINT('Ctrl Pts',(4.99999999999999,27.775933617769,25.));
#2039=CARTESIAN_POINT('',(4.52421192467321,27.9296401803382,24.5));
#2040=CARTESIAN_POINT('',(5.,27.775933617769,25.));
#2041=CARTESIAN_POINT('Origin',(5.,27.775933617769,24.5));
#2042=CARTESIAN_POINT('Ctrl Pts',(4.99999999999999,27.775933617769,25.));
#2043=CARTESIAN_POINT('Ctrl Pts',(5.2562937254776,28.3709382957985,25.));
#2044=CARTESIAN_POINT('Ctrl Pts',(5.62633219395179,29.5934261438864,24.9098030124264));
#2045=CARTESIAN_POINT('Ctrl Pts',(5.75735411003665,31.789201340418,24.8467833140991));
#2046=CARTESIAN_POINT('Ctrl Pts',(5.3844405882164,33.3396119967657,25.));
#2047=CARTESIAN_POINT('Ctrl Pts',(5.,34.2321190138099,25.));
#2048=CARTESIAN_POINT('Ctrl Pts',(4.52421192467321,34.0784124512407,24.5));
#2049=CARTESIAN_POINT('Ctrl Pts',(4.7988144229031,33.2283993358026,24.5));
#2050=CARTESIAN_POINT('Ctrl Pts',(5.06518155970946,31.7518132683801,24.3850874855743));
#2051=CARTESIAN_POINT('Ctrl Pts',(4.9715944518482,29.6605950889301,24.4323522593198));
#2052=CARTESIAN_POINT('Ctrl Pts',(4.70728025682647,28.4963155906303,24.5));
#2053=CARTESIAN_POINT('Ctrl Pts',(4.52421192467321,27.9296401803382,24.5));
#2054=CARTESIAN_POINT('Ctrl Pts',(4.52421192467321,27.9296401803382,24.5));
#2055=CARTESIAN_POINT('Ctrl Pts',(3.78687256881109,25.6472570008274,24.5));
#2056=CARTESIAN_POINT('Ctrl Pts',(0.602849547940106,21.6463700928629,24.5));
#2057=CARTESIAN_POINT('Ctrl Pts',(-6.95407832440319,20.2699548504315,24.5));
#2058=CARTESIAN_POINT('Ctrl Pts',(-12.4388223034336,23.5554832428211,24.5));
#2059=CARTESIAN_POINT('Ctrl Pts',(-14.1555422467421,26.7884485905828,24.5));
#2060=CARTESIAN_POINT('Ctrl Pts',(-14.5242119246732,27.9296401803382,24.5));
#2061=CARTESIAN_POINT('Ctrl Pts',(4.52421192467321,27.9296401803382,24.6308996938996));
#2062=CARTESIAN_POINT('Ctrl Pts',(3.78695010386708,25.6474970052517,24.6308996938996));
#2063=CARTESIAN_POINT('Ctrl Pts',(0.602657915355138,21.6464859566214,24.6308996938996));
#2064=CARTESIAN_POINT('Ctrl Pts',(-6.95401269875536,20.2702812340013,24.6308996938996));
#2065=CARTESIAN_POINT('Ctrl Pts',(-12.4387174197748,23.5556010554207,24.6308996938996));
#2066=CARTESIAN_POINT('Ctrl Pts',(-14.1555810142701,26.7885685927949,24.6308996938996));
#2067=CARTESIAN_POINT('Ctrl Pts',(-14.5242119246732,27.9296401803382,24.6308996938996));
#2068=CARTESIAN_POINT('Ctrl Pts',(4.62740507649749,27.8963029332105,24.8915555504902));
#2069=CARTESIAN_POINT('Ctrl Pts',(3.88203909113327,25.5890738750441,24.8915555504902));
#2070=CARTESIAN_POINT('Ctrl Pts',(0.663607821690465,21.5448795582263,24.8915555504902));
#2071=CARTESIAN_POINT('Ctrl Pts',(-6.97526508423013,20.1534756341282,24.8915555504902));
#2072=CARTESIAN_POINT('Ctrl Pts',(-12.5194461244518,23.4746741191309,24.8915555504902));
#2073=CARTESIAN_POINT('Ctrl Pts',(-14.2547220838154,26.7426884041273,24.8915555504902));
#2074=CARTESIAN_POINT('Ctrl Pts',(-14.6274050764975,27.8963029332105,24.8915555504902));
#2075=CARTESIAN_POINT('Ctrl Pts',(4.87543897315731,27.8161739017504,25.));
#2076=CARTESIAN_POINT('Ctrl Pts',(4.11090651825414,25.4496163575367,25.));
#2077=CARTESIAN_POINT('Ctrl Pts',(0.809333697406634,21.3011267085297,25.));
#2078=CARTESIAN_POINT('Ctrl Pts',(-7.02608248621954,19.8740389375669,25.));
#2079=CARTESIAN_POINT('Ctrl Pts',(-12.7130618548565,23.2806340488954,25.));
#2080=CARTESIAN_POINT('Ctrl Pts',(-14.4931727457057,26.6328951296435,25.));
#2081=CARTESIAN_POINT('Ctrl Pts',(-14.8754389731573,27.8161739017503,25.));
#2082=CARTESIAN_POINT('Ctrl Pts',(5.,27.775933617769,25.));
#2083=CARTESIAN_POINT('Ctrl Pts',(4.22579953521007,25.3794494149966,25.));
#2084=CARTESIAN_POINT('Ctrl Pts',(0.88262190973057,21.1786517394494,25.));
#2085=CARTESIAN_POINT('Ctrl Pts',(-7.05163882703244,19.7335277455528,25.));
#2086=CARTESIAN_POINT('Ctrl Pts',(-12.8103522337451,23.1831234436935,25.));
#2087=CARTESIAN_POINT('Ctrl Pts',(-14.612899767605,26.5776915163828,25.));
#2088=CARTESIAN_POINT('Ctrl Pts',(-15.,27.775933617769,25.));
#2089=CARTESIAN_POINT('',(-14.5242119246732,27.9296401803382,24.5));
#2090=CARTESIAN_POINT('',(-15.,27.775933617769,25.));
#2091=CARTESIAN_POINT('Origin',(-15.,27.775933617769,24.5));
#2092=CARTESIAN_POINT('Ctrl Pts',(-15.,27.775933617769,25.));
#2093=CARTESIAN_POINT('Ctrl Pts',(-14.612899767605,26.5776915163828,25.));
#2094=CARTESIAN_POINT('Ctrl Pts',(-12.8103522337451,23.1831234436935,25.));
#2095=CARTESIAN_POINT('Ctrl Pts',(-7.05163882703244,19.7335277455528,25.));
#2096=CARTESIAN_POINT('Ctrl Pts',(0.88262190973057,21.1786517394494,25.));
#2097=CARTESIAN_POINT('Ctrl Pts',(4.22579953521007,25.3794494149966,25.));
#2098=CARTESIAN_POINT('Ctrl Pts',(5.,27.775933617769,25.));
#2099=CARTESIAN_POINT('Ctrl Pts',(4.52421192467321,27.9296401803382,24.5));
#2100=CARTESIAN_POINT('Ctrl Pts',(3.78687256881109,25.6472570008274,24.5));
#2101=CARTESIAN_POINT('Ctrl Pts',(0.602849547940106,21.6463700928629,24.5));
#2102=CARTESIAN_POINT('Ctrl Pts',(-6.95407832440319,20.2699548504315,24.5));
#2103=CARTESIAN_POINT('Ctrl Pts',(-12.4388223034336,23.5554832428211,24.5));
#2104=CARTESIAN_POINT('Ctrl Pts',(-14.1555422467421,26.7884485905828,24.5));
#2105=CARTESIAN_POINT('Ctrl Pts',(-14.5242119246732,27.9296401803382,24.5));
#2106=CARTESIAN_POINT('Ctrl Pts',(-14.5242119246732,27.9296401803382,24.5));
#2107=CARTESIAN_POINT('Ctrl Pts',(-14.7988144229031,28.7796532957764,24.5));
#2108=CARTESIAN_POINT('Ctrl Pts',(-15.0651803585645,30.2562424942025,24.3851172238028));
#2109=CARTESIAN_POINT('Ctrl Pts',(-14.971593667823,32.347460090988,24.4323686869326));
#2110=CARTESIAN_POINT('Ctrl Pts',(-14.7072802568265,33.5117370409486,24.5));
#2111=CARTESIAN_POINT('Ctrl Pts',(-14.5242119246732,34.0784124512407,24.5));
#2112=CARTESIAN_POINT('Ctrl Pts',(-14.5242119246732,27.9296401803382,24.5747998250855));
#2113=CARTESIAN_POINT('Ctrl Pts',(-14.8001415742229,28.7838639113019,24.5835252798329));
#2114=CARTESIAN_POINT('Ctrl Pts',(-15.0645826264206,30.2597460084829,24.4786815520363));
#2115=CARTESIAN_POINT('Ctrl Pts',(-14.9719497427897,32.3420183466707,24.5221911077689));
#2116=CARTESIAN_POINT('Ctrl Pts',(-14.708165024373,33.5089299639316,24.5806167949171));
#2117=CARTESIAN_POINT('Ctrl Pts',(-14.5242119246732,34.0784124512407,24.5747998250855));
#2118=CARTESIAN_POINT('Ctrl Pts',(-14.5567770327774,27.9191198014427,24.7241201385702));
#2119=CARTESIAN_POINT('Ctrl Pts',(-14.8440787497579,28.7821634040159,24.7501901567067));
#2120=CARTESIAN_POINT('Ctrl Pts',(-15.1178378188852,30.2623855372563,24.6652039981419));
#2121=CARTESIAN_POINT('Ctrl Pts',(-15.022112233792,32.3385603377977,24.7013150191989));
#2122=CARTESIAN_POINT('Ctrl Pts',(-14.7483115107644,33.5135704284208,24.7415001506612));
#2123=CARTESIAN_POINT('Ctrl Pts',(-14.5567770327774,34.0889328301362,24.7241201385702));
#2124=CARTESIAN_POINT('Ctrl Pts',(-14.7159495518739,27.8676980402963,24.9344078166823));
#2125=CARTESIAN_POINT('Ctrl Pts',(-15.0467973910847,28.7454249232868,24.9731355116138));
#2126=CARTESIAN_POINT('Ctrl Pts',(-15.3717459181915,30.2505886189304,24.8927078153854));
#2127=CARTESIAN_POINT('Ctrl Pts',(-15.2573305641516,32.3599597225644,24.9276176037547));
#2128=CARTESIAN_POINT('Ctrl Pts',(-14.9365147780145,33.5552033359557,24.96022627997));
#2129=CARTESIAN_POINT('Ctrl Pts',(-14.7159495518739,34.1403545912827,24.9344078166823));
#2130=CARTESIAN_POINT('Ctrl Pts',(-14.8932334055634,27.810425289753,25.));
#2131=CARTESIAN_POINT('Ctrl Pts',(-15.2621847993956,28.6974266911785,25.0208060898312));
#2132=CARTESIAN_POINT('Ctrl Pts',(-15.6272535185927,30.2308726561152,24.9013654895935));
#2133=CARTESIAN_POINT('Ctrl Pts',(-15.4984588622394,32.3939613584281,24.951580180963));
#2134=CARTESIAN_POINT('Ctrl Pts',(-15.1392010014516,33.606293074209,25.0138707265541));
#2135=CARTESIAN_POINT('Ctrl Pts',(-14.8932334055634,34.1976273418259,25.));
#2136=CARTESIAN_POINT('Ctrl Pts',(-15.,27.775933617769,25.));
#2137=CARTESIAN_POINT('Ctrl Pts',(-15.3844405882164,28.6684406348132,25.));
#2138=CARTESIAN_POINT('Ctrl Pts',(-15.757352427702,30.2188545790202,24.8468229650704));
#2139=CARTESIAN_POINT('Ctrl Pts',(-15.6263310959093,32.4146291635501,24.9098249159102));
#2140=CARTESIAN_POINT('Ctrl Pts',(-15.2562937254776,33.6371143357804,25.));
#2141=CARTESIAN_POINT('Ctrl Pts',(-15.,34.2321190138099,25.));
#2142=CARTESIAN_POINT('',(-14.5242119246732,34.0784124512407,24.5));
#2143=CARTESIAN_POINT('',(-15.,34.2321190138099,25.));
#2144=CARTESIAN_POINT('Origin',(-15.,34.2321190138099,24.5));
#2145=CARTESIAN_POINT('Ctrl Pts',(-15.,34.2321190138099,25.));
#2146=CARTESIAN_POINT('Ctrl Pts',(-15.2562937254776,33.6371143357804,25.));
#2147=CARTESIAN_POINT('Ctrl Pts',(-15.6263310959093,32.4146291635501,24.9098249159102));
#2148=CARTESIAN_POINT('Ctrl Pts',(-15.757352427702,30.2188545790202,24.8468229650704));
#2149=CARTESIAN_POINT('Ctrl Pts',(-15.3844405882164,28.6684406348132,25.));
#2150=CARTESIAN_POINT('Ctrl Pts',(-15.,27.775933617769,25.));
#2151=CARTESIAN_POINT('',(-15.0084410509918,31.0041145596377,24.4121842061764));
#2152=CARTESIAN_POINT('Ctrl Pts',(-14.5242119246732,27.9296401803382,24.5));
#2153=CARTESIAN_POINT('Ctrl Pts',(-14.7988144229031,28.7796532957764,24.5));
#2154=CARTESIAN_POINT('Ctrl Pts',(-14.9852635557347,29.813226807763,24.4195850852847));
#2155=CARTESIAN_POINT('Ctrl Pts',(-15.008450336285,30.8551971388943,24.4119952573557));
#2156=CARTESIAN_POINT('Ctrl Pts',(-15.008441056974,31.0040250375495,24.4121840924359));
#2157=CARTESIAN_POINT('Ctrl Pts',(-15.0084410509918,31.0041145596377,24.4121842061764));
#2158=CARTESIAN_POINT('Ctrl Pts',(-15.0084092088247,31.4507254070044,24.4127524044217));
#2159=CARTESIAN_POINT('Ctrl Pts',(-14.9385565787106,32.4929855155299,24.4408220669869));
#2160=CARTESIAN_POINT('Ctrl Pts',(-14.7072802568265,33.5117370409486,24.5));
#2161=CARTESIAN_POINT('Ctrl Pts',(-14.5242119246732,34.0784124512407,24.5));
#2162=CARTESIAN_POINT('Ctrl Pts',(-14.5242119246732,34.0784124512407,24.5));
#2163=CARTESIAN_POINT('Ctrl Pts',(-14.1085105103107,35.3651875410235,24.5));
#2164=CARTESIAN_POINT('Ctrl Pts',(-12.5220007555749,38.169782847249,24.5));
#2165=CARTESIAN_POINT('Ctrl Pts',(-9.79217570925105,39.9701734359299,24.5));
#2166=CARTESIAN_POINT('Ctrl Pts',(-8.07630487312345,40.5241867530931,24.5));
#2167=CARTESIAN_POINT('Ctrl Pts',(-14.5242119246732,34.0784124512407,24.6308996938996));
#2168=CARTESIAN_POINT('Ctrl Pts',(-14.1085542234696,35.3650522299516,24.6308996938996));
#2169=CARTESIAN_POINT('Ctrl Pts',(-12.5219922343542,38.1696333440572,24.6308996938996));
#2170=CARTESIAN_POINT('Ctrl Pts',(-9.79199545310771,39.970231636292,24.6308996938996));
#2171=CARTESIAN_POINT('Ctrl Pts',(-8.07630487312345,40.5241867530931,24.6308996938996));
#2172=CARTESIAN_POINT('Ctrl Pts',(-14.6274142646411,34.1117526666605,24.89154589478));
#2173=CARTESIAN_POINT('Ctrl Pts',(-14.2071875510251,35.4125355085267,24.89154589478));
#2174=CARTESIAN_POINT('Ctrl Pts',(-12.6034962115133,38.2475431277359,24.89154589478));
#2175=CARTESIAN_POINT('Ctrl Pts',(-9.84415960122661,40.067356183833,24.89154589478));
#2176=CARTESIAN_POINT('Ctrl Pts',(-8.10962818299644,40.6273945529833,24.89154589478));
#2177=CARTESIAN_POINT('Ctrl Pts',(-14.8754389731573,34.1918787298286,25.));
#2178=CARTESIAN_POINT('Ctrl Pts',(-14.4444064773295,35.5261101261029,25.));
#2179=CARTESIAN_POINT('Ctrl Pts',(-12.7993394685175,38.4341845592506,25.));
#2180=CARTESIAN_POINT('Ctrl Pts',(-9.96880389780226,40.3010070319514,25.));
#2181=CARTESIAN_POINT('Ctrl Pts',(-8.18971361730559,40.875432383253,25.));
#2182=CARTESIAN_POINT('Ctrl Pts',(-15.,34.2321190138099,25.));
#2183=CARTESIAN_POINT('Ctrl Pts',(-14.5635168180641,35.583222633425,25.));
#2184=CARTESIAN_POINT('Ctrl Pts',(-12.8976989925601,38.5279998661814,25.));
#2185=CARTESIAN_POINT('Ctrl Pts',(-10.0315002966943,40.4183175226327,25.));
#2186=CARTESIAN_POINT('Ctrl Pts',(-8.22993349697954,41.,25.));
#2187=CARTESIAN_POINT('',(-8.07630487312345,40.5241867530931,24.5));
#2188=CARTESIAN_POINT('',(-8.22993349697954,41.,25.));
#2189=CARTESIAN_POINT('Origin',(-8.22993349697954,41.,24.5));
#2190=CARTESIAN_POINT('Ctrl Pts',(-8.22993349697954,41.,25.));
#2191=CARTESIAN_POINT('Ctrl Pts',(-10.0315002966943,40.4183175226327,25.));
#2192=CARTESIAN_POINT('Ctrl Pts',(-12.8976989925601,38.5279998661814,25.));
#2193=CARTESIAN_POINT('Ctrl Pts',(-14.5635168180641,35.583222633425,25.));
#2194=CARTESIAN_POINT('Ctrl Pts',(-15.,34.2321190138099,25.));
#2195=CARTESIAN_POINT('Ctrl Pts',(-14.5242119246732,34.0784124512407,24.5));
#2196=CARTESIAN_POINT('Ctrl Pts',(-14.1085105103107,35.3651875410235,24.5));
#2197=CARTESIAN_POINT('Ctrl Pts',(-12.5220007555749,38.169782847249,24.5));
#2198=CARTESIAN_POINT('Ctrl Pts',(-9.79217570925105,39.9701734359299,24.5));
#2199=CARTESIAN_POINT('Ctrl Pts',(-8.07630487312345,40.5241867530931,24.5));
#2200=CARTESIAN_POINT('Ctrl Pts',(-8.07630487312345,40.5241867530931,24.5));
#2201=CARTESIAN_POINT('Ctrl Pts',(-7.22573823897498,40.7988142090364,24.5));
#2202=CARTESIAN_POINT('Ctrl Pts',(-5.74823575473036,41.065180001044,24.3851183947188));
#2203=CARTESIAN_POINT('Ctrl Pts',(-3.65575177274877,40.9715948402792,24.4323682433516));
#2204=CARTESIAN_POINT('Ctrl Pts',(-2.49073954964218,40.7072717237219,24.5));
#2205=CARTESIAN_POINT('Ctrl Pts',(-1.92369512687654,40.5241867530931,24.5));
#2206=CARTESIAN_POINT('Ctrl Pts',(-8.07630487312345,40.5241867530931,24.5747998250855));
#2207=CARTESIAN_POINT('Ctrl Pts',(-7.22152935000524,40.8001400397618,24.583526127921));
#2208=CARTESIAN_POINT('Ctrl Pts',(-5.74473448657511,41.0645828886899,24.4786823295893));
#2209=CARTESIAN_POINT('Ctrl Pts',(-3.661190088365,40.9719504862681,24.5221909452242));
#2210=CARTESIAN_POINT('Ctrl Pts',(-2.49354547562199,40.7081556108722,24.5806173603091));
#2211=CARTESIAN_POINT('Ctrl Pts',(-1.92369512687654,40.5241867530931,24.5747998250855));
#2212=CARTESIAN_POINT('Ctrl Pts',(-8.08681991744804,40.5567535837779,24.7241201390406));
#2213=CARTESIAN_POINT('Ctrl Pts',(-7.22322789992638,40.8440766294888,24.7501926911049));
#2214=CARTESIAN_POINT('Ctrl Pts',(-5.74209666235354,41.117838539701,24.6652039830608));
#2215=CARTESIAN_POINT('Ctrl Pts',(-3.66464586441415,41.0221126410271,24.7013154068894));
#2216=CARTESIAN_POINT('Ctrl Pts',(-2.488908094233,40.7483022809185,24.7415018404168));
#2217=CARTESIAN_POINT('Ctrl Pts',(-1.91318008255194,40.5567535837779,24.7241201390406));
#2218=CARTESIAN_POINT('Ctrl Pts',(-8.13821560455264,40.7159345237904,24.9344078176488));
#2219=CARTESIAN_POINT('Ctrl Pts',(-7.25994516138438,41.0468011867157,24.9731392767965));
#2220=CARTESIAN_POINT('Ctrl Pts',(-5.75388619416168,41.3717448419172,24.8927073990451));
#2221=CARTESIAN_POINT('Ctrl Pts',(-3.6432596011958,41.2573322998919,24.9276183710548));
#2222=CARTESIAN_POINT('Ctrl Pts',(-2.44729802422609,40.9365122990739,24.9602287904139));
#2223=CARTESIAN_POINT('Ctrl Pts',(-1.86178439544735,40.7159345237904,24.9344078176488));
#2224=CARTESIAN_POINT('Ctrl Pts',(-8.19545931440187,40.893227757074,25.));
#2225=CARTESIAN_POINT('Ctrl Pts',(-7.30791685904207,41.262197042626,25.0208081121209));
#2226=CARTESIAN_POINT('Ctrl Pts',(-5.77358978956511,41.6272496654919,24.9013660015852));
#2227=CARTESIAN_POINT('Ctrl Pts',(-3.60927892217177,41.4984626550871,24.9515802327177));
#2228=CARTESIAN_POINT('Ctrl Pts',(-2.39623565583787,41.1392072807753,25.0138720747473));
#2229=CARTESIAN_POINT('Ctrl Pts',(-1.80454068559812,40.893227757074,25.));
#2230=CARTESIAN_POINT('Ctrl Pts',(-8.22993349697954,41.,25.));
#2231=CARTESIAN_POINT('Ctrl Pts',(-7.33688690118485,41.384457614952,25.));
#2232=CARTESIAN_POINT('Ctrl Pts',(-5.7856003295727,41.7573471782594,24.8468245262917));
#2233=CARTESIAN_POINT('Ctrl Pts',(-3.58862385844366,41.6263360041801,24.9098243244688));
#2234=CARTESIAN_POINT('Ctrl Pts',(-2.36543090021679,41.2563050766346,25.));
#2235=CARTESIAN_POINT('Ctrl Pts',(-1.77006650302044,41.,25.));
#2236=CARTESIAN_POINT('Ctrl Pts',(-1.77006650302044,41.,25.));
#2237=CARTESIAN_POINT('Ctrl Pts',(-2.36543090021679,41.2563050766346,25.));
#2238=CARTESIAN_POINT('Ctrl Pts',(-3.58862385844366,41.6263360041801,24.9098243244688));
#2239=CARTESIAN_POINT('Ctrl Pts',(-5.7856003295727,41.7573471782594,24.8468245262917));
#2240=CARTESIAN_POINT('Ctrl Pts',(-7.33688690118485,41.384457614952,25.));
#2241=CARTESIAN_POINT('Ctrl Pts',(-8.22993349697954,41.,25.));
#2242=CARTESIAN_POINT('Ctrl Pts',(-8.07630487312345,40.5241867530931,24.5));
#2243=CARTESIAN_POINT('Ctrl Pts',(-7.22573823897498,40.7988142090364,24.5));
#2244=CARTESIAN_POINT('Ctrl Pts',(-5.74823575473036,41.065180001044,24.3851183947188));
#2245=CARTESIAN_POINT('Ctrl Pts',(-3.65575177274877,40.9715948402792,24.4323682433516));
#2246=CARTESIAN_POINT('Ctrl Pts',(-2.49073954964218,40.7072717237219,24.5));
#2247=CARTESIAN_POINT('Ctrl Pts',(-1.92369512687654,40.5241867530931,24.5));
#2248=CARTESIAN_POINT('Origin',(-5.,-13.5,25.));
#2249=CARTESIAN_POINT('',(-15.,41.,25.));
#2250=CARTESIAN_POINT('',(-5.,41.,25.));
#2251=CARTESIAN_POINT('',(-15.,8.75000000000001,25.));
#2252=CARTESIAN_POINT('Origin',(-5.,41.,23.));
#2253=CARTESIAN_POINT('',(5.,41.,25.));
#2254=CARTESIAN_POINT('',(-5.,41.,25.));
#2255=CARTESIAN_POINT('',(5.,43.,23.));
#2256=CARTESIAN_POINT('Origin',(5.,41.,23.));
#2257=CARTESIAN_POINT('',(-15.,43.,23.));
#2258=CARTESIAN_POINT('',(-5.,43.,23.));
#2259=CARTESIAN_POINT('Origin',(-15.,41.,23.));
#2260=CARTESIAN_POINT('Origin',(-5.,-13.5,25.));
#2261=CARTESIAN_POINT('',(5.,8.75000000000001,25.));
#2262=CARTESIAN_POINT('Ctrl Pts',(-15.0085,31.0040263157895,0.991499999999995));
#2263=CARTESIAN_POINT('Ctrl Pts',(-15.0085,20.999552631579,0.991499999999996));
#2264=CARTESIAN_POINT('Ctrl Pts',(-5.,20.9995526315789,0.991499999999996));
#2265=CARTESIAN_POINT('Ctrl Pts',(5.0085,20.999552631579,0.991499999999996));
#2266=CARTESIAN_POINT('Ctrl Pts',(5.0085,31.0040263157895,0.991499999999995));
#2267=CARTESIAN_POINT('Ctrl Pts',(5.0085,41.0085,0.991499999999994));
#2268=CARTESIAN_POINT('Ctrl Pts',(-5.,41.0085,0.991499999999994));
#2269=CARTESIAN_POINT('Ctrl Pts',(-15.0085,41.0085,0.991499999999994));
#2270=CARTESIAN_POINT('Ctrl Pts',(-15.0085,31.0040263157895,0.991499999999995));
#2271=CARTESIAN_POINT('Ctrl Pts',(-15.0085,31.0040263157895,24.5));
#2272=CARTESIAN_POINT('Ctrl Pts',(-15.0085,20.999552631579,24.5));
#2273=CARTESIAN_POINT('Ctrl Pts',(-5.,20.9995526315789,24.5));
#2274=CARTESIAN_POINT('Ctrl Pts',(5.0085,20.999552631579,24.5));
#2275=CARTESIAN_POINT('Ctrl Pts',(5.0085,31.0040263157895,24.5));
#2276=CARTESIAN_POINT('Ctrl Pts',(5.0085,41.0085,24.5));
#2277=CARTESIAN_POINT('Ctrl Pts',(-5.,41.0085,24.5));
#2278=CARTESIAN_POINT('Ctrl Pts',(-15.0085,41.0085,24.5));
#2279=CARTESIAN_POINT('Ctrl Pts',(-15.0085,31.0040263157895,24.5));
#2280=CARTESIAN_POINT('',(-2.9983,21.2016840472223,0.991499999999998));
#2281=CARTESIAN_POINT('',(-2.9983,21.2016840472223,21.0051));
#2282=CARTESIAN_POINT('',(-2.9983,21.2016840472223,0.991499999999997));
#2283=CARTESIAN_POINT('',(-7.0017,21.2016840472223,21.0051));
#2284=CARTESIAN_POINT('Origin',(-5.,31.0040263157895,21.0051));
#2285=CARTESIAN_POINT('',(-7.0017,21.2016840472223,0.991499999999998));
#2286=CARTESIAN_POINT('',(-7.0017,21.2016840472223,0.991499999999997));
#2287=CARTESIAN_POINT('',(-15.0085,31.0040263157895,0.991499999999995));
#2288=CARTESIAN_POINT('Origin',(-5.,31.0040263157895,0.991499999999996));
#2289=CARTESIAN_POINT('Ctrl Pts',(-15.0085,31.0040263157895,0.991499999999995));
#2290=CARTESIAN_POINT('Ctrl Pts',(-15.0085,31.0040263157895,24.4121842061764));
#2291=CARTESIAN_POINT('Origin',(-5.,31.0040263157895,0.991499999999996));
#2292=CARTESIAN_POINT('Origin',(-5.,20.1085,23.0051));
#2293=CARTESIAN_POINT('',(-9.0017,18.1085,23.0051));
#2294=CARTESIAN_POINT('',(-7.0017,20.1085,21.0051));
#2295=CARTESIAN_POINT('Origin',(-9.0017,20.1085,23.0051));
#2296=CARTESIAN_POINT('',(-2.9983,20.1085,21.0051));
#2297=CARTESIAN_POINT('',(-5.,20.1085,21.0051));
#2298=CARTESIAN_POINT('',(-0.9983,18.1085,23.0051));
#2299=CARTESIAN_POINT('Origin',(-0.9983,20.1085,23.0051));
#2300=CARTESIAN_POINT('',(-5.,18.1085,23.0051));
#2301=CARTESIAN_POINT('Origin',(-5.,12.9959736842105,21.0051));
#2302=CARTESIAN_POINT('',(-7.0017,12.9959736842105,21.0051));
#2303=CARTESIAN_POINT('',(-2.9983,12.9959736842105,21.0051));
#2304=CARTESIAN_POINT('Origin',(17.2942142857143,-39.,22.0085));
#2305=CARTESIAN_POINT('',(19.0311448733502,-46.,22.9999999413691));
#2306=CARTESIAN_POINT('',(17.2942142857143,-45.7271154420015,24.0085));
#2307=CARTESIAN_POINT('Ctrl Pts',(19.0311448733502,-46.,22.9999999413691));
#2308=CARTESIAN_POINT('Ctrl Pts',(19.030336746122,-46.0000000000415,23.0014156357557));
#2309=CARTESIAN_POINT('Ctrl Pts',(19.0295274807571,-45.9999984969338,23.0028293038637));
#2310=CARTESIAN_POINT('Ctrl Pts',(18.9451490133674,-45.9996868288126,23.1498099937288));
#2311=CARTESIAN_POINT('Ctrl Pts',(18.835762482296,-45.9823322676625,23.2952513322763));
#2312=CARTESIAN_POINT('Ctrl Pts',(18.5825135505537,-45.9276106662251,23.5487547421935));
#2313=CARTESIAN_POINT('Ctrl Pts',(18.4386160129558,-45.891103450464,23.6569665624223));
#2314=CARTESIAN_POINT('Ctrl Pts',(18.1539795252855,-45.8255440385869,23.8217259263408));
#2315=CARTESIAN_POINT('Ctrl Pts',(17.988550792887,-45.7905244079559,23.8926488846426));
#2316=CARTESIAN_POINT('Ctrl Pts',(17.6425006819259,-45.7408186591905,23.9860783819236));
#2317=CARTESIAN_POINT('Ctrl Pts',(17.4617159167824,-45.7271154420015,24.0085));
#2318=CARTESIAN_POINT('Ctrl Pts',(17.2942142857143,-45.7271154420015,24.0085));
#2319=CARTESIAN_POINT('',(17.2942142857143,-30.9915,24.0085));
#2320=CARTESIAN_POINT('',(17.2942142857143,-39.,24.0085));
#2321=CARTESIAN_POINT('',(19.2942142857143,-30.9915,22.0085));
#2322=CARTESIAN_POINT('Origin',(17.2942142857143,-30.9915,22.0085));
#2323=CARTESIAN_POINT('',(19.2942142857143,-46.,22.0085));
#2324=CARTESIAN_POINT('',(19.2942142857143,-39.,22.0085));
#2325=CARTESIAN_POINT('Origin',(17.2942142857143,-46.,22.0085));
#2326=CARTESIAN_POINT('Origin',(17.2942142857143,-30.9915,12.5));
#2327=CARTESIAN_POINT('',(19.2942142857143,-30.9915,0.991500000000007));
#2328=CARTESIAN_POINT('',(17.2942142857143,-28.9915,0.991500000000006));
#2329=CARTESIAN_POINT('Origin',(17.2942142857143,-30.9915,0.991500000000007));
#2330=CARTESIAN_POINT('',(19.2942142857143,-30.9915,12.5));
#2331=CARTESIAN_POINT('',(17.2942142857143,-28.9915,22.0085));
#2332=CARTESIAN_POINT('Origin',(17.2942142857143,-30.9915,22.0085));
#2333=CARTESIAN_POINT('',(17.2942142857143,-28.9915,12.5));
#2334=CARTESIAN_POINT('Origin',(17.2942142857143,-30.9915,22.0085));
#2335=CARTESIAN_POINT('Origin',(17.2942142857143,-30.9915,22.0085));
#2336=CARTESIAN_POINT('Origin',(19.2942142857143,-39.,12.5));
#2337=CARTESIAN_POINT('',(19.2942142857143,-46.,0.991500000000011));
#2338=CARTESIAN_POINT('',(19.2942142857143,-39.,0.991500000000009));
#2339=CARTESIAN_POINT('',(19.2942142857143,-46.,12.5));
#2340=CARTESIAN_POINT('Origin',(-27.2942142857143,-30.9915,12.5));
#2341=CARTESIAN_POINT('',(-27.2942142857143,-28.9915,0.991500000000006));
#2342=CARTESIAN_POINT('',(-29.2942142857143,-30.9915,0.991500000000007));
#2343=CARTESIAN_POINT('Origin',(-27.2942142857143,-30.9915,0.991500000000007));
#2344=CARTESIAN_POINT('',(-27.2942142857143,-28.9915,22.0085));
#2345=CARTESIAN_POINT('',(-27.2942142857143,-28.9915,12.5));
#2346=CARTESIAN_POINT('',(-29.2942142857143,-30.9915,22.0085));
#2347=CARTESIAN_POINT('Origin',(-27.2942142857143,-30.9915,22.0085));
#2348=CARTESIAN_POINT('',(-29.2942142857143,-30.9915,12.5));
#2349=CARTESIAN_POINT('Origin',(-27.2942142857143,-39.,22.0085));
#2350=CARTESIAN_POINT('',(-29.2942142857143,-46.,22.0085));
#2351=CARTESIAN_POINT('',(-29.0311448733502,-46.,22.9999999413691));
#2352=CARTESIAN_POINT('Origin',(-27.2942142857143,-46.,22.0085));
#2353=CARTESIAN_POINT('',(-29.2942142857143,-39.,22.0085));
#2354=CARTESIAN_POINT('',(-27.2942142857143,-30.9915,24.0085));
#2355=CARTESIAN_POINT('Origin',(-27.2942142857143,-30.9915,22.0085));
#2356=CARTESIAN_POINT('',(-27.2942142857143,-45.7271154420015,24.0085));
#2357=CARTESIAN_POINT('',(-27.2942142857143,-39.,24.0085));
#2358=CARTESIAN_POINT('Ctrl Pts',(-27.2942142857143,-45.7271154420015,24.0085));
#2359=CARTESIAN_POINT('Ctrl Pts',(-27.4617159167824,-45.7271154420015,24.0085));
#2360=CARTESIAN_POINT('Ctrl Pts',(-27.6425006819259,-45.7408186591904,23.9860783819236));
#2361=CARTESIAN_POINT('Ctrl Pts',(-27.988550792887,-45.7905244079558,23.8926488846426));
#2362=CARTESIAN_POINT('Ctrl Pts',(-28.1539795252855,-45.8255440385869,23.8217259263408));
#2363=CARTESIAN_POINT('Ctrl Pts',(-28.4386160129558,-45.891103450464,23.6569665624223));
#2364=CARTESIAN_POINT('Ctrl Pts',(-28.5825135505537,-45.9276106662251,23.5487547421935));
#2365=CARTESIAN_POINT('Ctrl Pts',(-28.835762482296,-45.9823322676625,23.2952513322763));
#2366=CARTESIAN_POINT('Ctrl Pts',(-28.9451490133674,-45.9996868288126,23.1498099937288));
#2367=CARTESIAN_POINT('Ctrl Pts',(-29.0295274807571,-45.9999984969338,23.0028293038637));
#2368=CARTESIAN_POINT('Ctrl Pts',(-29.030336746122,-46.0000000000415,23.0014156357557));
#2369=CARTESIAN_POINT('Ctrl Pts',(-29.0311448733502,-46.,22.9999999413691));
#2370=CARTESIAN_POINT('Origin',(-27.2942142857143,-30.9915,22.0085));
#2371=CARTESIAN_POINT('Origin',(-27.2942142857143,-30.9915,22.0085));
#2372=CARTESIAN_POINT('Origin',(-5.,-10.5,0.9915));
#2373=CARTESIAN_POINT('',(17.0085,-28.9915,0.991500000000004));
#2374=CARTESIAN_POINT('',(-5.,-28.9915,0.991500000000006));
#2375=CARTESIAN_POINT('',(17.0085,18.1085,0.991499999999993));
#2376=CARTESIAN_POINT('',(17.0085,-10.5,0.9915));
#2377=CARTESIAN_POINT('',(-0.9983,18.1085,0.991499999999993));
#2378=CARTESIAN_POINT('',(-5.,18.1085,0.991499999999993));
#2379=CARTESIAN_POINT('',(-2.9983,20.1085,0.991499999999998));
#2380=CARTESIAN_POINT('Origin',(-0.9983,20.1085,0.99149999999999));
#2381=CARTESIAN_POINT('',(-2.9983,12.9959736842105,0.991500000000001));
#2382=CARTESIAN_POINT('',(-7.0017,20.1085,0.991499999999998));
#2383=CARTESIAN_POINT('',(-7.0017,12.9959736842105,0.991500000000001));
#2384=CARTESIAN_POINT('',(-9.0017,18.1085,0.991499999999993));
#2385=CARTESIAN_POINT('Origin',(-9.0017,20.1085,0.99149999999999));
#2386=CARTESIAN_POINT('',(-27.0085,18.1085,0.991499999999993));
#2387=CARTESIAN_POINT('',(-5.,18.1085,0.991499999999993));
#2388=CARTESIAN_POINT('',(-27.0085,-28.9915,0.991500000000004));
#2389=CARTESIAN_POINT('',(-27.0085,-10.5,0.9915));
#2390=CARTESIAN_POINT('',(-5.,-28.9915,0.991500000000006));
#2391=CARTESIAN_POINT('',(-29.2942142857143,-46.,0.991500000000011));
#2392=CARTESIAN_POINT('',(-29.2942142857143,-39.,0.991500000000009));
#2393=CARTESIAN_POINT('',(-5.,-46.,0.991500000000011));
#2394=CARTESIAN_POINT('Origin',(-29.2942142857143,-39.,12.5));
#2395=CARTESIAN_POINT('',(-29.2942142857143,-46.,12.5));
#2396=CARTESIAN_POINT('Origin',(-5.,-30.9915,22.0085));
#2397=CARTESIAN_POINT('',(-5.,-30.9915,24.0085));
#2398=CARTESIAN_POINT('',(-27.0085,-28.9915,22.0085));
#2399=CARTESIAN_POINT('',(-5.,-28.9915,22.0085));
#2400=CARTESIAN_POINT('',(-27.0085,-29.2594491924311,23.0085));
#2401=CARTESIAN_POINT('Origin',(-27.0085,-30.9915,22.0085));
#2402=CARTESIAN_POINT('',(17.0085,-29.2594491924311,23.0085));
#2403=CARTESIAN_POINT('',(-5.,-29.2594491924311,23.0085));
#2404=CARTESIAN_POINT('',(17.0085,-28.9915,22.0085));
#2405=CARTESIAN_POINT('Origin',(17.0085,-30.9915,22.0085));
#2406=CARTESIAN_POINT('',(-5.,-28.9915,22.0085));
#2407=CARTESIAN_POINT('Origin',(-5.,-28.9915,12.5));
#2408=CARTESIAN_POINT('',(17.0085,-28.9915,12.25));
#2409=CARTESIAN_POINT('Origin',(-5.,-28.9915,12.5));
#2410=CARTESIAN_POINT('',(-27.0085,-28.9915,12.25));
#2411=CARTESIAN_POINT('Origin',(-5.,-39.,24.0085));
#2412=CARTESIAN_POINT('',(-5.,-45.7271154420015,24.0085));
#2413=CARTESIAN_POINT('Origin',(-0.9983,20.1085,11.49915));
#2414=CARTESIAN_POINT('',(-2.9983,20.1085,11.49915));
#2415=CARTESIAN_POINT('',(-0.9983,18.1085,11.49915));
#2416=CARTESIAN_POINT('Origin',(-2.9983,12.9959736842105,10.9983));
#2417=CARTESIAN_POINT('Origin',(-9.0017,20.1085,11.49915));
#2418=CARTESIAN_POINT('',(-9.0017,18.1085,11.49915));
#2419=CARTESIAN_POINT('',(-7.0017,20.1085,11.49915));
#2420=CARTESIAN_POINT('Origin',(-5.,18.1085,12.));
#2421=CARTESIAN_POINT('',(17.0085,18.1085,23.0085));
#2422=CARTESIAN_POINT('',(17.0085,18.1085,12.));
#2423=CARTESIAN_POINT('',(-27.0085,18.1085,23.0085));
#2424=CARTESIAN_POINT('',(-5.,18.1085,23.0085));
#2425=CARTESIAN_POINT('',(-27.0085,18.1085,12.));
#2426=CARTESIAN_POINT('Origin',(-28.,17.,12.5));
#2427=CARTESIAN_POINT('',(-28.,19.,-4.83117089314927E-15));
#2428=CARTESIAN_POINT('',(-30.,17.,-4.33997988333201E-15));
#2429=CARTESIAN_POINT('Origin',(-28.,17.,-8.88178419700125E-15));
#2430=CARTESIAN_POINT('',(-30.,17.,23.));
#2431=CARTESIAN_POINT('',(-30.,17.,12.5));
#2432=CARTESIAN_POINT('',(-28.,19.,23.));
#2433=CARTESIAN_POINT('Origin',(-28.,17.,23.));
#2434=CARTESIAN_POINT('',(-28.,19.,12.5));
#2435=CARTESIAN_POINT('Origin',(-28.,17.,23.));
#2436=CARTESIAN_POINT('',(-28.,17.,25.));
#2437=CARTESIAN_POINT('Origin',(-28.,17.,23.));
#2438=CARTESIAN_POINT('Origin',(-28.,17.,23.));
#2439=CARTESIAN_POINT('Origin',(-30.,-13.5,12.5));
#2440=CARTESIAN_POINT('',(-30.,9.99999999999999,3.5998971661672E-13));
#2441=CARTESIAN_POINT('',(-30.,-13.5,3.15068301638134E-15));
#2442=CARTESIAN_POINT('',(-30.,9.99999999999999,5.00003169833062));
#2443=CARTESIAN_POINT('',(-30.,9.99999999999999,6.25000208333949));
#2444=CARTESIAN_POINT('',(-30.,-1.06581433970494E-14,5.00003169833062));
#2445=CARTESIAN_POINT('',(-30.,-1.75,5.00003169833063));
#2446=CARTESIAN_POINT('',(-30.,-1.24344978758016E-14,3.62822484477606E-13));
#2447=CARTESIAN_POINT('',(-30.,-1.06581410364015E-14,6.25000208333949));
#2448=CARTESIAN_POINT('',(-30.,-46.,1.1132536925912E-14));
#2449=CARTESIAN_POINT('',(-30.,-13.5,3.15068301638134E-15));
#2450=CARTESIAN_POINT('',(-30.,-46.,23.));
#2451=CARTESIAN_POINT('',(-30.,-46.,12.5));
#2452=CARTESIAN_POINT('',(-30.,-13.5,23.));
#2453=CARTESIAN_POINT('Origin',(-5.,-13.5,3.15068301638134E-15));
#2454=CARTESIAN_POINT('',(-17.,19.,-3.30036239421508E-15));
#2455=CARTESIAN_POINT('',(-5.,19.,-4.83117089314927E-15));
#2456=CARTESIAN_POINT('',(-17.,41.,-9.58858482658878E-15));
#2457=CARTESIAN_POINT('',(-17.,31.,-6.73030190278255E-15));
#2458=CARTESIAN_POINT('',(-15.,43.,-1.016024141135E-14));
#2459=CARTESIAN_POINT('Origin',(-15.,41.,-1.33226762955019E-14));
#2460=CARTESIAN_POINT('',(5.,43.,-1.016024141135E-14));
#2461=CARTESIAN_POINT('',(-5.,43.,-1.016024141135E-14));
#2462=CARTESIAN_POINT('',(7.,41.,-9.58858482658878E-15));
#2463=CARTESIAN_POINT('Origin',(5.,41.,-1.33226762955019E-14));
#2464=CARTESIAN_POINT('',(7.,19.,-3.30036239421508E-15));
#2465=CARTESIAN_POINT('',(7.,31.,-6.73030190278255E-15));
#2466=CARTESIAN_POINT('',(18.,19.,-4.83117089314927E-15));
#2467=CARTESIAN_POINT('',(-5.,19.,-4.83117089314927E-15));
#2468=CARTESIAN_POINT('',(20.,17.,-4.33997988333201E-15));
#2469=CARTESIAN_POINT('Origin',(18.,17.,-8.88178419700125E-15));
#2470=CARTESIAN_POINT('',(20.,-22.,3.67095143974321E-13));
#2471=CARTESIAN_POINT('',(20.,-13.5,3.15068301638134E-15));
#2472=CARTESIAN_POINT('',(20.,-32.,3.69927911835207E-13));
#2473=CARTESIAN_POINT('',(20.,-13.5,3.15068301638134E-15));
#2474=CARTESIAN_POINT('',(20.,-46.,1.1132536925912E-14));
#2475=CARTESIAN_POINT('',(20.,-13.5,3.15068301638134E-15));
#2476=CARTESIAN_POINT('',(-5.,-46.,1.1132536925912E-14));
#2477=CARTESIAN_POINT('',(-30.,-13.5,3.15068301638134E-15));
#2478=CARTESIAN_POINT('Origin',(-5.,19.,12.5));
#2479=CARTESIAN_POINT('',(-17.,19.,23.));
#2480=CARTESIAN_POINT('',(-5.,19.,23.));
#2481=CARTESIAN_POINT('',(-17.,19.,12.5));
#2482=CARTESIAN_POINT('Origin',(-15.,41.,12.5));
#2483=CARTESIAN_POINT('',(-17.,41.,23.));
#2484=CARTESIAN_POINT('',(-17.,41.,12.5));
#2485=CARTESIAN_POINT('Origin',(-15.,41.,23.));
#2486=CARTESIAN_POINT('',(-15.,43.,12.5));
#2487=CARTESIAN_POINT('Origin',(-15.,41.,23.));
#2488=CARTESIAN_POINT('Origin',(-15.,41.,23.));
#2489=CARTESIAN_POINT('Origin',(-15.,8.75000000000001,23.));
#2490=CARTESIAN_POINT('',(-17.,8.75000000000001,23.));
#2491=CARTESIAN_POINT('',(-15.,17.,25.));
#2492=CARTESIAN_POINT('Origin',(-15.,17.,23.));
#2493=CARTESIAN_POINT('',(-15.,8.75000000000001,25.));
#2494=CARTESIAN_POINT('Origin',(-17.,31.,12.5));
#2495=CARTESIAN_POINT('Origin',(18.,17.,23.));
#2496=CARTESIAN_POINT('',(20.,17.,23.));
#2497=CARTESIAN_POINT('',(18.,19.,23.));
#2498=CARTESIAN_POINT('Origin',(18.,17.,23.));
#2499=CARTESIAN_POINT('',(18.,17.,25.));
#2500=CARTESIAN_POINT('Origin',(18.,17.,23.));
#2501=CARTESIAN_POINT('Origin',(18.,17.,23.));
#2502=CARTESIAN_POINT('Origin',(18.,17.,12.5));
#2503=CARTESIAN_POINT('',(18.,19.,12.5));
#2504=CARTESIAN_POINT('',(20.,17.,12.5));
#2505=CARTESIAN_POINT('Origin',(20.,-13.5,12.5));
#2506=CARTESIAN_POINT('',(20.,-46.,23.));
#2507=CARTESIAN_POINT('',(20.,-13.5,23.));
#2508=CARTESIAN_POINT('',(20.,-46.,12.5));
#2509=CARTESIAN_POINT('',(20.,-32.,5.00003169833063));
#2510=CARTESIAN_POINT('',(20.,-32.,6.2500020833395));
#2511=CARTESIAN_POINT('',(20.,-22.,5.00003169833063));
#2512=CARTESIAN_POINT('',(20.,-17.75,5.00003169833063));
#2513=CARTESIAN_POINT('',(20.,-22.,6.2500020833395));
#2514=CARTESIAN_POINT('Origin',(18.,-13.5,23.));
#2515=CARTESIAN_POINT('',(18.,-44.,25.));
#2516=CARTESIAN_POINT('',(18.,-13.5,25.));
#2517=CARTESIAN_POINT('Origin',(18.,-44.,23.));
#2518=CARTESIAN_POINT('Origin',(-5.,17.,23.));
#2519=CARTESIAN_POINT('',(7.,19.,23.));
#2520=CARTESIAN_POINT('',(-5.,19.,23.));
#2521=CARTESIAN_POINT('',(5.,17.,25.));
#2522=CARTESIAN_POINT('Origin',(5.,17.,23.));
#2523=CARTESIAN_POINT('',(-5.,17.,25.));
#2524=CARTESIAN_POINT('Origin',(5.,41.,23.));
#2525=CARTESIAN_POINT('',(7.,41.,23.));
#2526=CARTESIAN_POINT('Origin',(5.,41.,23.));
#2527=CARTESIAN_POINT('Origin',(5.,41.,23.));
#2528=CARTESIAN_POINT('Origin',(5.,41.,12.5));
#2529=CARTESIAN_POINT('',(5.,43.,12.5));
#2530=CARTESIAN_POINT('',(7.,41.,12.5));
#2531=CARTESIAN_POINT('Origin',(7.,31.,12.5));
#2532=CARTESIAN_POINT('',(7.,8.75000000000001,23.));
#2533=CARTESIAN_POINT('',(7.,19.,12.5));
#2534=CARTESIAN_POINT('Origin',(5.,8.75000000000001,23.));
#2535=CARTESIAN_POINT('',(5.,8.75000000000001,25.));
#2536=CARTESIAN_POINT('Origin',(-5.,-44.,23.));
#2537=CARTESIAN_POINT('',(-5.,-46.,23.));
#2538=CARTESIAN_POINT('',(-28.,-44.,25.));
#2539=CARTESIAN_POINT('',(-5.,-44.,25.));
#2540=CARTESIAN_POINT('Origin',(-28.,-44.,23.));
#2541=CARTESIAN_POINT('',(-5.,-46.,23.));
#2542=CARTESIAN_POINT('Origin',(-28.,-13.5,23.));
#2543=CARTESIAN_POINT('',(-28.,-13.5,25.));
#2544=CARTESIAN_POINT('Origin',(-5.,17.,23.));
#2545=CARTESIAN_POINT('',(-5.,17.,25.));
#2546=CARTESIAN_POINT('Origin',(-5.,19.,12.5));
#2547=CARTESIAN_POINT('Origin',(-5.,-46.,12.5));
#2548=CARTESIAN_POINT('Origin',(-5.,-13.5,25.));
#2549=CARTESIAN_POINT('Origin',(-120.000017629395,9.99999999999999,4.1666789802855E-6));
#2550=CARTESIAN_POINT('',(-120.000017629395,9.99999999999999,4.1666789802855E-6));
#2551=CARTESIAN_POINT('',(-29.9999876293936,9.99999999999999,-2.12725074100889E-13));
#2552=CARTESIAN_POINT('',(-100.000007629395,9.99999999999999,5.00004003168735));
#2553=CARTESIAN_POINT('Ctrl Pts',(-120.000017629395,9.99999999999999,4.1666789802855E-6));
#2554=CARTESIAN_POINT('Ctrl Pts',(-119.999092185018,9.99999999999999,0.000621163534894514));
#2555=CARTESIAN_POINT('Ctrl Pts',(-119.990763185626,9.99999999999999,0.00617413523812257));
#2556=CARTESIAN_POINT('Ctrl Pts',(-119.671343054146,9.99999999999999,0.217986028658776));
#2557=CARTESIAN_POINT('Ctrl Pts',(-119.140657629395,9.99999999999999,0.533868271641815));
#2558=CARTESIAN_POINT('Ctrl Pts',(-118.593777629395,9.99999999999999,0.859390083595748));
#2559=CARTESIAN_POINT('Ctrl Pts',(-117.812537629395,9.99999999999999,1.30210391453229));
#2560=CARTESIAN_POINT('Ctrl Pts',(-116.875037629395,9.99999999999999,1.77085532374595));
#2561=CARTESIAN_POINT('Ctrl Pts',(-115.937537629395,9.99999999999999,2.23960673295961));
#2562=CARTESIAN_POINT('Ctrl Pts',(-114.843786953134,9.99999999999999,2.73440430177074));
#2563=CARTESIAN_POINT('Ctrl Pts',(-113.671907629395,9.99999999999999,3.16409284558798));
#2564=CARTESIAN_POINT('Ctrl Pts',(-112.500027629395,9.99999999999999,3.59378163736717));
#2565=CARTESIAN_POINT('Ctrl Pts',(-111.250026250089,9.99999999999999,3.95836462996885));
#2566=CARTESIAN_POINT('Ctrl Pts',(-110.000017629395,9.99999999999999,4.16670002640609));
#2567=CARTESIAN_POINT('Ctrl Pts',(-108.750017629395,9.99999999999999,4.3750339860566));
#2568=CARTESIAN_POINT('Ctrl Pts',(-107.500017084763,9.99999999999999,4.53128351025077));
#2569=CARTESIAN_POINT('Ctrl Pts',(-106.328137629395,9.99999999999999,4.64847230809791));
#2570=CARTESIAN_POINT('Ctrl Pts',(-105.156267629395,9.99999999999999,4.76566016040132));
#2571=CARTESIAN_POINT('Ctrl Pts',(-104.062517454723,9.99999999999999,4.84378484941705));
#2572=CARTESIAN_POINT('Ctrl Pts',(-103.125007629395,9.99999999999999,4.8958688851829));
#2573=CARTESIAN_POINT('Ctrl Pts',(-102.187507629395,9.99999999999999,4.94795237509553));
#2574=CARTESIAN_POINT('Ctrl Pts',(-101.406257661941,9.99999999999999,4.9739985240499));
#2575=CARTESIAN_POINT('Ctrl Pts',(-100.859387629395,9.99999999999999,4.98701915920919));
#2576=CARTESIAN_POINT('Ctrl Pts',(-100.328777318145,9.99999999999999,4.99965266052279));
#2577=CARTESIAN_POINT('Ctrl Pts',(-100.009304509395,9.99999999999999,5.00004003168735));
#2578=CARTESIAN_POINT('Ctrl Pts',(-100.000937317395,9.99999999999999,5.00004003179803));
#2579=CARTESIAN_POINT('Ctrl Pts',(-100.000007629395,9.99999999999999,5.00004003168735));
#2580=CARTESIAN_POINT('',(-100.000007629395,9.99999999999999,5.00004003168753));
#2581=CARTESIAN_POINT('Origin',(-120.000017629395,9.99999999999999,4.16667898028531E-6));
#2582=CARTESIAN_POINT('',(-120.000017629395,-1.24344978758018E-14,4.16667898311827E-6));
#2583=CARTESIAN_POINT('',(-29.9999876293936,-1.24344978758018E-14,-2.09892306240003E-13));
#2584=CARTESIAN_POINT('',(-120.000017629395,9.99999999999999,4.1666789802855E-6));
#2585=CARTESIAN_POINT('Ctrl Pts',(-100.000007629395,9.99999999999999,5.00004003168735));
#2586=CARTESIAN_POINT('Ctrl Pts',(-100.000007629395,6.66666666666665,5.00004003168735));
#2587=CARTESIAN_POINT('Ctrl Pts',(-100.000007629395,3.33333333333332,5.00004003168735));
#2588=CARTESIAN_POINT('Ctrl Pts',(-100.000007629395,-1.11022302462516E-14,
5.00004003168735));
#2589=CARTESIAN_POINT('Ctrl Pts',(-100.000937317395,9.99999999999999,5.00004003179803));
#2590=CARTESIAN_POINT('Ctrl Pts',(-100.000937317395,6.66666666666665,5.00004003179803));
#2591=CARTESIAN_POINT('Ctrl Pts',(-100.000937317395,3.33333333333332,5.00004003179803));
#2592=CARTESIAN_POINT('Ctrl Pts',(-100.000937317395,-1.11022302462202E-14,
5.00004003179803));
#2593=CARTESIAN_POINT('Ctrl Pts',(-100.009304509395,9.99999999999999,5.00004003168734));
#2594=CARTESIAN_POINT('Ctrl Pts',(-100.009304509395,6.66666666666666,5.00004003168734));
#2595=CARTESIAN_POINT('Ctrl Pts',(-100.009304509395,3.33333333333332,5.00004003168734));
#2596=CARTESIAN_POINT('Ctrl Pts',(-100.009304509395,-1.11017385524704E-14,
5.00004003168734));
#2597=CARTESIAN_POINT('Ctrl Pts',(-100.328777318145,9.99999999999999,4.99965266052279));
#2598=CARTESIAN_POINT('Ctrl Pts',(-100.328777318145,6.66666666666666,4.99965266052279));
#2599=CARTESIAN_POINT('Ctrl Pts',(-100.328777318145,3.33333333333332,4.99965266052279));
#2600=CARTESIAN_POINT('Ctrl Pts',(-100.328777318145,-1.10947279814376E-14,
4.99965266052279));
#2601=CARTESIAN_POINT('Ctrl Pts',(-101.406257661941,9.99999999999999,4.9739985240499));
#2602=CARTESIAN_POINT('Ctrl Pts',(-101.406257661941,6.66666666666665,4.9739985240499));
#2603=CARTESIAN_POINT('Ctrl Pts',(-101.406257661941,3.33333333333333,4.9739985240499));
#2604=CARTESIAN_POINT('Ctrl Pts',(-101.406257661941,-1.1093244046611E-14,
4.9739985240499));
#2605=CARTESIAN_POINT('Ctrl Pts',(-102.187507629395,9.99999999999999,4.94795237509553));
#2606=CARTESIAN_POINT('Ctrl Pts',(-102.187507629395,6.66666666666666,4.94795237509553));
#2607=CARTESIAN_POINT('Ctrl Pts',(-102.187507629395,3.33333333333332,4.94795237509553));
#2608=CARTESIAN_POINT('Ctrl Pts',(-102.187507629395,-1.10833955809233E-14,
4.94795237509553));
#2609=CARTESIAN_POINT('Ctrl Pts',(-104.062517454723,9.99999999999999,4.84378484941705));
#2610=CARTESIAN_POINT('Ctrl Pts',(-104.062517454723,6.66666666666666,4.84378484941705));
#2611=CARTESIAN_POINT('Ctrl Pts',(-104.062517454723,3.33333333333332,4.84378484941705));
#2612=CARTESIAN_POINT('Ctrl Pts',(-104.062517454723,-1.10880369895013E-14,
4.84378484941705));
#2613=CARTESIAN_POINT('Ctrl Pts',(-105.156267629395,9.99999999999999,4.76566016040132));
#2614=CARTESIAN_POINT('Ctrl Pts',(-105.156267629395,6.66666666666664,4.76566016040132));
#2615=CARTESIAN_POINT('Ctrl Pts',(-105.156267629395,3.33333333333333,4.76566016040132));
#2616=CARTESIAN_POINT('Ctrl Pts',(-105.156267629395,-1.10715927439092E-14,
4.76566016040132));
#2617=CARTESIAN_POINT('Ctrl Pts',(-107.500017084763,9.99999999999999,4.53128351025077));
#2618=CARTESIAN_POINT('Ctrl Pts',(-107.500017084763,6.66666666666667,4.53128351025077));
#2619=CARTESIAN_POINT('Ctrl Pts',(-107.500017084763,3.33333333333331,4.53128351025077));
#2620=CARTESIAN_POINT('Ctrl Pts',(-107.500017084763,-1.10876198990467E-14,
4.53128351025077));
#2621=CARTESIAN_POINT('Ctrl Pts',(-108.750017629395,9.99999999999999,4.3750339860566));
#2622=CARTESIAN_POINT('Ctrl Pts',(-108.750017629395,6.66666666666664,4.37503398605661));
#2623=CARTESIAN_POINT('Ctrl Pts',(-108.750017629395,3.33333333333333,4.37503398605661));
#2624=CARTESIAN_POINT('Ctrl Pts',(-108.750017629395,-1.10652958177493E-14,
4.37503398605661));
#2625=CARTESIAN_POINT('Ctrl Pts',(-111.250026250089,9.99999999999999,3.95836462996885));
#2626=CARTESIAN_POINT('Ctrl Pts',(-111.250026250089,6.66666666666667,3.95836462996885));
#2627=CARTESIAN_POINT('Ctrl Pts',(-111.250026250089,3.33333333333331,3.95836462996885));
#2628=CARTESIAN_POINT('Ctrl Pts',(-111.250026250089,-1.11010682262291E-14,
3.95836462996885));
#2629=CARTESIAN_POINT('Ctrl Pts',(-112.500027629395,9.99999999999999,3.59378163736717));
#2630=CARTESIAN_POINT('Ctrl Pts',(-112.500027629395,6.66666666666664,3.59378163736717));
#2631=CARTESIAN_POINT('Ctrl Pts',(-112.500027629395,3.33333333333333,3.59378163736717));
#2632=CARTESIAN_POINT('Ctrl Pts',(-112.500027629395,-1.1124075988886E-14,
3.59378163736717));
#2633=CARTESIAN_POINT('Ctrl Pts',(-114.843786953134,9.99999999999999,2.73440430177074));
#2634=CARTESIAN_POINT('Ctrl Pts',(-114.843786953134,6.66666666666667,2.73440430177074));
#2635=CARTESIAN_POINT('Ctrl Pts',(-114.843786953134,3.33333333333331,2.73440430177074));
#2636=CARTESIAN_POINT('Ctrl Pts',(-114.843786953134,-1.12927383883214E-14,
2.73440430177074));
#2637=CARTESIAN_POINT('Ctrl Pts',(-115.937537629394,9.99999999999999,2.23960673295961));
#2638=CARTESIAN_POINT('Ctrl Pts',(-115.937537629394,6.66666666666664,2.23960673295962));
#2639=CARTESIAN_POINT('Ctrl Pts',(-115.937537629394,3.33333333333333,2.23960673295962));
#2640=CARTESIAN_POINT('Ctrl Pts',(-115.937537629394,-1.15477941871545E-14,
2.23960673295962));
#2641=CARTESIAN_POINT('Ctrl Pts',(-117.812537629395,9.99999999999999,1.30210391453229));
#2642=CARTESIAN_POINT('Ctrl Pts',(-117.812537629395,6.66666666666667,1.30210391453229));
#2643=CARTESIAN_POINT('Ctrl Pts',(-117.812537629395,3.33333333333331,1.30210391453229));
#2644=CARTESIAN_POINT('Ctrl Pts',(-117.812537629395,-1.20316043906464E-14,
1.30210391453229));
#2645=CARTESIAN_POINT('Ctrl Pts',(-118.593777629395,9.99999999999999,0.859390083595748));
#2646=CARTESIAN_POINT('Ctrl Pts',(-118.593777629395,6.66666666666664,0.859390083595749));
#2647=CARTESIAN_POINT('Ctrl Pts',(-118.593777629395,3.33333333333333,0.85939008359575));
#2648=CARTESIAN_POINT('Ctrl Pts',(-118.593777629395,-1.21170163029528E-14,
0.859390083595751));
#2649=CARTESIAN_POINT('Ctrl Pts',(-119.671343054146,9.99999999999999,0.217986028658776));
#2650=CARTESIAN_POINT('Ctrl Pts',(-119.671343054146,6.66666666666667,0.217986028658776));
#2651=CARTESIAN_POINT('Ctrl Pts',(-119.671343054146,3.33333333333331,0.217986028658777));
#2652=CARTESIAN_POINT('Ctrl Pts',(-119.671343054146,-1.22361679810025E-14,
0.217986028658778));
#2653=CARTESIAN_POINT('Ctrl Pts',(-119.990763185625,9.99999999999997,0.00617413523812255));
#2654=CARTESIAN_POINT('Ctrl Pts',(-119.990763185625,6.66666666666663,0.0061741352381235));
#2655=CARTESIAN_POINT('Ctrl Pts',(-119.990763185625,3.33333333333333,0.00617413523812444));
#2656=CARTESIAN_POINT('Ctrl Pts',(-119.990763185625,-1.22178099769174E-14,
0.00617413523812538));
#2657=CARTESIAN_POINT('Ctrl Pts',(-119.999092185018,9.99999999999999,0.000621163534894514));
#2658=CARTESIAN_POINT('Ctrl Pts',(-119.999092185018,6.66666666666666,0.000621163534895459));
#2659=CARTESIAN_POINT('Ctrl Pts',(-119.999092185018,3.33333333333332,0.000621163534896403));
#2660=CARTESIAN_POINT('Ctrl Pts',(-119.999092185018,-1.22122784898924E-14,
0.000621163534897347));
#2661=CARTESIAN_POINT('Ctrl Pts',(-120.000017629395,9.99999999999999,4.1666789802855E-6));
#2662=CARTESIAN_POINT('Ctrl Pts',(-120.000017629395,6.66666666666665,4.16667898122976E-6));
#2663=CARTESIAN_POINT('Ctrl Pts',(-120.000017629395,3.33333333333332,4.16667898217401E-6));
#2664=CARTESIAN_POINT('Ctrl Pts',(-120.000017629395,-1.22124532708767E-14,
4.16667898311827E-6));
#2665=CARTESIAN_POINT('',(-100.000007629395,-1.06581410364015E-14,5.00004003168735));
#2666=CARTESIAN_POINT('Ctrl Pts',(-100.000007629395,-1.06581410364015E-14,
5.00004003168735));
#2667=CARTESIAN_POINT('Ctrl Pts',(-100.000937317395,-1.06581410364015E-14,
5.00004003179803));
#2668=CARTESIAN_POINT('Ctrl Pts',(-100.009304509395,-1.06581410364015E-14,
5.00004003168735));
#2669=CARTESIAN_POINT('Ctrl Pts',(-100.328777318145,-1.06581410364015E-14,
4.99965266052279));
#2670=CARTESIAN_POINT('Ctrl Pts',(-100.859387629395,-1.06581410364015E-14,
4.98701915920919));
#2671=CARTESIAN_POINT('Ctrl Pts',(-101.406257661941,-1.06581410364015E-14,
4.9739985240499));
#2672=CARTESIAN_POINT('Ctrl Pts',(-102.187507629395,-1.06581410364015E-14,
4.94795237509553));
#2673=CARTESIAN_POINT('Ctrl Pts',(-103.125007629395,-1.06581410364015E-14,
4.8958688851829));
#2674=CARTESIAN_POINT('Ctrl Pts',(-104.062517454723,-1.06581410364015E-14,
4.84378484941705));
#2675=CARTESIAN_POINT('Ctrl Pts',(-105.156267629395,-1.06581410364015E-14,
4.76566016040133));
#2676=CARTESIAN_POINT('Ctrl Pts',(-106.328137629395,-1.06581410364015E-14,
4.64847230809791));
#2677=CARTESIAN_POINT('Ctrl Pts',(-107.500017084763,-1.06581410364015E-14,
4.53128351025077));
#2678=CARTESIAN_POINT('Ctrl Pts',(-108.750017629395,-1.06581410364015E-14,
4.37503398605661));
#2679=CARTESIAN_POINT('Ctrl Pts',(-110.000017629395,-1.06581410364015E-14,
4.16670002640609));
#2680=CARTESIAN_POINT('Ctrl Pts',(-111.250026250089,-1.06581410364015E-14,
3.95836462996885));
#2681=CARTESIAN_POINT('Ctrl Pts',(-112.500027629395,-1.06581410364015E-14,
3.59378163736717));
#2682=CARTESIAN_POINT('Ctrl Pts',(-113.671907629395,-1.06581410364015E-14,
3.16409284558798));
#2683=CARTESIAN_POINT('Ctrl Pts',(-114.843786953134,-1.06581410364015E-14,
2.73440430177074));
#2684=CARTESIAN_POINT('Ctrl Pts',(-115.937537629395,-1.06581410364015E-14,
2.23960673295962));
#2685=CARTESIAN_POINT('Ctrl Pts',(-116.875037629395,-1.24344978758018E-14,
1.77085532374595));
#2686=CARTESIAN_POINT('Ctrl Pts',(-117.812537629395,-1.24344978758018E-14,
1.30210391453229));
#2687=CARTESIAN_POINT('Ctrl Pts',(-118.593777629395,-1.24344978758018E-14,
0.859390083595751));
#2688=CARTESIAN_POINT('Ctrl Pts',(-119.140657629395,-1.24344978758018E-14,
0.533868271641818));
#2689=CARTESIAN_POINT('Ctrl Pts',(-119.671343054146,-1.24344978758018E-14,
0.217986028658778));
#2690=CARTESIAN_POINT('Ctrl Pts',(-119.990763185626,-1.24344978758018E-14,
0.00617413523812541));
#2691=CARTESIAN_POINT('Ctrl Pts',(-119.999092185018,-1.24344978758018E-14,
0.000621163534897347));
#2692=CARTESIAN_POINT('Ctrl Pts',(-120.000017629395,-1.24344978758018E-14,
4.16667898311827E-6));
#2693=CARTESIAN_POINT('',(-100.000007629395,9.99999999999999,5.00004003168735));
#2694=CARTESIAN_POINT('Origin',(-29.9999876293945,9.99999999999999,5.00003169832915));
#2695=CARTESIAN_POINT('',(-100.000007629395,-1.06581410364015E-14,5.00004003168754));
#2696=CARTESIAN_POINT('Origin',(-120.000017629395,-1.24344978758018E-14,
4.16667898311827E-6));
#2697=CARTESIAN_POINT('Origin',(110.000017629395,-32.,4.1666789902237E-6));
#2698=CARTESIAN_POINT('',(110.000017629395,-32.,4.1666789902237E-6));
#2699=CARTESIAN_POINT('',(19.9999876293936,-32.,-2.02786878882402E-13));
#2700=CARTESIAN_POINT('',(90.0000076293945,-32.,5.00004003168736));
#2701=CARTESIAN_POINT('Ctrl Pts',(90.0000076293945,-32.,5.00004003168736));
#2702=CARTESIAN_POINT('Ctrl Pts',(90.0009373173945,-32.,5.00004003179804));
#2703=CARTESIAN_POINT('Ctrl Pts',(90.0093045093945,-32.,5.00004003168736));
#2704=CARTESIAN_POINT('Ctrl Pts',(90.3287773181446,-32.,4.9996526605228));
#2705=CARTESIAN_POINT('Ctrl Pts',(90.8593876293945,-32.,4.9870191592092));
#2706=CARTESIAN_POINT('Ctrl Pts',(91.406257661941,-32.,4.97399852404991));
#2707=CARTESIAN_POINT('Ctrl Pts',(92.1875076293945,-32.,4.94795237509554));
#2708=CARTESIAN_POINT('Ctrl Pts',(93.1250076293945,-32.,4.89586888518291));
#2709=CARTESIAN_POINT('Ctrl Pts',(94.062517454723,-32.,4.84378484941706));
#2710=CARTESIAN_POINT('Ctrl Pts',(95.1562676293945,-32.,4.76566016040133));
#2711=CARTESIAN_POINT('Ctrl Pts',(96.3281376293945,-32.,4.64847230809792));
#2712=CARTESIAN_POINT('Ctrl Pts',(97.500017084763,-32.,4.53128351025078));
#2713=CARTESIAN_POINT('Ctrl Pts',(98.7500176293945,-32.,4.37503398605661));
#2714=CARTESIAN_POINT('Ctrl Pts',(100.000017629395,-32.,4.1667000264061));
#2715=CARTESIAN_POINT('Ctrl Pts',(101.250026250089,-32.,3.95836462996886));
#2716=CARTESIAN_POINT('Ctrl Pts',(102.500027629395,-32.,3.59378163736718));
#2717=CARTESIAN_POINT('Ctrl Pts',(103.671907629395,-32.,3.16409284558799));
#2718=CARTESIAN_POINT('Ctrl Pts',(104.843786953134,-32.,2.73440430177075));
#2719=CARTESIAN_POINT('Ctrl Pts',(105.937537629395,-32.,2.23960673295962));
#2720=CARTESIAN_POINT('Ctrl Pts',(106.875037629395,-32.,1.77085532374596));
#2721=CARTESIAN_POINT('Ctrl Pts',(107.812537629395,-32.,1.3021039145323));
#2722=CARTESIAN_POINT('Ctrl Pts',(108.593777629395,-32.,0.859390083595758));
#2723=CARTESIAN_POINT('Ctrl Pts',(109.140657629395,-32.,0.533868271641825));
#2724=CARTESIAN_POINT('Ctrl Pts',(109.671343054146,-32.,0.217986028658785));
#2725=CARTESIAN_POINT('Ctrl Pts',(109.990763185626,-32.,0.00617413523813251));
#2726=CARTESIAN_POINT('Ctrl Pts',(109.999092185018,-32.,0.000621163534904453));
#2727=CARTESIAN_POINT('Ctrl Pts',(110.000017629395,-32.,4.1666789902237E-6));
#2728=CARTESIAN_POINT('',(90.0000076293945,-32.,5.00004003168754));
#2729=CARTESIAN_POINT('Origin',(110.000017629395,-22.,4.16667898739073E-6));
#2730=CARTESIAN_POINT('',(110.000017629395,-22.,4.16667898739093E-6));
#2731=CARTESIAN_POINT('',(19.9999876293936,-22.,-2.05619646743288E-13));
#2732=CARTESIAN_POINT('',(110.000017629395,-22.,4.16667898739093E-6));
#2733=CARTESIAN_POINT('Ctrl Pts',(90.0000076293945,-22.,5.00004003168736));
#2734=CARTESIAN_POINT('Ctrl Pts',(90.0000076293945,-25.3333333333333,5.00004003168736));
#2735=CARTESIAN_POINT('Ctrl Pts',(90.0000076293945,-28.6666666666667,5.00004003168736));
#2736=CARTESIAN_POINT('Ctrl Pts',(90.0000076293945,-32.,5.00004003168736));
#2737=CARTESIAN_POINT('Ctrl Pts',(90.0009373173945,-22.,5.00004003179803));
#2738=CARTESIAN_POINT('Ctrl Pts',(90.0009373173945,-25.3333333333333,5.00004003179803));
#2739=CARTESIAN_POINT('Ctrl Pts',(90.0009373173945,-28.6666666666667,5.00004003179803));
#2740=CARTESIAN_POINT('Ctrl Pts',(90.0009373173945,-32.,5.00004003179804));
#2741=CARTESIAN_POINT('Ctrl Pts',(90.0093045093946,-22.,5.00004003168735));
#2742=CARTESIAN_POINT('Ctrl Pts',(90.0093045093946,-25.3333333333334,5.00004003168735));
#2743=CARTESIAN_POINT('Ctrl Pts',(90.0093045093946,-28.6666666666667,5.00004003168736));
#2744=CARTESIAN_POINT('Ctrl Pts',(90.0093045093946,-32.,5.00004003168736));
#2745=CARTESIAN_POINT('Ctrl Pts',(90.3287773181446,-22.,4.99965266052279));
#2746=CARTESIAN_POINT('Ctrl Pts',(90.3287773181446,-25.3333333333333,4.9996526605228));
#2747=CARTESIAN_POINT('Ctrl Pts',(90.3287773181446,-28.6666666666667,4.9996526605228));
#2748=CARTESIAN_POINT('Ctrl Pts',(90.3287773181446,-32.,4.9996526605228));
#2749=CARTESIAN_POINT('Ctrl Pts',(91.406257661941,-22.,4.9739985240499));
#2750=CARTESIAN_POINT('Ctrl Pts',(91.406257661941,-25.3333333333333,4.9739985240499));
#2751=CARTESIAN_POINT('Ctrl Pts',(91.406257661941,-28.6666666666667,4.97399852404991));
#2752=CARTESIAN_POINT('Ctrl Pts',(91.406257661941,-32.,4.97399852404991));
#2753=CARTESIAN_POINT('Ctrl Pts',(92.1875076293945,-22.,4.94795237509553));
#2754=CARTESIAN_POINT('Ctrl Pts',(92.1875076293945,-25.3333333333333,4.94795237509553));
#2755=CARTESIAN_POINT('Ctrl Pts',(92.1875076293945,-28.6666666666667,4.94795237509553));
#2756=CARTESIAN_POINT('Ctrl Pts',(92.1875076293945,-32.,4.94795237509553));
#2757=CARTESIAN_POINT('Ctrl Pts',(94.0625174547229,-22.,4.84378484941705));
#2758=CARTESIAN_POINT('Ctrl Pts',(94.0625174547229,-25.3333333333333,4.84378484941705));
#2759=CARTESIAN_POINT('Ctrl Pts',(94.0625174547229,-28.6666666666667,4.84378484941706));
#2760=CARTESIAN_POINT('Ctrl Pts',(94.0625174547229,-32.,4.84378484941706));
#2761=CARTESIAN_POINT('Ctrl Pts',(95.1562676293945,-22.,4.76566016040133));
#2762=CARTESIAN_POINT('Ctrl Pts',(95.1562676293945,-25.3333333333334,4.76566016040133));
#2763=CARTESIAN_POINT('Ctrl Pts',(95.1562676293945,-28.6666666666667,4.76566016040133));
#2764=CARTESIAN_POINT('Ctrl Pts',(95.1562676293945,-32.,4.76566016040133));
#2765=CARTESIAN_POINT('Ctrl Pts',(97.500017084763,-22.,4.53128351025078));
#2766=CARTESIAN_POINT('Ctrl Pts',(97.500017084763,-25.3333333333333,4.53128351025078));
#2767=CARTESIAN_POINT('Ctrl Pts',(97.500017084763,-28.6666666666667,4.53128351025078));
#2768=CARTESIAN_POINT('Ctrl Pts',(97.500017084763,-32.,4.53128351025078));
#2769=CARTESIAN_POINT('Ctrl Pts',(98.7500176293945,-22.,4.37503398605661));
#2770=CARTESIAN_POINT('Ctrl Pts',(98.7500176293945,-25.3333333333334,4.37503398605661));
#2771=CARTESIAN_POINT('Ctrl Pts',(98.7500176293945,-28.6666666666667,4.37503398605661));
#2772=CARTESIAN_POINT('Ctrl Pts',(98.7500176293945,-32.,4.37503398605661));
#2773=CARTESIAN_POINT('Ctrl Pts',(101.250026250089,-22.,3.95836462996886));
#2774=CARTESIAN_POINT('Ctrl Pts',(101.250026250089,-25.3333333333333,3.95836462996886));
#2775=CARTESIAN_POINT('Ctrl Pts',(101.250026250089,-28.6666666666667,3.95836462996886));
#2776=CARTESIAN_POINT('Ctrl Pts',(101.250026250089,-32.,3.95836462996886));
#2777=CARTESIAN_POINT('Ctrl Pts',(102.500027629395,-22.,3.59378163736717));
#2778=CARTESIAN_POINT('Ctrl Pts',(102.500027629395,-25.3333333333334,3.59378163736717));
#2779=CARTESIAN_POINT('Ctrl Pts',(102.500027629395,-28.6666666666667,3.59378163736718));
#2780=CARTESIAN_POINT('Ctrl Pts',(102.500027629395,-32.,3.59378163736718));
#2781=CARTESIAN_POINT('Ctrl Pts',(104.843786953134,-22.,2.73440430177074));
#2782=CARTESIAN_POINT('Ctrl Pts',(104.843786953134,-25.3333333333333,2.73440430177075));
#2783=CARTESIAN_POINT('Ctrl Pts',(104.843786953134,-28.6666666666667,2.73440430177075));
#2784=CARTESIAN_POINT('Ctrl Pts',(104.843786953134,-32.,2.73440430177075));
#2785=CARTESIAN_POINT('Ctrl Pts',(105.937537629395,-22.,2.23960673295962));
#2786=CARTESIAN_POINT('Ctrl Pts',(105.937537629395,-25.3333333333334,2.23960673295962));
#2787=CARTESIAN_POINT('Ctrl Pts',(105.937537629395,-28.6666666666667,2.23960673295962));
#2788=CARTESIAN_POINT('Ctrl Pts',(105.937537629395,-32.,2.23960673295962));
#2789=CARTESIAN_POINT('Ctrl Pts',(107.812537629395,-22.,1.3021039145323));
#2790=CARTESIAN_POINT('Ctrl Pts',(107.812537629395,-25.3333333333333,1.3021039145323));
#2791=CARTESIAN_POINT('Ctrl Pts',(107.812537629395,-28.6666666666667,1.3021039145323));
#2792=CARTESIAN_POINT('Ctrl Pts',(107.812537629395,-32.,1.3021039145323));
#2793=CARTESIAN_POINT('Ctrl Pts',(108.593777629395,-22.,0.859390083595755));
#2794=CARTESIAN_POINT('Ctrl Pts',(108.593777629395,-25.3333333333334,0.859390083595756));
#2795=CARTESIAN_POINT('Ctrl Pts',(108.593777629395,-28.6666666666667,0.859390083595757));
#2796=CARTESIAN_POINT('Ctrl Pts',(108.593777629395,-32.,0.859390083595758));
#2797=CARTESIAN_POINT('Ctrl Pts',(109.671343054146,-22.,0.217986028658783));
#2798=CARTESIAN_POINT('Ctrl Pts',(109.671343054146,-25.3333333333333,0.217986028658784));
#2799=CARTESIAN_POINT('Ctrl Pts',(109.671343054146,-28.6666666666667,0.217986028658785));
#2800=CARTESIAN_POINT('Ctrl Pts',(109.671343054146,-32.,0.217986028658786));
#2801=CARTESIAN_POINT('Ctrl Pts',(109.990763185626,-22.,0.00617413523812968));
#2802=CARTESIAN_POINT('Ctrl Pts',(109.990763185626,-25.3333333333334,0.00617413523813062));
#2803=CARTESIAN_POINT('Ctrl Pts',(109.990763185626,-28.6666666666667,0.00617413523813155));
#2804=CARTESIAN_POINT('Ctrl Pts',(109.990763185626,-32.,0.0061741352381325));
#2805=CARTESIAN_POINT('Ctrl Pts',(109.999092185018,-22.,0.00062116353490162));
#2806=CARTESIAN_POINT('Ctrl Pts',(109.999092185018,-25.3333333333333,0.000621163534902564));
#2807=CARTESIAN_POINT('Ctrl Pts',(109.999092185018,-28.6666666666667,0.000621163534903508));
#2808=CARTESIAN_POINT('Ctrl Pts',(109.999092185018,-32.,0.000621163534904452));
#2809=CARTESIAN_POINT('Ctrl Pts',(110.000017629395,-22.,4.16667898739093E-6));
#2810=CARTESIAN_POINT('Ctrl Pts',(110.000017629395,-25.3333333333333,4.16667898833518E-6));
#2811=CARTESIAN_POINT('Ctrl Pts',(110.000017629395,-28.6666666666667,4.16667898927944E-6));
#2812=CARTESIAN_POINT('Ctrl Pts',(110.000017629395,-32.,4.1666789902237E-6));
#2813=CARTESIAN_POINT('',(90.0000076293945,-22.,5.00004003168736));
#2814=CARTESIAN_POINT('Ctrl Pts',(110.000017629395,-22.,4.16667898739093E-6));
#2815=CARTESIAN_POINT('Ctrl Pts',(109.999092185018,-22.,0.00062116353490162));
#2816=CARTESIAN_POINT('Ctrl Pts',(109.990763185626,-22.,0.00617413523812968));
#2817=CARTESIAN_POINT('Ctrl Pts',(109.671343054146,-22.,0.217986028658783));
#2818=CARTESIAN_POINT('Ctrl Pts',(109.140657629395,-22.,0.533868271641823));
#2819=CARTESIAN_POINT('Ctrl Pts',(108.593777629395,-22.,0.859390083595755));
#2820=CARTESIAN_POINT('Ctrl Pts',(107.812537629395,-22.,1.3021039145323));
#2821=CARTESIAN_POINT('Ctrl Pts',(106.875037629395,-22.,1.77085532374596));
#2822=CARTESIAN_POINT('Ctrl Pts',(105.937537629395,-22.,2.23960673295962));
#2823=CARTESIAN_POINT('Ctrl Pts',(104.843786953134,-22.,2.73440430177074));
#2824=CARTESIAN_POINT('Ctrl Pts',(103.671907629395,-22.,3.16409284558798));
#2825=CARTESIAN_POINT('Ctrl Pts',(102.500027629395,-22.,3.59378163736717));
#2826=CARTESIAN_POINT('Ctrl Pts',(101.250026250089,-22.,3.95836462996886));
#2827=CARTESIAN_POINT('Ctrl Pts',(100.000017629395,-22.,4.16670002640609));
#2828=CARTESIAN_POINT('Ctrl Pts',(98.7500176293945,-22.,4.37503398605661));
#2829=CARTESIAN_POINT('Ctrl Pts',(97.500017084763,-22.,4.53128351025078));
#2830=CARTESIAN_POINT('Ctrl Pts',(96.3281376293945,-22.,4.64847230809792));
#2831=CARTESIAN_POINT('Ctrl Pts',(95.1562676293945,-22.,4.76566016040133));
#2832=CARTESIAN_POINT('Ctrl Pts',(94.062517454723,-22.,4.84378484941705));
#2833=CARTESIAN_POINT('Ctrl Pts',(93.1250076293945,-22.,4.8958688851829));
#2834=CARTESIAN_POINT('Ctrl Pts',(92.1875076293945,-22.,4.94795237509553));
#2835=CARTESIAN_POINT('Ctrl Pts',(91.406257661941,-22.,4.97399852404991));
#2836=CARTESIAN_POINT('Ctrl Pts',(90.8593876293945,-22.,4.9870191592092));
#2837=CARTESIAN_POINT('Ctrl Pts',(90.3287773181446,-22.,4.99965266052279));
#2838=CARTESIAN_POINT('Ctrl Pts',(90.0093045093945,-22.,5.00004003168736));
#2839=CARTESIAN_POINT('Ctrl Pts',(90.0009373173945,-22.,5.00004003179803));
#2840=CARTESIAN_POINT('Ctrl Pts',(90.0000076293945,-22.,5.00004003168736));
#2841=CARTESIAN_POINT('',(90.0000076293945,-22.,5.00004003168736));
#2842=CARTESIAN_POINT('Origin',(19.9999876293945,-22.,5.00003169832916));
#2843=CARTESIAN_POINT('',(90.0000076293945,-22.,5.00004003168754));
#2844=CARTESIAN_POINT('Origin',(110.000017629395,-22.,4.16667898739093E-6));
#2845=CARTESIAN_POINT('Origin',(-5.,-10.5,23.0085));
#2846=CARTESIAN_POINT('',(-27.0085,-10.5,23.0085));
#2847=CARTESIAN_POINT('',(17.0085,-10.5,23.0085));
#2848=CARTESIAN_POINT('Origin',(-27.0085,-10.5,12.));
#2849=CARTESIAN_POINT('Origin',(-7.0017,12.9959736842105,10.9983));
#2850=CARTESIAN_POINT('Origin',(17.0085,-10.5,12.));
#2851=CARTESIAN_POINT('Origin',(-5.,43.,12.5));
#2852=CARTESIAN_POINT('Ctrl Pts',(-100.000022888184,-22.,5.00004003168736));
#2853=CARTESIAN_POINT('Ctrl Pts',(-100.000022888184,-25.3333333333333,5.00004003168736));
#2854=CARTESIAN_POINT('Ctrl Pts',(-100.000022888184,-28.6666666666667,5.00004003168736));
#2855=CARTESIAN_POINT('Ctrl Pts',(-100.000022888184,-32.,5.00004003168736));
#2856=CARTESIAN_POINT('Ctrl Pts',(-100.000952576184,-22.,5.00004003179803));
#2857=CARTESIAN_POINT('Ctrl Pts',(-100.000952576184,-25.3333333333333,5.00004003179803));
#2858=CARTESIAN_POINT('Ctrl Pts',(-100.000952576184,-28.6666666666667,5.00004003179803));
#2859=CARTESIAN_POINT('Ctrl Pts',(-100.000952576184,-32.,5.00004003179804));
#2860=CARTESIAN_POINT('Ctrl Pts',(-100.009319768184,-22.,5.00004003168736));
#2861=CARTESIAN_POINT('Ctrl Pts',(-100.009319768184,-25.3333333333334,5.00004003168736));
#2862=CARTESIAN_POINT('Ctrl Pts',(-100.009319768184,-28.6666666666667,5.00004003168736));
#2863=CARTESIAN_POINT('Ctrl Pts',(-100.009319768184,-32.,5.00004003168736));
#2864=CARTESIAN_POINT('Ctrl Pts',(-100.328792576934,-22.,4.99965266052279));
#2865=CARTESIAN_POINT('Ctrl Pts',(-100.328792576934,-25.3333333333333,4.9996526605228));
#2866=CARTESIAN_POINT('Ctrl Pts',(-100.328792576934,-28.6666666666667,4.9996526605228));
#2867=CARTESIAN_POINT('Ctrl Pts',(-100.328792576934,-32.,4.9996526605228));
#2868=CARTESIAN_POINT('Ctrl Pts',(-101.40627292073,-22.,4.97399852404991));
#2869=CARTESIAN_POINT('Ctrl Pts',(-101.40627292073,-25.3333333333333,4.97399852404991));
#2870=CARTESIAN_POINT('Ctrl Pts',(-101.40627292073,-28.6666666666667,4.97399852404991));
#2871=CARTESIAN_POINT('Ctrl Pts',(-101.40627292073,-32.,4.97399852404991));
#2872=CARTESIAN_POINT('Ctrl Pts',(-102.187522888184,-22.,4.94795237509553));
#2873=CARTESIAN_POINT('Ctrl Pts',(-102.187522888184,-25.3333333333333,4.94795237509553));
#2874=CARTESIAN_POINT('Ctrl Pts',(-102.187522888184,-28.6666666666667,4.94795237509553));
#2875=CARTESIAN_POINT('Ctrl Pts',(-102.187522888184,-32.,4.94795237509553));
#2876=CARTESIAN_POINT('Ctrl Pts',(-104.062532713512,-22.,4.84378484941705));
#2877=CARTESIAN_POINT('Ctrl Pts',(-104.062532713512,-25.3333333333333,4.84378484941705));
#2878=CARTESIAN_POINT('Ctrl Pts',(-104.062532713512,-28.6666666666667,4.84378484941706));
#2879=CARTESIAN_POINT('Ctrl Pts',(-104.062532713512,-32.,4.84378484941706));
#2880=CARTESIAN_POINT('Ctrl Pts',(-105.156282888184,-22.,4.76566016040133));
#2881=CARTESIAN_POINT('Ctrl Pts',(-105.156282888184,-25.3333333333334,4.76566016040133));
#2882=CARTESIAN_POINT('Ctrl Pts',(-105.156282888184,-28.6666666666667,4.76566016040133));
#2883=CARTESIAN_POINT('Ctrl Pts',(-105.156282888184,-32.,4.76566016040133));
#2884=CARTESIAN_POINT('Ctrl Pts',(-107.500032343552,-22.,4.53128351025078));
#2885=CARTESIAN_POINT('Ctrl Pts',(-107.500032343552,-25.3333333333333,4.53128351025078));
#2886=CARTESIAN_POINT('Ctrl Pts',(-107.500032343552,-28.6666666666667,4.53128351025078));
#2887=CARTESIAN_POINT('Ctrl Pts',(-107.500032343552,-32.,4.53128351025078));
#2888=CARTESIAN_POINT('Ctrl Pts',(-108.750032888184,-22.,4.37503398605661));
#2889=CARTESIAN_POINT('Ctrl Pts',(-108.750032888184,-25.3333333333334,4.37503398605661));
#2890=CARTESIAN_POINT('Ctrl Pts',(-108.750032888184,-28.6666666666667,4.37503398605661));
#2891=CARTESIAN_POINT('Ctrl Pts',(-108.750032888184,-32.,4.37503398605661));
#2892=CARTESIAN_POINT('Ctrl Pts',(-111.250041508878,-22.,3.95836462996886));
#2893=CARTESIAN_POINT('Ctrl Pts',(-111.250041508878,-25.3333333333333,3.95836462996886));
#2894=CARTESIAN_POINT('Ctrl Pts',(-111.250041508878,-28.6666666666667,3.95836462996886));
#2895=CARTESIAN_POINT('Ctrl Pts',(-111.250041508878,-32.,3.95836462996886));
#2896=CARTESIAN_POINT('Ctrl Pts',(-112.500042888184,-22.,3.59378163736717));
#2897=CARTESIAN_POINT('Ctrl Pts',(-112.500042888184,-25.3333333333334,3.59378163736718));
#2898=CARTESIAN_POINT('Ctrl Pts',(-112.500042888184,-28.6666666666667,3.59378163736718));
#2899=CARTESIAN_POINT('Ctrl Pts',(-112.500042888184,-32.,3.59378163736718));
#2900=CARTESIAN_POINT('Ctrl Pts',(-114.843802211923,-22.,2.73440430177074));
#2901=CARTESIAN_POINT('Ctrl Pts',(-114.843802211923,-25.3333333333333,2.73440430177075));
#2902=CARTESIAN_POINT('Ctrl Pts',(-114.843802211923,-28.6666666666667,2.73440430177075));
#2903=CARTESIAN_POINT('Ctrl Pts',(-114.843802211923,-32.,2.73440430177075));
#2904=CARTESIAN_POINT('Ctrl Pts',(-115.937552888184,-22.,2.23960673295962));
#2905=CARTESIAN_POINT('Ctrl Pts',(-115.937552888184,-25.3333333333334,2.23960673295962));
#2906=CARTESIAN_POINT('Ctrl Pts',(-115.937552888184,-28.6666666666667,2.23960673295962));
#2907=CARTESIAN_POINT('Ctrl Pts',(-115.937552888184,-32.,2.23960673295963));
#2908=CARTESIAN_POINT('Ctrl Pts',(-117.812552888184,-22.,1.3021039145323));
#2909=CARTESIAN_POINT('Ctrl Pts',(-117.812552888184,-25.3333333333333,1.3021039145323));
#2910=CARTESIAN_POINT('Ctrl Pts',(-117.812552888184,-28.6666666666667,1.3021039145323));
#2911=CARTESIAN_POINT('Ctrl Pts',(-117.812552888184,-32.,1.3021039145323));
#2912=CARTESIAN_POINT('Ctrl Pts',(-118.593792888184,-22.,0.859390083595755));
#2913=CARTESIAN_POINT('Ctrl Pts',(-118.593792888184,-25.3333333333334,0.859390083595756));
#2914=CARTESIAN_POINT('Ctrl Pts',(-118.593792888184,-28.6666666666667,0.859390083595757));
#2915=CARTESIAN_POINT('Ctrl Pts',(-118.593792888184,-32.,0.859390083595758));
#2916=CARTESIAN_POINT('Ctrl Pts',(-119.671358312935,-22.,0.217986028658783));
#2917=CARTESIAN_POINT('Ctrl Pts',(-119.671358312935,-25.3333333333333,0.217986028658784));
#2918=CARTESIAN_POINT('Ctrl Pts',(-119.671358312935,-28.6666666666667,0.217986028658785));
#2919=CARTESIAN_POINT('Ctrl Pts',(-119.671358312935,-32.,0.217986028658786));
#2920=CARTESIAN_POINT('Ctrl Pts',(-119.990778444415,-22.,0.00617413523812965));
#2921=CARTESIAN_POINT('Ctrl Pts',(-119.990778444415,-25.3333333333334,0.00617413523813059));
#2922=CARTESIAN_POINT('Ctrl Pts',(-119.990778444415,-28.6666666666667,0.00617413523813154));
#2923=CARTESIAN_POINT('Ctrl Pts',(-119.990778444415,-32.,0.00617413523813249));
#2924=CARTESIAN_POINT('Ctrl Pts',(-119.999107443807,-22.,0.00062116353490162));
#2925=CARTESIAN_POINT('Ctrl Pts',(-119.999107443807,-25.3333333333333,0.000621163534902564));
#2926=CARTESIAN_POINT('Ctrl Pts',(-119.999107443807,-28.6666666666667,0.000621163534903508));
#2927=CARTESIAN_POINT('Ctrl Pts',(-119.999107443807,-32.,0.000621163534904452));
#2928=CARTESIAN_POINT('Ctrl Pts',(-120.000032888184,-22.,4.16667898739093E-6));
#2929=CARTESIAN_POINT('Ctrl Pts',(-120.000032888184,-25.3333333333333,4.16667898833518E-6));
#2930=CARTESIAN_POINT('Ctrl Pts',(-120.000032888184,-28.6666666666667,4.16667898927944E-6));
#2931=CARTESIAN_POINT('Ctrl Pts',(-120.000032888184,-32.,4.1666789902237E-6));
#2932=CARTESIAN_POINT('',(-120.000032888184,-22.,4.16667898739093E-6));
#2933=CARTESIAN_POINT('',(-100.000022888184,-22.,5.00004003168736));
#2934=CARTESIAN_POINT('Ctrl Pts',(-120.000032888184,-22.,4.16667898739093E-6));
#2935=CARTESIAN_POINT('Ctrl Pts',(-119.999107443807,-22.,0.00062116353490162));
#2936=CARTESIAN_POINT('Ctrl Pts',(-119.990778444415,-22.,0.00617413523812968));
#2937=CARTESIAN_POINT('Ctrl Pts',(-119.671358312935,-22.,0.217986028658783));
#2938=CARTESIAN_POINT('Ctrl Pts',(-119.140672888184,-22.,0.533868271641823));
#2939=CARTESIAN_POINT('Ctrl Pts',(-118.593792888184,-22.,0.859390083595755));
#2940=CARTESIAN_POINT('Ctrl Pts',(-117.812552888184,-22.,1.3021039145323));
#2941=CARTESIAN_POINT('Ctrl Pts',(-116.875052888184,-22.,1.77085532374596));
#2942=CARTESIAN_POINT('Ctrl Pts',(-115.937552888184,-22.,2.23960673295962));
#2943=CARTESIAN_POINT('Ctrl Pts',(-114.843802211923,-22.,2.73440430177074));
#2944=CARTESIAN_POINT('Ctrl Pts',(-113.671922888184,-22.,3.16409284558798));
#2945=CARTESIAN_POINT('Ctrl Pts',(-112.500042888184,-22.,3.59378163736717));
#2946=CARTESIAN_POINT('Ctrl Pts',(-111.250041508878,-22.,3.95836462996886));
#2947=CARTESIAN_POINT('Ctrl Pts',(-110.000032888184,-22.,4.16670002640609));
#2948=CARTESIAN_POINT('Ctrl Pts',(-108.750032888184,-22.,4.37503398605661));
#2949=CARTESIAN_POINT('Ctrl Pts',(-107.500032343552,-22.,4.53128351025078));
#2950=CARTESIAN_POINT('Ctrl Pts',(-106.328152888184,-22.,4.64847230809792));
#2951=CARTESIAN_POINT('Ctrl Pts',(-105.156282888184,-22.,4.76566016040133));
#2952=CARTESIAN_POINT('Ctrl Pts',(-104.062532713512,-22.,4.84378484941705));
#2953=CARTESIAN_POINT('Ctrl Pts',(-103.125022888184,-22.,4.8958688851829));
#2954=CARTESIAN_POINT('Ctrl Pts',(-102.187522888184,-22.,4.94795237509553));
#2955=CARTESIAN_POINT('Ctrl Pts',(-101.40627292073,-22.,4.97399852404991));
#2956=CARTESIAN_POINT('Ctrl Pts',(-100.859402888184,-22.,4.9870191592092));
#2957=CARTESIAN_POINT('Ctrl Pts',(-100.328792576934,-22.,4.99965266052279));
#2958=CARTESIAN_POINT('Ctrl Pts',(-100.009319768184,-22.,5.00004003168736));
#2959=CARTESIAN_POINT('Ctrl Pts',(-100.000952576184,-22.,5.00004003179803));
#2960=CARTESIAN_POINT('Ctrl Pts',(-100.000022888184,-22.,5.00004003168736));
#2961=CARTESIAN_POINT('',(-120.000032888184,-32.,4.1666789902237E-6));
#2962=CARTESIAN_POINT('',(-120.000032888184,-22.,4.16667898739093E-6));
#2963=CARTESIAN_POINT('',(-100.000022888184,-32.,5.00004003168736));
#2964=CARTESIAN_POINT('Ctrl Pts',(-100.000022888184,-32.,5.00004003168736));
#2965=CARTESIAN_POINT('Ctrl Pts',(-100.000952576184,-32.,5.00004003179804));
#2966=CARTESIAN_POINT('Ctrl Pts',(-100.009319768184,-32.,5.00004003168736));
#2967=CARTESIAN_POINT('Ctrl Pts',(-100.328792576934,-32.,4.9996526605228));
#2968=CARTESIAN_POINT('Ctrl Pts',(-100.859402888184,-32.,4.9870191592092));
#2969=CARTESIAN_POINT('Ctrl Pts',(-101.40627292073,-32.,4.97399852404991));
#2970=CARTESIAN_POINT('Ctrl Pts',(-102.187522888184,-32.,4.94795237509554));
#2971=CARTESIAN_POINT('Ctrl Pts',(-103.125022888184,-32.,4.89586888518291));
#2972=CARTESIAN_POINT('Ctrl Pts',(-104.062532713512,-32.,4.84378484941706));
#2973=CARTESIAN_POINT('Ctrl Pts',(-105.156282888184,-32.,4.76566016040133));
#2974=CARTESIAN_POINT('Ctrl Pts',(-106.328152888184,-32.,4.64847230809792));
#2975=CARTESIAN_POINT('Ctrl Pts',(-107.500032343552,-32.,4.53128351025078));
#2976=CARTESIAN_POINT('Ctrl Pts',(-108.750032888184,-32.,4.37503398605661));
#2977=CARTESIAN_POINT('Ctrl Pts',(-110.000032888184,-32.,4.1667000264061));
#2978=CARTESIAN_POINT('Ctrl Pts',(-111.250041508878,-32.,3.95836462996886));
#2979=CARTESIAN_POINT('Ctrl Pts',(-112.500042888184,-32.,3.59378163736718));
#2980=CARTESIAN_POINT('Ctrl Pts',(-113.671922888184,-32.,3.16409284558799));
#2981=CARTESIAN_POINT('Ctrl Pts',(-114.843802211923,-32.,2.73440430177075));
#2982=CARTESIAN_POINT('Ctrl Pts',(-115.937552888184,-32.,2.23960673295962));
#2983=CARTESIAN_POINT('Ctrl Pts',(-116.875052888184,-32.,1.77085532374596));
#2984=CARTESIAN_POINT('Ctrl Pts',(-117.812552888184,-32.,1.3021039145323));
#2985=CARTESIAN_POINT('Ctrl Pts',(-118.593792888184,-32.,0.859390083595758));
#2986=CARTESIAN_POINT('Ctrl Pts',(-119.140672888184,-32.,0.533868271641825));
#2987=CARTESIAN_POINT('Ctrl Pts',(-119.671358312935,-32.,0.217986028658785));
#2988=CARTESIAN_POINT('Ctrl Pts',(-119.990778444415,-32.,0.00617413523813251));
#2989=CARTESIAN_POINT('Ctrl Pts',(-119.999107443807,-32.,0.000621163534904453));
#2990=CARTESIAN_POINT('Ctrl Pts',(-120.000032888184,-32.,4.1666789902237E-6));
#2991=CARTESIAN_POINT('',(-100.000022888184,-22.,5.00004003168736));
#2992=CARTESIAN_POINT('Origin',(-30.0000028881836,-22.,5.00003169832916));
#2993=CARTESIAN_POINT('',(-30.0000028881836,-22.,5.00003169832916));
#2994=CARTESIAN_POINT('',(-100.000022888184,-22.,5.00004003168754));
#2995=CARTESIAN_POINT('',(-30.0000028881836,-32.,5.00003169832916));
#2996=CARTESIAN_POINT('',(-100.000022888184,-32.,5.00004003168754));
#2997=CARTESIAN_POINT('',(-30.0000028881836,-22.,5.00003169832916));
#2998=CARTESIAN_POINT('Origin',(-30.0000028881834,-22.,-2.05896047146504E-13));
#2999=CARTESIAN_POINT('',(-30.0000028881834,-22.,-2.05896047146504E-13));
#3000=CARTESIAN_POINT('',(-30.0000028881834,-22.,5.00003169832899));
#3001=CARTESIAN_POINT('',(-30.0000028881834,-32.,-2.03063279285618E-13));
#3002=CARTESIAN_POINT('',(-30.0000028881834,-32.,5.00003169832899));
#3003=CARTESIAN_POINT('',(-30.0000028881834,-22.,-2.05896047146504E-13));
#3004=CARTESIAN_POINT('Origin',(-120.000032888184,-22.,4.16667898739073E-6));
#3005=CARTESIAN_POINT('',(-30.0000028881827,-22.,-2.05619646743288E-13));
#3006=CARTESIAN_POINT('',(-30.0000028881827,-32.,-2.02786878882402E-13));
#3007=CARTESIAN_POINT('Origin',(-120.000032888184,-22.,4.16667898739093E-6));
#3008=CARTESIAN_POINT('Origin',(-120.000032888184,-32.,4.1666789902237E-6));
#3009=CARTESIAN_POINT('Ctrl Pts',(90.0000228881836,9.99999999999999,5.00004003168735));
#3010=CARTESIAN_POINT('Ctrl Pts',(90.0000228881836,6.66666666666665,5.00004003168735));
#3011=CARTESIAN_POINT('Ctrl Pts',(90.0000228881836,3.33333333333332,5.00004003168735));
#3012=CARTESIAN_POINT('Ctrl Pts',(90.0000228881836,-1.11022302462516E-14,
5.00004003168735));
#3013=CARTESIAN_POINT('Ctrl Pts',(90.0009525761836,9.99999999999999,5.00004003179803));
#3014=CARTESIAN_POINT('Ctrl Pts',(90.0009525761836,6.66666666666665,5.00004003179803));
#3015=CARTESIAN_POINT('Ctrl Pts',(90.0009525761836,3.33333333333332,5.00004003179803));
#3016=CARTESIAN_POINT('Ctrl Pts',(90.0009525761836,-1.11022302462202E-14,
5.00004003179803));
#3017=CARTESIAN_POINT('Ctrl Pts',(90.0093197681837,9.99999999999999,5.00004003168735));
#3018=CARTESIAN_POINT('Ctrl Pts',(90.0093197681837,6.66666666666666,5.00004003168735));
#3019=CARTESIAN_POINT('Ctrl Pts',(90.0093197681837,3.33333333333332,5.00004003168735));
#3020=CARTESIAN_POINT('Ctrl Pts',(90.0093197681837,-1.11017813583497E-14,
5.00004003168735));
#3021=CARTESIAN_POINT('Ctrl Pts',(90.3287925769337,9.99999999999998,4.99965266052279));
#3022=CARTESIAN_POINT('Ctrl Pts',(90.3287925769337,6.66666666666665,4.99965266052279));
#3023=CARTESIAN_POINT('Ctrl Pts',(90.3287925769337,3.33333333333332,4.99965266052279));
#3024=CARTESIAN_POINT('Ctrl Pts',(90.3287925769337,-1.10951969407928E-14,
4.99965266052279));
#3025=CARTESIAN_POINT('Ctrl Pts',(91.4062729207301,9.99999999999999,4.9739985240499));
#3026=CARTESIAN_POINT('Ctrl Pts',(91.4062729207301,6.66666666666665,4.9739985240499));
#3027=CARTESIAN_POINT('Ctrl Pts',(91.4062729207301,3.33333333333333,4.9739985240499));
#3028=CARTESIAN_POINT('Ctrl Pts',(91.4062729207301,-1.10940135182777E-14,
4.9739985240499));
#3029=CARTESIAN_POINT('Ctrl Pts',(92.1875228881836,9.99999999999999,4.94795237509553));
#3030=CARTESIAN_POINT('Ctrl Pts',(92.1875228881836,6.66666666666665,4.94795237509553));
#3031=CARTESIAN_POINT('Ctrl Pts',(92.1875228881836,3.33333333333332,4.94795237509553));
#3032=CARTESIAN_POINT('Ctrl Pts',(92.1875228881836,-1.10844658538852E-14,
4.94795237509553));
#3033=CARTESIAN_POINT('Ctrl Pts',(94.062532713512,9.99999999999999,4.84378484941705));
#3034=CARTESIAN_POINT('Ctrl Pts',(94.062532713512,6.66666666666665,4.84378484941705));
#3035=CARTESIAN_POINT('Ctrl Pts',(94.062532713512,3.33333333333332,4.84378484941705));
#3036=CARTESIAN_POINT('Ctrl Pts',(94.062532713512,-1.10893143449197E-14,
4.84378484941705));
#3037=CARTESIAN_POINT('Ctrl Pts',(95.1562828881836,9.99999999999999,4.76566016040132));
#3038=CARTESIAN_POINT('Ctrl Pts',(95.1562828881836,6.66666666666665,4.76566016040132));
#3039=CARTESIAN_POINT('Ctrl Pts',(95.1562828881836,3.33333333333333,4.76566016040133));
#3040=CARTESIAN_POINT('Ctrl Pts',(95.1562828881836,-1.1072948040467E-14,
4.76566016040133));
#3041=CARTESIAN_POINT('Ctrl Pts',(97.500032343552,9.99999999999999,4.53128351025077));
#3042=CARTESIAN_POINT('Ctrl Pts',(97.500032343552,6.66666666666667,4.53128351025077));
#3043=CARTESIAN_POINT('Ctrl Pts',(97.500032343552,3.33333333333331,4.53128351025077));
#3044=CARTESIAN_POINT('Ctrl Pts',(97.500032343552,-1.10887699731539E-14,
4.53128351025077));
#3045=CARTESIAN_POINT('Ctrl Pts',(98.7500328881836,9.99999999999999,4.37503398605661));
#3046=CARTESIAN_POINT('Ctrl Pts',(98.7500328881836,6.66666666666664,4.37503398605661));
#3047=CARTESIAN_POINT('Ctrl Pts',(98.7500328881836,3.33333333333333,4.37503398605661));
#3048=CARTESIAN_POINT('Ctrl Pts',(98.7500328881836,-1.10657896907765E-14,
4.37503398605661));
#3049=CARTESIAN_POINT('Ctrl Pts',(101.250041508878,9.99999999999999,3.95836462996885));
#3050=CARTESIAN_POINT('Ctrl Pts',(101.250041508878,6.66666666666667,3.95836462996885));
#3051=CARTESIAN_POINT('Ctrl Pts',(101.250041508878,3.33333333333331,3.95836462996885));
#3052=CARTESIAN_POINT('Ctrl Pts',(101.250041508878,-1.10996969970473E-14,
3.95836462996885));
#3053=CARTESIAN_POINT('Ctrl Pts',(102.500042888184,9.99999999999999,3.59378163736717));
#3054=CARTESIAN_POINT('Ctrl Pts',(102.500042888184,6.66666666666664,3.59378163736717));
#3055=CARTESIAN_POINT('Ctrl Pts',(102.500042888184,3.33333333333333,3.59378163736717));
#3056=CARTESIAN_POINT('Ctrl Pts',(102.500042888184,-1.1120201619046E-14,
3.59378163736717));
#3057=CARTESIAN_POINT('Ctrl Pts',(104.843802211923,9.99999999999999,2.73440430177074));
#3058=CARTESIAN_POINT('Ctrl Pts',(104.843802211923,6.66666666666667,2.73440430177074));
#3059=CARTESIAN_POINT('Ctrl Pts',(104.843802211923,3.33333333333331,2.73440430177074));
#3060=CARTESIAN_POINT('Ctrl Pts',(104.843802211923,-1.12835586081559E-14,
2.73440430177074));
#3061=CARTESIAN_POINT('Ctrl Pts',(105.937552888184,9.99999999999999,2.23960673295962));
#3062=CARTESIAN_POINT('Ctrl Pts',(105.937552888184,6.66666666666664,2.23960673295962));
#3063=CARTESIAN_POINT('Ctrl Pts',(105.937552888184,3.33333333333333,2.23960673295962));
#3064=CARTESIAN_POINT('Ctrl Pts',(105.937552888184,-1.15441703789661E-14,
2.23960673295962));
#3065=CARTESIAN_POINT('Ctrl Pts',(107.812552888184,9.99999999999999,1.30210391453229));
#3066=CARTESIAN_POINT('Ctrl Pts',(107.812552888184,6.66666666666667,1.30210391453229));
#3067=CARTESIAN_POINT('Ctrl Pts',(107.812552888184,3.33333333333331,1.30210391453229));
#3068=CARTESIAN_POINT('Ctrl Pts',(107.812552888184,-1.20408693948475E-14,
1.30210391453229));
#3069=CARTESIAN_POINT('Ctrl Pts',(108.593792888184,9.99999999999999,0.859390083595748));
#3070=CARTESIAN_POINT('Ctrl Pts',(108.593792888184,6.66666666666664,0.859390083595749));
#3071=CARTESIAN_POINT('Ctrl Pts',(108.593792888184,3.33333333333333,0.85939008359575));
#3072=CARTESIAN_POINT('Ctrl Pts',(108.593792888184,-1.21220066448745E-14,
0.859390083595751));
#3073=CARTESIAN_POINT('Ctrl Pts',(109.671358312935,9.99999999999999,0.217986028658776));
#3074=CARTESIAN_POINT('Ctrl Pts',(109.671358312935,6.66666666666667,0.217986028658777));
#3075=CARTESIAN_POINT('Ctrl Pts',(109.671358312935,3.33333333333331,0.217986028658777));
#3076=CARTESIAN_POINT('Ctrl Pts',(109.671358312935,-1.22381627353984E-14,
0.217986028658778));
#3077=CARTESIAN_POINT('Ctrl Pts',(109.990778444415,9.99999999999999,0.00617413523812255));
#3078=CARTESIAN_POINT('Ctrl Pts',(109.990778444415,6.66666666666665,0.00617413523812349));
#3079=CARTESIAN_POINT('Ctrl Pts',(109.990778444415,3.33333333333333,0.00617413523812445));
#3080=CARTESIAN_POINT('Ctrl Pts',(109.990778444415,-1.22179086757425E-14,
0.00617413523812539));
#3081=CARTESIAN_POINT('Ctrl Pts',(109.999107443807,9.99999999999999,0.000621163534894514));
#3082=CARTESIAN_POINT('Ctrl Pts',(109.999107443807,6.66666666666666,0.000621163534895459));
#3083=CARTESIAN_POINT('Ctrl Pts',(109.999107443807,3.33333333333332,0.000621163534896403));
#3084=CARTESIAN_POINT('Ctrl Pts',(109.999107443807,-1.22122784898924E-14,
0.000621163534897347));
#3085=CARTESIAN_POINT('Ctrl Pts',(110.000032888184,9.99999999999999,4.1666789802855E-6));
#3086=CARTESIAN_POINT('Ctrl Pts',(110.000032888184,6.66666666666665,4.16667898122976E-6));
#3087=CARTESIAN_POINT('Ctrl Pts',(110.000032888184,3.33333333333332,4.16667898217401E-6));
#3088=CARTESIAN_POINT('Ctrl Pts',(110.000032888184,-1.22124532708767E-14,
4.16667898311827E-6));
#3089=CARTESIAN_POINT('',(110.000032888184,9.99999999999999,4.1666789802855E-6));
#3090=CARTESIAN_POINT('',(90.0000228881836,9.99999999999999,5.00004003168735));
#3091=CARTESIAN_POINT('Ctrl Pts',(110.000032888184,9.99999999999999,4.1666789802855E-6));
#3092=CARTESIAN_POINT('Ctrl Pts',(109.999107443807,9.99999999999999,0.000621163534894514));
#3093=CARTESIAN_POINT('Ctrl Pts',(109.990778444415,9.99999999999999,0.00617413523812257));
#3094=CARTESIAN_POINT('Ctrl Pts',(109.671358312935,9.99999999999999,0.217986028658776));
#3095=CARTESIAN_POINT('Ctrl Pts',(109.140672888184,9.99999999999999,0.533868271641815));
#3096=CARTESIAN_POINT('Ctrl Pts',(108.593792888184,9.99999999999999,0.859390083595748));
#3097=CARTESIAN_POINT('Ctrl Pts',(107.812552888184,9.99999999999999,1.30210391453229));
#3098=CARTESIAN_POINT('Ctrl Pts',(106.875052888184,9.99999999999999,1.77085532374595));
#3099=CARTESIAN_POINT('Ctrl Pts',(105.937552888184,9.99999999999999,2.23960673295961));
#3100=CARTESIAN_POINT('Ctrl Pts',(104.843802211923,9.99999999999999,2.73440430177074));
#3101=CARTESIAN_POINT('Ctrl Pts',(103.671922888184,9.99999999999999,3.16409284558798));
#3102=CARTESIAN_POINT('Ctrl Pts',(102.500042888184,9.99999999999999,3.59378163736717));
#3103=CARTESIAN_POINT('Ctrl Pts',(101.250041508878,9.99999999999999,3.95836462996885));
#3104=CARTESIAN_POINT('Ctrl Pts',(100.000032888184,9.99999999999999,4.16670002640609));
#3105=CARTESIAN_POINT('Ctrl Pts',(98.7500328881836,9.99999999999999,4.3750339860566));
#3106=CARTESIAN_POINT('Ctrl Pts',(97.500032343552,9.99999999999999,4.53128351025077));
#3107=CARTESIAN_POINT('Ctrl Pts',(96.3281528881836,9.99999999999999,4.64847230809791));
#3108=CARTESIAN_POINT('Ctrl Pts',(95.1562828881836,9.99999999999999,4.76566016040132));
#3109=CARTESIAN_POINT('Ctrl Pts',(94.062532713512,9.99999999999999,4.84378484941705));
#3110=CARTESIAN_POINT('Ctrl Pts',(93.1250228881836,9.99999999999999,4.8958688851829));
#3111=CARTESIAN_POINT('Ctrl Pts',(92.1875228881836,9.99999999999999,4.94795237509553));
#3112=CARTESIAN_POINT('Ctrl Pts',(91.4062729207301,9.99999999999999,4.9739985240499));
#3113=CARTESIAN_POINT('Ctrl Pts',(90.8594028881836,9.99999999999999,4.98701915920919));
#3114=CARTESIAN_POINT('Ctrl Pts',(90.3287925769337,9.99999999999999,4.99965266052279));
#3115=CARTESIAN_POINT('Ctrl Pts',(90.0093197681836,9.99999999999999,5.00004003168735));
#3116=CARTESIAN_POINT('Ctrl Pts',(90.0009525761836,9.99999999999999,5.00004003179803));
#3117=CARTESIAN_POINT('Ctrl Pts',(90.0000228881836,9.99999999999999,5.00004003168735));
#3118=CARTESIAN_POINT('',(90.0000228881836,-1.06581410364015E-14,5.00004003168735));
#3119=CARTESIAN_POINT('',(90.0000228881836,9.99999999999999,5.00004003168735));
#3120=CARTESIAN_POINT('',(110.000032888184,-1.24344978758018E-14,4.16667898311827E-6));
#3121=CARTESIAN_POINT('Ctrl Pts',(90.0000228881836,-1.06581410364015E-14,
5.00004003168735));
#3122=CARTESIAN_POINT('Ctrl Pts',(90.0009525761836,-1.06581410364015E-14,
5.00004003179803));
#3123=CARTESIAN_POINT('Ctrl Pts',(90.0093197681836,-1.06581410364015E-14,
5.00004003168735));
#3124=CARTESIAN_POINT('Ctrl Pts',(90.3287925769337,-1.06581410364015E-14,
4.99965266052279));
#3125=CARTESIAN_POINT('Ctrl Pts',(90.8594028881836,-1.06581410364015E-14,
4.98701915920919));
#3126=CARTESIAN_POINT('Ctrl Pts',(91.4062729207301,-1.06581410364015E-14,
4.9739985240499));
#3127=CARTESIAN_POINT('Ctrl Pts',(92.1875228881836,-1.06581410364015E-14,
4.94795237509553));
#3128=CARTESIAN_POINT('Ctrl Pts',(93.1250228881836,-1.06581410364015E-14,
4.8958688851829));
#3129=CARTESIAN_POINT('Ctrl Pts',(94.062532713512,-1.06581410364015E-14,
4.84378484941705));
#3130=CARTESIAN_POINT('Ctrl Pts',(95.1562828881836,-1.06581410364015E-14,
4.76566016040133));
#3131=CARTESIAN_POINT('Ctrl Pts',(96.3281528881836,-1.06581410364015E-14,
4.64847230809791));
#3132=CARTESIAN_POINT('Ctrl Pts',(97.500032343552,-1.06581410364015E-14,
4.53128351025077));
#3133=CARTESIAN_POINT('Ctrl Pts',(98.7500328881836,-1.06581410364015E-14,
4.37503398605661));
#3134=CARTESIAN_POINT('Ctrl Pts',(100.000032888184,-1.06581410364015E-14,
4.16670002640609));
#3135=CARTESIAN_POINT('Ctrl Pts',(101.250041508878,-1.06581410364015E-14,
3.95836462996885));
#3136=CARTESIAN_POINT('Ctrl Pts',(102.500042888184,-1.06581410364015E-14,
3.59378163736717));
#3137=CARTESIAN_POINT('Ctrl Pts',(103.671922888184,-1.06581410364015E-14,
3.16409284558798));
#3138=CARTESIAN_POINT('Ctrl Pts',(104.843802211923,-1.06581410364015E-14,
2.73440430177074));
#3139=CARTESIAN_POINT('Ctrl Pts',(105.937552888184,-1.06581410364015E-14,
2.23960673295962));
#3140=CARTESIAN_POINT('Ctrl Pts',(106.875052888184,-1.24344978758018E-14,
1.77085532374595));
#3141=CARTESIAN_POINT('Ctrl Pts',(107.812552888184,-1.24344978758018E-14,
1.30210391453229));
#3142=CARTESIAN_POINT('Ctrl Pts',(108.593792888184,-1.24344978758018E-14,
0.859390083595751));
#3143=CARTESIAN_POINT('Ctrl Pts',(109.140672888184,-1.24344978758018E-14,
0.533868271641818));
#3144=CARTESIAN_POINT('Ctrl Pts',(109.671358312935,-1.24344978758018E-14,
0.217986028658778));
#3145=CARTESIAN_POINT('Ctrl Pts',(109.990778444415,-1.24344978758018E-14,
0.00617413523812541));
#3146=CARTESIAN_POINT('Ctrl Pts',(109.999107443807,-1.24344978758018E-14,
0.000621163534897347));
#3147=CARTESIAN_POINT('Ctrl Pts',(110.000032888184,-1.24344978758018E-14,
4.16667898311827E-6));
#3148=CARTESIAN_POINT('',(110.000032888184,9.99999999999999,4.1666789802855E-6));
#3149=CARTESIAN_POINT('Origin',(20.0000028881836,9.99999999999999,5.00003169832915));
#3150=CARTESIAN_POINT('',(20.0000028881836,9.99999999999999,5.00003169832915));
#3151=CARTESIAN_POINT('',(90.0000228881836,9.99999999999999,5.00004003168753));
#3152=CARTESIAN_POINT('',(20.0000028881836,-1.06581410364015E-14,5.00003169832915));
#3153=CARTESIAN_POINT('',(20.0000028881836,9.99999999999999,5.00003169832915));
#3154=CARTESIAN_POINT('',(90.0000228881836,-1.06581410364015E-14,5.00004003168754));
#3155=CARTESIAN_POINT('Origin',(20.0000028881834,9.99999999999999,-2.13001474504105E-13));
#3156=CARTESIAN_POINT('',(20.0000028881834,9.99999999999999,-2.13001474504105E-13));
#3157=CARTESIAN_POINT('',(20.0000028881834,9.99999999999999,5.00003169832898));
#3158=CARTESIAN_POINT('',(20.0000028881834,-1.24344978758018E-14,-2.10168706643219E-13));
#3159=CARTESIAN_POINT('',(20.0000028881834,9.99999999999999,-2.13001474504105E-13));
#3160=CARTESIAN_POINT('',(20.0000028881834,-1.06581410364015E-14,5.00003169832898));
#3161=CARTESIAN_POINT('Origin',(110.000032888184,9.99999999999999,4.16667898028531E-6));
#3162=CARTESIAN_POINT('',(20.0000028881826,9.99999999999999,-2.12725074100889E-13));
#3163=CARTESIAN_POINT('',(20.0000028881826,-1.24344978758018E-14,-2.09892306240003E-13));
#3164=CARTESIAN_POINT('Origin',(110.000032888184,9.99999999999999,4.1666789802855E-6));
#3165=CARTESIAN_POINT('Origin',(110.000032888184,-1.24344978758018E-14,
4.16667898311827E-6));
#3166=CARTESIAN_POINT('Ctrl Pts',(-10.,113.000022888184,5.00004003168733));
#3167=CARTESIAN_POINT('Ctrl Pts',(-6.66666666666668,113.000022888184,5.00004003168733));
#3168=CARTESIAN_POINT('Ctrl Pts',(-3.33333333333335,113.000022888184,5.00004003168733));
#3169=CARTESIAN_POINT('Ctrl Pts',(-1.33226762955019E-14,113.000022888184,
5.00004003168733));
#3170=CARTESIAN_POINT('Ctrl Pts',(-10.,113.000952576184,5.000040031798));
#3171=CARTESIAN_POINT('Ctrl Pts',(-6.66666666666668,113.000952576184,5.000040031798));
#3172=CARTESIAN_POINT('Ctrl Pts',(-3.33333333333335,113.000952576184,5.000040031798));
#3173=CARTESIAN_POINT('Ctrl Pts',(-1.3322619368537E-14,113.000952576184,
5.000040031798));
#3174=CARTESIAN_POINT('Ctrl Pts',(-10.,113.009319768184,5.00004003168732));
#3175=CARTESIAN_POINT('Ctrl Pts',(-6.66666666666667,113.009319768184,5.00004003168732));
#3176=CARTESIAN_POINT('Ctrl Pts',(-3.33333333333335,113.009319768184,5.00004003168732));
#3177=CARTESIAN_POINT('Ctrl Pts',(-1.3325839068028E-14,113.009319768184,
5.00004003168732));
#3178=CARTESIAN_POINT('Ctrl Pts',(-10.,113.328792576934,4.99965266052277));
#3179=CARTESIAN_POINT('Ctrl Pts',(-6.66666666666668,113.328792576934,4.99965266052277));
#3180=CARTESIAN_POINT('Ctrl Pts',(-3.33333333333334,113.328792576934,4.99965266052277));
#3181=CARTESIAN_POINT('Ctrl Pts',(-1.33515151674414E-14,113.328792576934,
4.99965266052277));
#3182=CARTESIAN_POINT('Ctrl Pts',(-10.,114.40627292073,4.97399852404987));
#3183=CARTESIAN_POINT('Ctrl Pts',(-6.66666666666667,114.40627292073,4.97399852404987));
#3184=CARTESIAN_POINT('Ctrl Pts',(-3.33333333333335,114.40627292073,4.97399852404987));
#3185=CARTESIAN_POINT('Ctrl Pts',(-1.33295302929073E-14,114.40627292073,
4.97399852404987));
#3186=CARTESIAN_POINT('Ctrl Pts',(-10.,115.187522888184,4.9479523750955));
#3187=CARTESIAN_POINT('Ctrl Pts',(-6.66666666666668,115.187522888184,4.9479523750955));
#3188=CARTESIAN_POINT('Ctrl Pts',(-3.33333333333335,115.187522888184,4.9479523750955));
#3189=CARTESIAN_POINT('Ctrl Pts',(-1.33384092911275E-14,115.187522888184,
4.9479523750955));
#3190=CARTESIAN_POINT('Ctrl Pts',(-10.,117.062532713512,4.84378484941702));
#3191=CARTESIAN_POINT('Ctrl Pts',(-6.66666666666668,117.062532713512,4.84378484941702));
#3192=CARTESIAN_POINT('Ctrl Pts',(-3.33333333333334,117.062532713512,4.84378484941702));
#3193=CARTESIAN_POINT('Ctrl Pts',(-1.32769243188971E-14,117.062532713512,
4.84378484941702));
#3194=CARTESIAN_POINT('Ctrl Pts',(-10.,118.156282888184,4.7656601604013));
#3195=CARTESIAN_POINT('Ctrl Pts',(-6.66666666666667,118.156282888184,4.7656601604013));
#3196=CARTESIAN_POINT('Ctrl Pts',(-3.33333333333336,118.156282888184,4.7656601604013));
#3197=CARTESIAN_POINT('Ctrl Pts',(-1.32402180967143E-14,118.156282888184,
4.7656601604013));
#3198=CARTESIAN_POINT('Ctrl Pts',(-10.,120.500032343552,4.53128351025074));
#3199=CARTESIAN_POINT('Ctrl Pts',(-6.66666666666669,120.500032343552,4.53128351025074));
#3200=CARTESIAN_POINT('Ctrl Pts',(-3.33333333333334,120.500032343552,4.53128351025074));
#3201=CARTESIAN_POINT('Ctrl Pts',(-1.30655419237775E-14,120.500032343552,
4.53128351025074));
#3202=CARTESIAN_POINT('Ctrl Pts',(-10.,121.750032888184,4.37503398605658));
#3203=CARTESIAN_POINT('Ctrl Pts',(-6.66666666666667,121.750032888184,4.37503398605658));
#3204=CARTESIAN_POINT('Ctrl Pts',(-3.33333333333336,121.750032888184,4.37503398605658));
#3205=CARTESIAN_POINT('Ctrl Pts',(-1.28523293209689E-14,121.750032888184,
4.37503398605658));
#3206=CARTESIAN_POINT('Ctrl Pts',(-10.,124.250041508878,3.95836462996883));
#3207=CARTESIAN_POINT('Ctrl Pts',(-6.66666666666669,124.250041508878,3.95836462996883));
#3208=CARTESIAN_POINT('Ctrl Pts',(-3.33333333333333,124.250041508878,3.95836462996883));
#3209=CARTESIAN_POINT('Ctrl Pts',(-1.20510047676039E-14,124.250041508878,
3.95836462996883));
#3210=CARTESIAN_POINT('Ctrl Pts',(-10.,125.500042888184,3.59378163736714));
#3211=CARTESIAN_POINT('Ctrl Pts',(-6.66666666666667,125.500042888184,3.59378163736714));
#3212=CARTESIAN_POINT('Ctrl Pts',(-3.33333333333336,125.500042888184,3.59378163736714));
#3213=CARTESIAN_POINT('Ctrl Pts',(-1.1517892541521E-14,125.500042888184,
3.59378163736714));
#3214=CARTESIAN_POINT('Ctrl Pts',(-10.,127.843802211923,2.73440430177071));
#3215=CARTESIAN_POINT('Ctrl Pts',(-6.66666666666669,127.843802211923,2.73440430177071));
#3216=CARTESIAN_POINT('Ctrl Pts',(-3.33333333333333,127.843802211923,2.73440430177071));
#3217=CARTESIAN_POINT('Ctrl Pts',(-1.12752141879828E-14,127.843802211923,
2.73440430177071));
#3218=CARTESIAN_POINT('Ctrl Pts',(-10.,128.937552888184,2.23960673295959));
#3219=CARTESIAN_POINT('Ctrl Pts',(-6.66666666666667,128.937552888184,2.23960673295959));
#3220=CARTESIAN_POINT('Ctrl Pts',(-3.33333333333336,128.937552888184,2.23960673295959));
#3221=CARTESIAN_POINT('Ctrl Pts',(-1.11909790268667E-14,128.937552888184,
2.23960673295959));
#3222=CARTESIAN_POINT('Ctrl Pts',(-10.,130.812552888184,1.30210391453226));
#3223=CARTESIAN_POINT('Ctrl Pts',(-6.66666666666669,130.812552888184,1.30210391453226));
#3224=CARTESIAN_POINT('Ctrl Pts',(-3.33333333333333,130.812552888184,1.30210391453226));
#3225=CARTESIAN_POINT('Ctrl Pts',(-1.10956063316973E-14,130.812552888184,
1.30210391453226));
#3226=CARTESIAN_POINT('Ctrl Pts',(-10.,131.593792888184,0.859390083595721));
#3227=CARTESIAN_POINT('Ctrl Pts',(-6.66666666666666,131.593792888184,0.859390083595721));
#3228=CARTESIAN_POINT('Ctrl Pts',(-3.33333333333336,131.593792888184,0.859390083595721));
#3229=CARTESIAN_POINT('Ctrl Pts',(-1.11002855501664E-14,131.593792888184,
0.859390083595721));
#3230=CARTESIAN_POINT('Ctrl Pts',(-10.,132.671358312935,0.217986028658748));
#3231=CARTESIAN_POINT('Ctrl Pts',(-6.66666666666669,132.671358312935,0.217986028658749));
#3232=CARTESIAN_POINT('Ctrl Pts',(-3.33333333333333,132.671358312935,0.217986028658749));
#3233=CARTESIAN_POINT('Ctrl Pts',(-1.10621039895166E-14,132.671358312935,
0.217986028658749));
#3234=CARTESIAN_POINT('Ctrl Pts',(-10.,132.990778444415,0.00617413523809523));
#3235=CARTESIAN_POINT('Ctrl Pts',(-6.66666666666665,132.990778444415,0.00617413523809544));
#3236=CARTESIAN_POINT('Ctrl Pts',(-3.33333333333336,132.990778444415,0.00617413523809564));
#3237=CARTESIAN_POINT('Ctrl Pts',(-1.10974875793242E-14,132.990778444415,
0.00617413523809584));
#3238=CARTESIAN_POINT('Ctrl Pts',(-10.,132.999107443807,0.000621163534867203));
#3239=CARTESIAN_POINT('Ctrl Pts',(-6.66666666666668,132.999107443807,0.000621163534867407));
#3240=CARTESIAN_POINT('Ctrl Pts',(-3.33333333333334,132.999107443807,0.000621163534867611));
#3241=CARTESIAN_POINT('Ctrl Pts',(-1.11023246935375E-14,132.999107443807,
0.000621163534867815));
#3242=CARTESIAN_POINT('Ctrl Pts',(-10.,133.000032888184,4.16667895297401E-6));
#3243=CARTESIAN_POINT('Ctrl Pts',(-6.66666666666668,133.000032888184,4.16667895317811E-6));
#3244=CARTESIAN_POINT('Ctrl Pts',(-3.33333333333334,133.000032888184,4.16667895338222E-6));
#3245=CARTESIAN_POINT('Ctrl Pts',(-1.11022302462516E-14,133.000032888184,
4.16667895358633E-6));
#3246=CARTESIAN_POINT('',(-10.,133.000032888184,4.16667895297401E-6));
#3247=CARTESIAN_POINT('',(-10.,113.000022888184,5.00004003168733));
#3248=CARTESIAN_POINT('Ctrl Pts',(-10.,133.000032888184,4.16667895297401E-6));
#3249=CARTESIAN_POINT('Ctrl Pts',(-10.,132.999107443807,0.000621163534867203));
#3250=CARTESIAN_POINT('Ctrl Pts',(-10.,132.990778444415,0.00617413523809526));
#3251=CARTESIAN_POINT('Ctrl Pts',(-10.,132.671358312935,0.217986028658748));
#3252=CARTESIAN_POINT('Ctrl Pts',(-10.,132.140672888184,0.533868271641788));
#3253=CARTESIAN_POINT('Ctrl Pts',(-10.,131.593792888184,0.859390083595721));
#3254=CARTESIAN_POINT('Ctrl Pts',(-10.,130.812552888184,1.30210391453226));
#3255=CARTESIAN_POINT('Ctrl Pts',(-10.,129.875052888184,1.77085532374593));
#3256=CARTESIAN_POINT('Ctrl Pts',(-10.,128.937552888184,2.23960673295959));
#3257=CARTESIAN_POINT('Ctrl Pts',(-10.,127.843802211923,2.73440430177071));
#3258=CARTESIAN_POINT('Ctrl Pts',(-10.,126.671922888184,3.16409284558795));
#3259=CARTESIAN_POINT('Ctrl Pts',(-10.,125.500042888184,3.59378163736714));
#3260=CARTESIAN_POINT('Ctrl Pts',(-10.,124.250041508878,3.95836462996882));
#3261=CARTESIAN_POINT('Ctrl Pts',(-10.,123.000032888184,4.16670002640606));
#3262=CARTESIAN_POINT('Ctrl Pts',(-10.,121.750032888184,4.37503398605658));
#3263=CARTESIAN_POINT('Ctrl Pts',(-10.,120.500032343552,4.53128351025074));
#3264=CARTESIAN_POINT('Ctrl Pts',(-10.,119.328152888184,4.64847230809788));
#3265=CARTESIAN_POINT('Ctrl Pts',(-10.,118.156282888184,4.7656601604013));
#3266=CARTESIAN_POINT('Ctrl Pts',(-10.,117.062532713512,4.84378484941702));
#3267=CARTESIAN_POINT('Ctrl Pts',(-10.,116.125022888184,4.89586888518287));
#3268=CARTESIAN_POINT('Ctrl Pts',(-10.,115.187522888184,4.9479523750955));
#3269=CARTESIAN_POINT('Ctrl Pts',(-10.,114.40627292073,4.97399852404988));
#3270=CARTESIAN_POINT('Ctrl Pts',(-10.,113.859402888184,4.98701915920917));
#3271=CARTESIAN_POINT('Ctrl Pts',(-10.,113.328792576934,4.99965266052276));
#3272=CARTESIAN_POINT('Ctrl Pts',(-10.,113.009319768184,5.00004003168733));
#3273=CARTESIAN_POINT('Ctrl Pts',(-10.,113.000952576184,5.000040031798));
#3274=CARTESIAN_POINT('Ctrl Pts',(-10.,113.000022888184,5.00004003168733));
#3275=CARTESIAN_POINT('',(-1.4210854715202E-14,113.000022888184,5.00004003168733));
#3276=CARTESIAN_POINT('',(-10.,113.000022888184,5.00004003168733));
#3277=CARTESIAN_POINT('',(-1.06581410364015E-14,133.000032888184,4.16667895358633E-6));
#3278=CARTESIAN_POINT('Ctrl Pts',(-1.4210854715202E-14,113.000022888184,
5.00004003168733));
#3279=CARTESIAN_POINT('Ctrl Pts',(-1.4210854715202E-14,113.000952576184,
5.000040031798));
#3280=CARTESIAN_POINT('Ctrl Pts',(-1.4210854715202E-14,113.009319768184,
5.00004003168733));
#3281=CARTESIAN_POINT('Ctrl Pts',(-1.4210854715202E-14,113.328792576934,
4.99965266052277));
#3282=CARTESIAN_POINT('Ctrl Pts',(-1.4210854715202E-14,113.859402888184,
4.98701915920917));
#3283=CARTESIAN_POINT('Ctrl Pts',(-1.4210854715202E-14,114.40627292073,
4.97399852404988));
#3284=CARTESIAN_POINT('Ctrl Pts',(-1.4210854715202E-14,115.187522888184,
4.9479523750955));
#3285=CARTESIAN_POINT('Ctrl Pts',(-1.4210854715202E-14,116.125022888184,
4.89586888518287));
#3286=CARTESIAN_POINT('Ctrl Pts',(-1.4210854715202E-14,117.062532713512,
4.84378484941702));
#3287=CARTESIAN_POINT('Ctrl Pts',(-1.4210854715202E-14,118.156282888184,
4.7656601604013));
#3288=CARTESIAN_POINT('Ctrl Pts',(-1.4210854715202E-14,119.328152888184,
4.64847230809788));
#3289=CARTESIAN_POINT('Ctrl Pts',(-1.4210854715202E-14,120.500032343552,
4.53128351025075));
#3290=CARTESIAN_POINT('Ctrl Pts',(-1.4210854715202E-14,121.750032888184,
4.37503398605658));
#3291=CARTESIAN_POINT('Ctrl Pts',(-1.24344978758018E-14,123.000032888184,
4.16670002640606));
#3292=CARTESIAN_POINT('Ctrl Pts',(-1.24344978758018E-14,124.250041508878,
3.95836462996883));
#3293=CARTESIAN_POINT('Ctrl Pts',(-1.24344978758018E-14,125.500042888184,
3.59378163736714));
#3294=CARTESIAN_POINT('Ctrl Pts',(-1.06581410364015E-14,126.671922888184,
3.16409284558795));
#3295=CARTESIAN_POINT('Ctrl Pts',(-1.06581410364015E-14,127.843802211923,
2.73440430177071));
#3296=CARTESIAN_POINT('Ctrl Pts',(-1.06581410364015E-14,128.937552888184,
2.23960673295959));
#3297=CARTESIAN_POINT('Ctrl Pts',(-1.06581410364015E-14,129.875052888184,
1.77085532374593));
#3298=CARTESIAN_POINT('Ctrl Pts',(-1.06581410364015E-14,130.812552888184,
1.30210391453226));
#3299=CARTESIAN_POINT('Ctrl Pts',(-1.06581410364015E-14,131.593792888184,
0.859390083595722));
#3300=CARTESIAN_POINT('Ctrl Pts',(-1.06581410364015E-14,132.140672888184,
0.533868271641789));
#3301=CARTESIAN_POINT('Ctrl Pts',(-1.06581410364015E-14,132.671358312935,
0.217986028658749));
#3302=CARTESIAN_POINT('Ctrl Pts',(-1.06581410364015E-14,132.990778444415,
0.00617413523809588));
#3303=CARTESIAN_POINT('Ctrl Pts',(-1.06581410364015E-14,132.999107443807,
0.000621163534867815));
#3304=CARTESIAN_POINT('Ctrl Pts',(-1.06581410364015E-14,133.000032888184,
4.16667895358633E-6));
#3305=CARTESIAN_POINT('',(-10.,133.000032888184,4.16667895297401E-6));
#3306=CARTESIAN_POINT('Origin',(-10.,43.0000028881836,5.00003169832914));
#3307=CARTESIAN_POINT('',(-10.,43.0000028881836,5.00003169832914));
#3308=CARTESIAN_POINT('',(-10.,113.000022888184,5.00004003168751));
#3309=CARTESIAN_POINT('',(-1.77635683940025E-14,43.0000028881836,5.00003169832914));
#3310=CARTESIAN_POINT('',(-10.,43.0000028881836,5.00003169832914));
#3311=CARTESIAN_POINT('',(-1.4210854715202E-14,113.000022888184,5.00004003168751));
#3312=CARTESIAN_POINT('Origin',(-10.,43.0000028881834,-2.20328946466631E-13));
#3313=CARTESIAN_POINT('',(-10.,43.0000028881834,-2.20328946466631E-13));
#3314=CARTESIAN_POINT('',(-10.,43.0000028881834,5.00003169832897));
#3315=CARTESIAN_POINT('',(-1.59872115546023E-14,43.0000028881834,-2.19716624654995E-13));
#3316=CARTESIAN_POINT('',(-10.,43.0000028881834,-2.20328946466631E-13));
#3317=CARTESIAN_POINT('',(-1.77635683940025E-14,43.0000028881834,5.00003169832897));
#3318=CARTESIAN_POINT('Origin',(-10.,133.000032888184,4.16667895297381E-6));
#3319=CARTESIAN_POINT('',(-10.,43.0000028881826,-2.20052546063415E-13));
#3320=CARTESIAN_POINT('',(-1.59872115546023E-14,43.0000028881826,-2.19440224251779E-13));
#3321=CARTESIAN_POINT('Origin',(-10.,133.000032888184,4.16667895297401E-6));
#3322=CARTESIAN_POINT('Origin',(-1.06581410364015E-14,133.000032888184,
4.16667895358633E-6));
#3323=UNCERTAINTY_MEASURE_WITH_UNIT(LENGTH_MEASURE(0.01),#3327,
'DISTANCE_ACCURACY_VALUE',
'Maximum model space distance between geometric entities at asserted c
onnectivities');
#3324=UNCERTAINTY_MEASURE_WITH_UNIT(LENGTH_MEASURE(0.01),#3327,
'DISTANCE_ACCURACY_VALUE',
'Maximum model space distance between geometric entities at asserted c
onnectivities');
#3325=(
GEOMETRIC_REPRESENTATION_CONTEXT(3)
GLOBAL_UNCERTAINTY_ASSIGNED_CONTEXT((#3323))
GLOBAL_UNIT_ASSIGNED_CONTEXT((#3327,#3329,#3330))
REPRESENTATION_CONTEXT('','3D')
);
#3326=(
GEOMETRIC_REPRESENTATION_CONTEXT(3)
GLOBAL_UNCERTAINTY_ASSIGNED_CONTEXT((#3324))
GLOBAL_UNIT_ASSIGNED_CONTEXT((#3327,#3329,#3330))
REPRESENTATION_CONTEXT('','3D')
);
#3327=(
LENGTH_UNIT()
NAMED_UNIT(*)
SI_UNIT(.MILLI.,.METRE.)
);
#3328=(
LENGTH_UNIT()
NAMED_UNIT(*)
SI_UNIT($,.METRE.)
);
#3329=(
NAMED_UNIT(*)
PLANE_ANGLE_UNIT()
SI_UNIT($,.RADIAN.)
);
#3330=(
NAMED_UNIT(*)
SI_UNIT($,.STERADIAN.)
SOLID_ANGLE_UNIT()
);
#3331=SHAPE_DEFINITION_REPRESENTATION(#3332,#3333);
#3332=PRODUCT_DEFINITION_SHAPE('',$,#3335);
#3333=SHAPE_REPRESENTATION('',(#1466),#3325);
#3334=PRODUCT_DEFINITION_CONTEXT('part definition',#3339,'design');
#3335=PRODUCT_DEFINITION('Aether-Dock V0.1.f3d',
'Aether-Dock V0.1.f3d v1',#3336,#3334);
#3336=PRODUCT_DEFINITION_FORMATION('',$,#3341);
#3337=PRODUCT_RELATED_PRODUCT_CATEGORY('Aether-Dock V0.1.f3d v1',
'Aether-Dock V0.1.f3d v1',(#3341));
#3338=APPLICATION_PROTOCOL_DEFINITION('international standard',
'automotive_design',2009,#3339);
#3339=APPLICATION_CONTEXT(
'Core Data for Automotive Mechanical Design Process');
#3340=PRODUCT_CONTEXT('part definition',#3339,'mechanical');
#3341=PRODUCT('Aether-Dock V0.1.f3d','Aether-Dock V0.1.f3d v1',$,(#3340));
#3342=PRESENTATION_STYLE_ASSIGNMENT((#3344));
#3343=PRESENTATION_STYLE_ASSIGNMENT((#3345));
#3344=SURFACE_STYLE_USAGE(.BOTH.,#3346);
#3345=SURFACE_STYLE_USAGE(.BOTH.,#3347);
#3346=SURFACE_SIDE_STYLE('',(#3348));
#3347=SURFACE_SIDE_STYLE('',(#3349));
#3348=SURFACE_STYLE_FILL_AREA(#3350);
#3349=SURFACE_STYLE_FILL_AREA(#3351);
#3350=FILL_AREA_STYLE('Steel - Satin',(#3352));
#3351=FILL_AREA_STYLE('Opaque(233,29,45)',(#3353));
#3352=FILL_AREA_STYLE_COLOUR('Steel - Satin',#3354);
#3353=FILL_AREA_STYLE_COLOUR('Opaque(233,29,45)',#3355);
#3354=COLOUR_RGB('Steel - Satin',0.627450980392157,0.627450980392157,0.627450980392157);
#3355=COLOUR_RGB('Opaque(233,29,45)',0.913725490196078,0.113725490196078,
0.176470588235294);
ENDSEC;
END-ISO-10303-21;
